{"player":0,"street":0,"children":3,"sequence":[{"player":0,"type":"C","amount":5000,"street":0},{"player":1,"type":"R","amount":35000,"street":0}],"actions":[{"type":"F","amount":0},{"type":"C","amount":25000},{"type":"R","amount":200000,"node":3}],"hands":{"22":{"weight":0.0,"played":[0.0,0.0,1.0],"evs":[0.0,0.73456,1.02114]},"32o":{"weight":1.0,"played":[1.0,0.0,0.0],"evs":[0.0,-0.47727,-1.15749]},"42o":{"weight":1.0,"played":[1.0,0.0,0.0],"evs":[0.0,-0.42662,-1.09172]},"52o":{"weight":1.0,"played":[1.0,0.0,0.0],"evs":[0.0,-0.40934,-1.05757]},"62o":{"weight":1.0,"played":[1.0,0.0,0.0],"evs":[0.0,-0.59591,-1.29992]},"72o":{"weight":1.0,"played":[1.0,0.0,0.0],"evs":[0.0,-0.78842,-1.45138]},"82o":{"weight":1.0,"played":[1.0,0.0,0.0],"evs":[0.0,-0.69943,-1.28015]},"92o":{"weight":1.0,"played":[1.0,0.0,0.0],"evs":[0.0,-0.57068,-1.15316]},"T2o":{"weight":1.0,"played":[1.0,0.0,0.0],"evs":[0.0,-0.42479,-0.92358]},"J2o":{"weight":1.0,"played":[1.0,0.0,0.0],"evs":[0.0,-0.21139,-0.55901]},"Q2o":{"weight":1.0,"played":[1.0,0.0,0.0],"evs":[0.0,-0.07896,-0.28634]},"K2o":{"weight":1.0,"played":[0.6716,0.2393,0.089],"evs":[0.0,-0.00453,-0.01009]},"A2o":{"weight":0.1487,"played":[0.0,0.0,1.0],"evs":[0.0,1.8828,2.08309]},"32s":{"weight":0.709,"played":[1.0E-4,0.9999,0.0],"evs":[0.0,0.0767,-0.46376]},"33":{"weight":0.0,"played":[0.0,0.0,1.0],"evs":[0.0,0.92137,1.12543]},"43o":{"weight":0.9954,"played":[1.0,0.0,0.0],"evs":[0.0,-0.21673,-0.8244]},"53o":{"weight":0.9514,"played":[1.0,0.0,0.0],"evs":[0.0,-0.18218,-0.80388]},"63o":{"weight":1.0,"played":[1.0,0.0,0.0],"evs":[0.0,-0.38117,-1.02606]},"73o":{"weight":1.0,"played":[1.0,0.0,0.0],"evs":[0.0,-0.57825,-1.17065]},"83o":{"weight":1.0,"played":[1.0,0.0,0.0],"evs":[0.0,-0.69202,-1.28183]},"93o":{"weight":1.0,"played":[1.0,0.0,0.0],"evs":[0.0,-0.53671,-1.0902]},"T3o":{"weight":0.9722,"played":[1.0,0.0,0.0],"evs":[0.0,-0.38553,-0.85944]},"J3o":{"weight":0.9979,"played":[1.0,0.0,0.0],"evs":[0.0,-0.17834,-0.51841]},"Q3o":{"weight":0.9999,"played":[1.0,0.0,0.0],"evs":[0.0,-0.04835,-0.22658]},"K3o":{"weight":0.8382,"played":[0.0,0.9086,0.0914],"evs":[0.0,0.04633,0.03895]},"A3o":{"weight":0.0,"played":[0.0,0.0,1.0],"evs":[0.0,1.98227,2.10421]},"42s":{"weight":0.76,"played":[2.0E-4,0.9998,0.0],"evs":[0.0,0.13657,-0.41503]},"43s":{"weight":0.8889,"played":[0.0,1.0,0.0],"evs":[0.0,0.36474,-0.15668]},"44":{"weight":0.6364,"played":[0.0,0.0,1.0],"evs":[0.0,1.12917,1.19367]},"54o":{"weight":0.7398,"played":[0.5077,0.4923,0.0],"evs":[0.0,0.00111,-0.55949]},"64o":{"weight":0.9867,"played":[1.0,0.0,0.0],"evs":[0.0,-0.16458,-0.77492]},"74o":{"weight":1.0,"played":[1.0,0.0,0.0],"evs":[0.0,-0.37737,-0.90188]},"84o":{"weight":1.0,"played":[1.0,0.0,0.0],"evs":[0.0,-0.50131,-1.01545]},"94o":{"weight":1.0,"played":[1.0,0.0,0.0],"evs":[0.0,-0.53815,-1.10094]},"T4o":{"weight":0.9876,"played":[1.0,0.0,0.0],"evs":[0.0,-0.37316,-0.8054]},"J4o":{"weight":0.8386,"played":[1.0,0.0,0.0],"evs":[0.0,-0.16516,-0.46238]},"Q4o":{"weight":0.7895,"played":[0.9996,4.0E-4,0.0],"evs":[0.0,-0.02702,-0.1711]},"K4o":{"weight":0.7912,"played":[0.0,0.9916,0.0084],"evs":[0.0,0.0898,0.07834]},"A4o":{"weight":0.0,"played":[0.0,0.0,1.0],"evs":[0.0,2.0796,2.15288]},"52s":{"weight":0.9672,"played":[1.0E-4,0.9999,0.0],"evs":[0.0,0.16802,-0.39905]},"53s":{"weight":0.9105,"played":[0.0,1.0,0.0],"evs":[0.0,0.43246,-0.10638]},"54s":{"weight":0.9983,"played":[0.0,1.0,0.0],"evs":[0.0,0.61743,0.10877]},"55":{"weight":0.5846,"played":[0.0,0.9999,1.0E-4],"evs":[0.0,1.36243,1.30105]},"65o":{"weight":0.7232,"played":[0.79,0.21,0.0],"evs":[0.0,-0.00566,-0.58785]},"75o":{"weight":0.9227,"played":[1.0,0.0,0.0],"evs":[0.0,-0.17639,-0.69852]},"85o":{"weight":0.9619,"played":[1.0,0.0,0.0],"evs":[0.0,-0.31644,-0.786]},"95o":{"weight":0.9998,"played":[1.0,0.0,0.0],"evs":[0.0,-0.37663,-0.87786]},"T5o":{"weight":0.9189,"played":[1.0,0.0,0.0],"evs":[0.0,-0.36426,-0.8492]},"J5o":{"weight":0.7907,"played":[1.0,0.0,0.0],"evs":[0.0,-0.14326,-0.43427]},"Q5o":{"weight":0.7078,"played":[0.9998,2.0E-4,0.0],"evs":[0.0,-0.0138,-0.15607]},"K5o":{"weight":0.7534,"played":[0.0,1.0,0.0],"evs":[0.0,0.13479,0.11405]},"A5o":{"weight":0.445,"played":[0.0,0.0089,0.9911],"evs":[0.0,2.19309,2.23145]},"62s":{"weight":0.3685,"played":[0.9991,9.0E-4,0.0],"evs":[0.0,-0.02017,-0.60645]},"63s":{"weight":0.9833,"played":[0.0,1.0,0.0],"evs":[0.0,0.1997,-0.34761]},"64s":{"weight":0.6674,"played":[0.0,1.0,0.0],"evs":[0.0,0.43383,-0.11118]},"65s":{"weight":0.99,"played":[0.0,1.0,0.0],"evs":[0.0,0.61333,0.08869]},"66":{"weight":0.9566,"played":[0.0,1.0,0.0],"evs":[0.0,1.60638,1.44667]},"76o":{"weight":0.9792,"played":[0.2513,0.7487,0.0],"evs":[0.0,1.0E-5,-0.46772]},"86o":{"weight":0.7807,"played":[1.0,0.0,0.0],"evs":[0.0,-0.10891,-0.53946]},"96o":{"weight":0.8921,"played":[1.0,0.0,0.0],"evs":[0.0,-0.15663,-0.61071]},"T6o":{"weight":0.7141,"played":[1.0,0.0,0.0],"evs":[0.0,-0.17798,-0.58974]},"J6o":{"weight":0.816,"played":[1.0,0.0,0.0],"evs":[0.0,-0.09773,-0.41524]},"Q6o":{"weight":0.8013,"played":[0.0,1.0,0.0],"evs":[0.0,0.01958,-0.08827]},"K6o":{"weight":0.7772,"played":[0.0,0.3238,0.6762],"evs":[0.0,0.18231,0.18467]},"A6o":{"weight":0.373,"played":[0.0,0.0,1.0],"evs":[0.0,1.9871,2.10431]},"72s":{"weight":0.9999,"played":[1.0,0.0,0.0],"evs":[0.0,-0.22442,-0.74829]},"73s":{"weight":0.2978,"played":[0.2151,0.7849,0.0],"evs":[0.0,6.4E-4,-0.47351]},"74s":{"weight":0.8223,"played":[0.0,1.0,0.0],"evs":[0.0,0.22938,-0.23891]},"75s":{"weight":0.8747,"played":[0.0,1.0,0.0],"evs":[0.0,0.4344,-0.03204]},"76s":{"weight":0.566,"played":[0.0,1.0,0.0],"evs":[0.0,0.60748,0.16653]},"77":{"weight":0.9243,"played":[0.0,1.0,0.0],"evs":[0.0,1.96365,1.78738]},"87o":{"weight":0.8789,"played":[0.094,0.906,0.0],"evs":[0.0,0.00604,-0.34981]},"97o":{"weight":0.7537,"played":[0.4858,0.5142,0.0],"evs":[0.0,-0.00101,-0.39851]},"T7o":{"weight":0.6416,"played":[0.822,0.178,0.0],"evs":[0.0,-3.1E-4,-0.35221]},"J7o":{"weight":0.5986,"played":[0.1054,0.8946,0.0],"evs":[0.0,0.00323,-0.18908]},"Q7o":{"weight":0.76,"played":[0.0,1.0,0.0],"evs":[0.0,0.0309,-0.06655]},"K7o":{"weight":0.769,"played":[0.0,0.5946,0.4054],"evs":[0.0,0.25137,0.24935]},"A7o":{"weight":0.5837,"played":[0.0,0.0,1.0],"evs":[0.0,2.19659,2.30796]},"82s":{"weight":0.4301,"played":[1.0,0.0,0.0],"evs":[0.0,-0.12604,-0.57024]},"83s":{"weight":0.5128,"played":[1.0,0.0,0.0],"evs":[0.0,-0.0986,-0.56102]},"84s":{"weight":0.7965,"played":[2.0E-4,0.9998,0.0],"evs":[0.0,0.10676,-0.31151]},"85s":{"weight":0.8919,"played":[0.0,1.0,0.0],"evs":[0.0,0.28432,-0.11191]},"86s":{"weight":1.0,"played":[0.0,1.0,0.0],"evs":[0.0,0.51636,0.1254]},"87s":{"weight":0.1373,"played":[0.0,1.0,0.0],"evs":[0.0,0.65985,0.32402]},"88":{"weight":0.8082,"played":[0.0,1.0,0.0],"evs":[0.0,2.67051,2.48088]},"98o":{"weight":0.8552,"played":[0.0,1.0,0.0],"evs":[0.0,0.19274,-0.0671]},"T8o":{"weight":0.791,"played":[0.0,1.0,0.0],"evs":[0.0,0.23212,-0.03616]},"J8o":{"weight":0.821,"played":[0.0,1.0,0.0],"evs":[0.0,0.2521,0.15548]},"Q8o":{"weight":0.8015,"played":[0.0,0.8967,0.1033],"evs":[0.0,0.26849,0.26437]},"K8o":{"weight":0.859,"played":[0.0,1.0,0.0],"evs":[0.0,0.4744,0.40442]},"A8o":{"weight":0.7369,"played":[0.0,0.0,1.0],"evs":[0.0,2.3908,2.52279]},"92s":{"weight":0.7206,"played":[2.0E-4,0.9998,0.0],"evs":[0.0,0.02842,-0.41633]},"93s":{"weight":0.5235,"played":[0.0021,0.9979,0.0],"evs":[0.0,0.06081,-0.37676]},"94s":{"weight":0.244,"played":[0.0029,0.9971,0.0],"evs":[0.0,0.05148,-0.40681]},"95s":{"weight":0.8769,"played":[0.0,1.0,0.0],"evs":[0.0,0.23022,-0.19729]},"96s":{"weight":0.9081,"played":[0.0,1.0,0.0],"evs":[0.0,0.45634,0.06014]},"97s":{"weight":0.5806,"played":[0.0,1.0,0.0],"evs":[0.0,0.63007,0.25928]},"98s":{"weight":0.6764,"played":[0.0,1.0,0.0],"evs":[0.0,0.83968,0.57784]},"99":{"weight":0.9227,"played":[0.0,1.0,0.0],"evs":[0.0,3.67879,3.31635]},"T9o":{"weight":0.8519,"played":[0.0,1.0,0.0],"evs":[0.0,0.63162,0.38811]},"J9o":{"weight":0.8357,"played":[0.0,1.0,0.0],"evs":[0.0,0.64371,0.50727]},"Q9o":{"weight":0.8372,"played":[0.0,1.0,0.0],"evs":[0.0,0.70779,0.6323]},"K9o":{"weight":0.9698,"played":[0.0,1.0,0.0],"evs":[0.0,1.06845,0.76748]},"A9o":{"weight":0.7803,"played":[0.0,0.0,1.0],"evs":[0.0,2.59676,2.7641]},"T2s":{"weight":1.0,"played":[0.0,1.0,0.0],"evs":[0.0,0.15186,-0.24049]},"T3s":{"weight":1.0,"played":[0.0,1.0,0.0],"evs":[0.0,0.22325,-0.16743]},"T4s":{"weight":0.8817,"played":[0.0,1.0,0.0],"evs":[0.0,0.22262,-0.13885]},"T5s":{"weight":0.7441,"played":[0.0,1.0,0.0],"evs":[0.0,0.25348,-0.15515]},"T6s":{"weight":0.6981,"played":[0.0,1.0,0.0],"evs":[0.0,0.45928,0.08461]},"T7s":{"weight":0.9889,"played":[0.0,1.0,0.0],"evs":[0.0,0.65493,0.30583]},"T8s":{"weight":0.9025,"played":[0.0,1.0,0.0],"evs":[0.0,0.88681,0.58207]},"T9s":{"weight":0.495,"played":[0.0,1.0,0.0],"evs":[0.0,1.28784,0.98591]},"TT":{"weight":0.8543,"played":[0.0,1.0,0.0],"evs":[0.0,4.97629,4.4469]},"JTo":{"weight":0.7994,"played":[0.0,1.0,0.0],"evs":[0.0,1.15487,0.90707]},"QTo":{"weight":0.7311,"played":[0.0,1.0,0.0],"evs":[0.0,1.30142,1.02628]},"KTo":{"weight":0.625,"played":[0.0,1.0,0.0],"evs":[0.0,1.9145,1.62832]},"ATo":{"weight":1.0,"played":[0.0,0.0,1.0],"evs":[0.0,3.09845,3.49088]},"J2s":{"weight":1.0,"played":[0.0,1.0,0.0],"evs":[0.0,0.38133,0.12492]},"J3s":{"weight":1.0,"played":[0.0,1.0,0.0],"evs":[0.0,0.43907,0.18716]},"J4s":{"weight":0.9281,"played":[0.0,1.0,0.0],"evs":[0.0,0.45198,0.21329]},"J5s":{"weight":0.8932,"played":[0.0,1.0,0.0],"evs":[0.0,0.47525,0.24429]},"J6s":{"weight":0.9981,"played":[0.0,1.0,0.0],"evs":[0.0,0.53279,0.27304]},"J7s":{"weight":0.9959,"played":[0.0,1.0,0.0],"evs":[0.0,0.65902,0.49123]},"J8s":{"weight":0.7343,"played":[0.0,1.0,0.0],"evs":[0.0,0.90814,0.77964]},"J9s":{"weight":0.8913,"played":[0.0,1.0,0.0],"evs":[0.0,1.31843,1.12222]},"JTs":{"weight":0.7528,"played":[0.0,1.0,0.0],"evs":[0.0,1.83149,1.51076]},"JJ":{"weight":0.7232,"played":[0.0,1.0,0.0],"evs":[0.0,6.38988,5.64315]},"QJo":{"weight":0.4198,"played":[0.0,1.0,0.0],"evs":[0.0,1.6298,1.40752]},"KJo":{"weight":0.802,"played":[0.0,1.0,0.0],"evs":[0.0,2.54283,2.47571]},"AJo":{"weight":1.0,"played":[0.0,0.0,1.0],"evs":[0.0,3.30265,3.71764]},"Q2s":{"weight":1.0,"played":[0.0,1.0,0.0],"evs":[0.0,0.55884,0.40946]},"Q3s":{"weight":1.0,"played":[0.0,1.0,0.0],"evs":[0.0,0.57705,0.44317]},"Q4s":{"weight":0.9985,"played":[0.0,1.0,0.0],"evs":[0.0,0.64547,0.51945]},"Q5s":{"weight":0.6151,"played":[0.0,1.0,0.0],"evs":[0.0,0.64202,0.5297]},"Q6s":{"weight":0.8702,"played":[0.0,1.0,0.0],"evs":[0.0,0.68024,0.57616]},"Q7s":{"weight":0.9286,"played":[0.0,1.0,0.0],"evs":[0.0,0.7006,0.60013]},"Q8s":{"weight":0.7534,"played":[0.0,1.0,0.0],"evs":[0.0,0.98758,0.91965]},"Q9s":{"weight":0.9997,"played":[0.0,1.0,0.0],"evs":[0.0,1.43213,1.27423]},"QTs":{"weight":1.0,"played":[0.0,1.0,0.0],"evs":[0.0,2.00946,1.62107]},"QJs":{"weight":0.9965,"played":[0.0,1.0,0.0],"evs":[0.0,2.31896,1.97404]},"QQ":{"weight":0.6139,"played":[0.0,1.0,0.0],"evs":[0.0,8.02745,6.83154]},"KQo":{"weight":0.7447,"played":[0.0,0.1905,0.8095],"evs":[0.0,3.30953,3.31093]},"AQo":{"weight":0.9117,"played":[0.0,0.0,1.0],"evs":[0.0,3.74177,4.11317]},"K2s":{"weight":1.0,"played":[0.0,0.9987,0.0013],"evs":[0.0,0.68107,0.66675]},"K3s":{"weight":1.0,"played":[0.0,0.9182,0.0818],"evs":[0.0,0.74918,0.72131]},"K4s":{"weight":0.9628,"played":[0.0,0.9995,5.0E-4],"evs":[0.0,0.8067,0.77226]},"K5s":{"weight":0.414,"played":[0.0,1.0,0.0],"evs":[0.0,0.85871,0.78642]},"K6s":{"weight":0.4207,"played":[0.0,1.0,0.0],"evs":[0.0,0.92649,0.85775]},"K7s":{"weight":0.9998,"played":[0.0,1.0,0.0],"evs":[0.0,1.00504,0.91259]},"K8s":{"weight":0.9899,"played":[0.0,1.0,0.0],"evs":[0.0,1.2551,1.05539]},"K9s":{"weight":0.7285,"played":[0.0,1.0,0.0],"evs":[0.0,1.82283,1.37496]},"KTs":{"weight":1.0,"played":[0.0,1.0,0.0],"evs":[0.0,2.65817,2.19355]},"KJs":{"weight":1.0,"played":[0.0,1.0,0.0],"evs":[0.0,3.25132,2.97705]},"KQs":{"weight":0.9994,"played":[0.0,1.0,0.0],"evs":[0.0,3.95649,3.76286]},"KK":{"weight":0.3239,"played":[0.0,1.0,0.0],"evs":[0.0,10.46905,8.27979]},"AKo":{"weight":0.907,"played":[0.0,0.0,1.0],"evs":[0.0,4.39152,4.78301]},"A2s":{"weight":1.0,"played":[0.0,0.0,1.0],"evs":[0.0,2.55203,2.63466]},"A3s":{"weight":0.7257,"played":[0.0,0.2385,0.7615],"evs":[0.0,2.67229,2.67985]},"A4s":{"weight":1.0,"played":[0.0,0.9994,6.0E-4],"evs":[0.0,2.77124,2.74273]},"A5s":{"weight":0.9997,"played":[0.0,1.0,0.0],"evs":[0.0,2.86315,2.78018]},"A6s":{"weight":0.9953,"played":[0.0,0.8942,0.1058],"evs":[0.0,2.67876,2.66817]},"A7s":{"weight":0.7605,"played":[0.0,0.8625,0.1375],"evs":[0.0,2.87085,2.8629]},"A8s":{"weight":0.5465,"played":[0.0,0.996,0.004],"evs":[0.0,3.05685,3.04208]},"A9s":{"weight":0.1318,"played":[0.0,0.0059,0.9941],"evs":[0.0,3.2636,3.28331]},"ATs":{"weight":0.6313,"played":[0.0,0.0,1.0],"evs":[0.0,3.74941,3.95361]},"AJs":{"weight":0.3799,"played":[0.0,0.0,1.0],"evs":[0.0,3.9475,4.14609]},"AQs":{"weight":0.0015,"played":[0.0,0.0,1.0],"evs":[0.0,4.36058,4.5529]},"AKs":{"weight":0.0036,"played":[0.0,0.0,1.0],"evs":[0.0,4.94843,5.11552]},"AA":{"weight":0.1518,"played":[0.0,1.0,0.0],"evs":[0.0,11.42254,9.3822]}}}