{"player":0,"street":0,"children":3,"sequence":[{"player":0,"type":"C","amount":5000,"street":0},{"player":1,"type":"R","amount":40000,"street":0}],"actions":[{"type":"F","amount":0},{"type":"C","amount":30000},{"type":"R","amount":200000,"node":3}],"hands":{"22":{"weight":0.0,"played":[0.0,0.0,1.0],"evs":[0.0,0.63964,0.97741]},"32o":{"weight":1.0,"played":[1.0,0.0,0.0],"evs":[0.0,-0.58942,-1.44191]},"42o":{"weight":1.0,"played":[1.0,0.0,0.0],"evs":[0.0,-0.5283,-1.33337]},"52o":{"weight":1.0,"played":[1.0,0.0,0.0],"evs":[0.0,-0.51949,-1.33218]},"62o":{"weight":1.0,"played":[1.0,0.0,0.0],"evs":[0.0,-0.69439,-1.51059]},"72o":{"weight":1.0,"played":[1.0,0.0,0.0],"evs":[0.0,-0.86469,-1.68603]},"82o":{"weight":1.0,"played":[1.0,0.0,0.0],"evs":[0.0,-0.824,-1.52433]},"92o":{"weight":1.0,"played":[1.0,0.0,0.0],"evs":[0.0,-0.64834,-1.37158]},"T2o":{"weight":1.0,"played":[1.0,0.0,0.0],"evs":[0.0,-0.50466,-1.13012]},"J2o":{"weight":1.0,"played":[1.0,0.0,0.0],"evs":[0.0,-0.31504,-0.79256]},"Q2o":{"weight":1.0,"played":[1.0,0.0,0.0],"evs":[0.0,-0.15034,-0.47882]},"K2o":{"weight":1.0,"played":[1.0,0.0,0.0],"evs":[0.0,-0.03526,-0.17163]},"A2o":{"weight":0.311,"played":[0.0,0.0,1.0],"evs":[0.0,1.79814,1.92048]},"32s":{"weight":0.4807,"played":[0.9999,1.0E-4,0.0],"evs":[0.0,-0.02235,-0.68963]},"33":{"weight":0.0,"played":[0.0,0.0,1.0],"evs":[0.0,0.87809,1.10615]},"43o":{"weight":1.0,"played":[1.0,0.0,0.0],"evs":[0.0,-0.2962,-1.0339]},"53o":{"weight":1.0,"played":[1.0,0.0,0.0],"evs":[0.0,-0.26785,-1.03289]},"63o":{"weight":1.0,"played":[1.0,0.0,0.0],"evs":[0.0,-0.44417,-1.19703]},"73o":{"weight":1.0,"played":[1.0,0.0,0.0],"evs":[0.0,-0.63871,-1.36314]},"83o":{"weight":1.0,"played":[1.0,0.0,0.0],"evs":[0.0,-0.80614,-1.49973]},"93o":{"weight":1.0,"played":[1.0,0.0,0.0],"evs":[0.0,-0.61936,-1.28208]},"T3o":{"weight":1.0,"played":[1.0,0.0,0.0],"evs":[0.0,-0.49093,-1.05014]},"J3o":{"weight":1.0,"played":[1.0,0.0,0.0],"evs":[0.0,-0.27662,-0.69825]},"Q3o":{"weight":1.0,"played":[1.0,0.0,0.0],"evs":[0.0,-0.10587,-0.39386]},"K3o":{"weight":0.9997,"played":[0.5329,0.4671,0.0],"evs":[0.0,-3.6E-4,-0.08968]},"A3o":{"weight":0.0,"played":[0.0,0.0,1.0],"evs":[0.0,1.89484,1.97717]},"42s":{"weight":0.5482,"played":[0.001,0.999,0.0],"evs":[0.0,0.04101,-0.59539]},"43s":{"weight":0.9997,"played":[0.0,1.0,0.0],"evs":[0.0,0.27988,-0.31878]},"44":{"weight":0.4659,"played":[0.0,0.0,1.0],"evs":[0.0,1.12077,1.24732]},"54o":{"weight":0.871,"played":[1.0,0.0,0.0],"evs":[0.0,-0.03994,-0.73324]},"64o":{"weight":0.9457,"played":[1.0,0.0,0.0],"evs":[0.0,-0.19593,-0.88885]},"74o":{"weight":1.0,"played":[1.0,0.0,0.0],"evs":[0.0,-0.3998,-1.0452]},"84o":{"weight":1.0,"played":[1.0,0.0,0.0],"evs":[0.0,-0.57883,-1.17342]},"94o":{"weight":1.0,"played":[1.0,0.0,0.0],"evs":[0.0,-0.59205,-1.24882]},"T4o":{"weight":1.0,"played":[1.0,0.0,0.0],"evs":[0.0,-0.45005,-0.9491]},"J4o":{"weight":0.9627,"played":[1.0,0.0,0.0],"evs":[0.0,-0.25352,-0.60856]},"Q4o":{"weight":0.8444,"played":[1.0,0.0,0.0],"evs":[0.0,-0.09022,-0.30135]},"K4o":{"weight":0.827,"played":[0.0,1.0,0.0],"evs":[0.0,0.0313,-4.3E-4]},"A4o":{"weight":0.0,"played":[0.0,0.0,1.0],"evs":[0.0,1.95993,2.03383]},"52s":{"weight":0.816,"played":[1.0E-4,0.9999,0.0],"evs":[0.0,0.04293,-0.59727]},"53s":{"weight":1.0,"played":[0.0,1.0,0.0],"evs":[0.0,0.31286,-0.29843]},"54s":{"weight":1.0,"played":[0.0,1.0,0.0],"evs":[0.0,0.54672,-0.02807]},"55":{"weight":0.7485,"played":[0.0,1.0,0.0],"evs":[0.0,1.3568,1.3164]},"65o":{"weight":0.7365,"played":[1.0,0.0,0.0],"evs":[0.0,-0.06239,-0.71036]},"75o":{"weight":0.9291,"played":[1.0,0.0,0.0],"evs":[0.0,-0.23343,-0.84222]},"85o":{"weight":0.98,"played":[1.0,0.0,0.0],"evs":[0.0,-0.43521,-0.96919]},"95o":{"weight":0.9999,"played":[1.0,0.0,0.0],"evs":[0.0,-0.47275,-1.03903]},"T5o":{"weight":0.9983,"played":[1.0,0.0,0.0],"evs":[0.0,-0.49466,-1.01013]},"J5o":{"weight":0.7944,"played":[1.0,0.0,0.0],"evs":[0.0,-0.27731,-0.61418]},"Q5o":{"weight":0.6787,"played":[1.0,0.0,0.0],"evs":[0.0,-0.10115,-0.30313]},"K5o":{"weight":0.604,"played":[0.0,1.0,0.0],"evs":[0.0,0.04873,7.9E-4]},"A5o":{"weight":0.5993,"played":[0.0,0.263,0.737],"evs":[0.0,2.08975,2.09102]},"62s":{"weight":0.8588,"played":[1.0,0.0,0.0],"evs":[0.0,-0.13033,-0.76053]},"63s":{"weight":0.6046,"played":[0.0,1.0,0.0],"evs":[0.0,0.12857,-0.46584]},"64s":{"weight":1.0,"played":[0.0,1.0,0.0],"evs":[0.0,0.38511,-0.181]},"65s":{"weight":1.0,"played":[0.0,1.0,0.0],"evs":[0.0,0.53086,0.00286]},"66":{"weight":0.9418,"played":[0.0,1.0,0.0],"evs":[0.0,1.71904,1.59673]},"76o":{"weight":0.91,"played":[0.6317,0.3683,0.0],"evs":[0.0,-0.00107,-0.53755]},"86o":{"weight":0.8932,"played":[1.0,0.0,0.0],"evs":[0.0,-0.17234,-0.65218]},"96o":{"weight":0.8481,"played":[1.0,0.0,0.0],"evs":[0.0,-0.2021,-0.7092]},"T6o":{"weight":0.7681,"played":[1.0,0.0,0.0],"evs":[0.0,-0.2472,-0.68074]},"J6o":{"weight":0.6979,"played":[1.0,0.0,0.0],"evs":[0.0,-0.16941,-0.53863]},"Q6o":{"weight":0.6417,"played":[0.9955,0.0045,0.0],"evs":[0.0,-0.00292,-0.18297]},"K6o":{"weight":0.6105,"played":[0.0,0.6804,0.3196],"evs":[0.0,0.13628,0.13527]},"A6o":{"weight":0.4579,"played":[0.0,0.0,1.0],"evs":[0.0,1.92128,1.99637]},"72s":{"weight":1.0,"played":[1.0,0.0,0.0],"evs":[0.0,-0.29767,-0.91862]},"73s":{"weight":0.2736,"played":[1.0,0.0,0.0],"evs":[0.0,-0.07745,-0.63512]},"74s":{"weight":0.7736,"played":[0.0,1.0,0.0],"evs":[0.0,0.18141,-0.32675]},"75s":{"weight":1.0,"played":[0.0,1.0,0.0],"evs":[0.0,0.35744,-0.13349]},"76s":{"weight":1.0,"played":[0.0,1.0,0.0],"evs":[0.0,0.59714,0.14919]},"77":{"weight":0.8099,"played":[0.0,1.0,0.0],"evs":[0.0,2.14176,2.05979]},"87o":{"weight":0.946,"played":[0.4657,0.5343,0.0],"evs":[0.0,0.00104,-0.42351]},"97o":{"weight":0.8252,"played":[0.9943,0.0057,0.0],"evs":[0.0,-0.00132,-0.46155]},"T7o":{"weight":0.7719,"played":[1.0,0.0,0.0],"evs":[0.0,-0.05054,-0.4107]},"J7o":{"weight":0.6333,"played":[0.9813,0.0187,0.0],"evs":[0.0,-0.00882,-0.28]},"Q7o":{"weight":0.7025,"played":[0.049,0.951,0.0],"evs":[0.0,0.00215,-0.15776]},"K7o":{"weight":0.759,"played":[0.0,0.3479,0.6521],"evs":[0.0,0.21653,0.21778]},"A7o":{"weight":0.8306,"played":[0.0,0.0,1.0],"evs":[0.0,2.08407,2.1698]},"82s":{"weight":0.7141,"played":[1.0,0.0,0.0],"evs":[0.0,-0.25014,-0.76605]},"83s":{"weight":0.9662,"played":[1.0,0.0,0.0],"evs":[0.0,-0.22502,-0.73764]},"84s":{"weight":0.0021,"played":[0.0126,0.9874,0.0],"evs":[0.0,0.00832,-0.44473]},"85s":{"weight":0.9888,"played":[0.0,1.0,0.0],"evs":[0.0,0.16535,-0.24695]},"86s":{"weight":1.0,"played":[0.0,1.0,0.0],"evs":[0.0,0.4455,0.0611]},"87s":{"weight":0.2827,"played":[0.0,1.0,0.0],"evs":[0.0,0.61549,0.26956]},"88":{"weight":0.7126,"played":[0.0,1.0,0.0],"evs":[0.0,2.86561,2.74129]},"98o":{"weight":0.9574,"played":[0.0,1.0,0.0],"evs":[0.0,0.11584,-0.12516]},"T8o":{"weight":0.7255,"played":[0.0,1.0,0.0],"evs":[0.0,0.1154,-0.09835]},"J8o":{"weight":0.7281,"played":[0.0,1.0,0.0],"evs":[0.0,0.15653,0.06316]},"Q8o":{"weight":0.7988,"played":[0.0,0.971,0.029],"evs":[0.0,0.18997,0.16926]},"K8o":{"weight":0.6917,"played":[0.0,1.0,0.0],"evs":[0.0,0.38336,0.35281]},"A8o":{"weight":0.85,"played":[0.0,0.0,1.0],"evs":[0.0,2.2277,2.3655]},"92s":{"weight":0.9448,"played":[1.0,0.0,0.0],"evs":[0.0,-0.07429,-0.61134]},"93s":{"weight":9.0E-4,"played":[0.9997,3.0E-4,0.0],"evs":[0.0,-0.04306,-0.53764]},"94s":{"weight":0.571,"played":[0.945,0.055,0.0],"evs":[0.0,-0.01142,-0.5007]},"95s":{"weight":0.6452,"played":[0.0,1.0,0.0],"evs":[0.0,0.11815,-0.30955]},"96s":{"weight":1.0,"played":[0.0,1.0,0.0],"evs":[0.0,0.40798,0.00456]},"97s":{"weight":0.8787,"played":[0.0,1.0,0.0],"evs":[0.0,0.60326,0.23325]},"98s":{"weight":0.5469,"played":[0.0,1.0,0.0],"evs":[0.0,0.75312,0.56564]},"99":{"weight":0.8904,"played":[0.0,1.0,0.0],"evs":[0.0,3.88447,3.63634]},"T9o":{"weight":0.9796,"played":[0.0,1.0,0.0],"evs":[0.0,0.48061,0.3231]},"J9o":{"weight":0.8135,"played":[0.0,1.0,0.0],"evs":[0.0,0.53798,0.4394]},"Q9o":{"weight":0.8344,"played":[0.0,0.9999,1.0E-4],"evs":[0.0,0.58783,0.55938]},"K9o":{"weight":0.9328,"played":[0.0,1.0,0.0],"evs":[0.0,0.87522,0.72179]},"A9o":{"weight":0.9252,"played":[0.0,0.0,1.0],"evs":[0.0,2.4568,2.69599]},"T2s":{"weight":0.8258,"played":[0.0,1.0,0.0],"evs":[0.0,0.07536,-0.37934]},"T3s":{"weight":0.7489,"played":[0.0,1.0,0.0],"evs":[0.0,0.09399,-0.30557]},"T4s":{"weight":0.8051,"played":[0.0,1.0,0.0],"evs":[0.0,0.14705,-0.21163]},"T5s":{"weight":0.4493,"played":[0.0,1.0,0.0],"evs":[0.0,0.10237,-0.27034]},"T6s":{"weight":1.0,"played":[0.0,1.0,0.0],"evs":[0.0,0.36101,0.03212]},"T7s":{"weight":0.9812,"played":[0.0,1.0,0.0],"evs":[0.0,0.58636,0.29126]},"T8s":{"weight":0.9968,"played":[0.0,1.0,0.0],"evs":[0.0,0.75561,0.59657]},"T9s":{"weight":0.4162,"played":[0.0,1.0,0.0],"evs":[0.0,1.12289,0.98685]},"TT":{"weight":0.8319,"played":[0.0,1.0,0.0],"evs":[0.0,5.15234,4.86798]},"JTo":{"weight":0.7838,"played":[0.0,1.0,0.0],"evs":[0.0,0.97369,0.85913]},"QTo":{"weight":0.7692,"played":[0.0,1.0,0.0],"evs":[0.0,1.08961,1.00669]},"KTo":{"weight":0.6675,"played":[0.0,1.0,0.0],"evs":[0.0,1.65793,1.54943]},"ATo":{"weight":1.0,"played":[0.0,0.0,1.0],"evs":[0.0,3.07529,3.59839]},"J2s":{"weight":1.0,"played":[0.0,1.0,0.0],"evs":[0.0,0.26763,-0.05559]},"J3s":{"weight":0.9999,"played":[0.0,1.0,0.0],"evs":[0.0,0.31985,0.03948]},"J4s":{"weight":0.9967,"played":[0.0,1.0,0.0],"evs":[0.0,0.35091,0.12419]},"J5s":{"weight":0.8839,"played":[0.0,1.0,0.0],"evs":[0.0,0.33755,0.11717]},"J6s":{"weight":1.0,"played":[0.0,1.0,0.0],"evs":[0.0,0.43939,0.18034]},"J7s":{"weight":1.0,"played":[0.0,1.0,0.0],"evs":[0.0,0.62432,0.43198]},"J8s":{"weight":0.9989,"played":[0.0,1.0,0.0],"evs":[0.0,0.80989,0.74687]},"J9s":{"weight":0.9616,"played":[0.0,1.0,0.0],"evs":[0.0,1.19045,1.10737]},"JTs":{"weight":0.609,"played":[0.0,1.0,0.0],"evs":[0.0,1.63211,1.48563]},"JJ":{"weight":0.9263,"played":[0.0,1.0,0.0],"evs":[0.0,6.53761,6.0742]},"QJo":{"weight":0.4524,"played":[0.0,0.9635,0.0365],"evs":[0.0,1.42129,1.41206]},"KJo":{"weight":0.7246,"played":[0.0,0.6176,0.3824],"evs":[0.0,2.29985,2.30035]},"AJo":{"weight":1.0,"played":[0.0,0.0,1.0],"evs":[0.0,3.40297,3.94865]},"Q2s":{"weight":1.0,"played":[0.0,1.0,0.0],"evs":[0.0,0.46397,0.2604]},"Q3s":{"weight":1.0,"played":[0.0,1.0,0.0],"evs":[0.0,0.5095,0.33271]},"Q4s":{"weight":1.0,"played":[0.0,1.0,0.0],"evs":[0.0,0.54303,0.42]},"Q5s":{"weight":1.0,"played":[0.0,1.0,0.0],"evs":[0.0,0.53944,0.41978]},"Q6s":{"weight":1.0,"played":[0.0,1.0,0.0],"evs":[0.0,0.65191,0.53252]},"Q7s":{"weight":1.0,"played":[0.0,1.0,0.0],"evs":[0.0,0.65459,0.548]},"Q8s":{"weight":0.9983,"played":[0.0,0.8917,0.1083],"evs":[0.0,0.86894,0.8553]},"Q9s":{"weight":0.9836,"played":[0.0,1.0,0.0],"evs":[0.0,1.28164,1.22762]},"QTs":{"weight":0.9651,"played":[0.0,1.0,0.0],"evs":[0.0,1.7887,1.63628]},"QJs":{"weight":0.9874,"played":[0.0,1.0,0.0],"evs":[0.0,2.12399,2.02654]},"QQ":{"weight":0.8121,"played":[0.0,1.0,0.0],"evs":[0.0,8.2066,7.30196]},"KQo":{"weight":0.8632,"played":[0.0,0.0,1.0],"evs":[0.0,3.14438,3.24943]},"AQo":{"weight":0.8244,"played":[0.0,0.0,1.0],"evs":[0.0,3.85322,4.51044]},"K2s":{"weight":1.0,"played":[0.0,0.9999,1.0E-4],"evs":[0.0,0.61396,0.56089]},"K3s":{"weight":1.0,"played":[0.0,0.9998,2.0E-4],"evs":[0.0,0.67582,0.63535]},"K4s":{"weight":1.0,"played":[0.0,0.6257,0.3743],"evs":[0.0,0.71144,0.71301]},"K5s":{"weight":1.0,"played":[0.0,1.0,0.0],"evs":[0.0,0.75305,0.71676]},"K6s":{"weight":0.9998,"played":[0.0,0.9967,0.0033],"evs":[0.0,0.85601,0.84042]},"K7s":{"weight":1.0,"played":[0.0,1.0,0.0],"evs":[0.0,0.95296,0.90853]},"K8s":{"weight":1.0,"played":[0.0,1.0,0.0],"evs":[0.0,1.13641,1.02378]},"K9s":{"weight":0.787,"played":[0.0,1.0,0.0],"evs":[0.0,1.64508,1.37202]},"KTs":{"weight":1.0,"played":[0.0,1.0,0.0],"evs":[0.0,2.39381,2.13596]},"KJs":{"weight":1.0,"played":[0.0,1.0,0.0],"evs":[0.0,3.00773,2.86199]},"KQs":{"weight":0.4905,"played":[0.0,0.9994,6.0E-4],"evs":[0.0,3.78959,3.74819]},"KK":{"weight":0.6327,"played":[0.0,1.0,0.0],"evs":[0.0,10.51927,8.78375]},"AKo":{"weight":0.7304,"played":[0.0,0.0,1.0],"evs":[0.0,4.5019,5.10299]},"A2s":{"weight":1.0,"played":[0.0,0.0,1.0],"evs":[0.0,2.48473,2.5483]},"A3s":{"weight":1.0,"played":[0.0,3.0E-4,0.9997],"evs":[0.0,2.58009,2.60495]},"A4s":{"weight":0.9986,"played":[0.0,0.9661,0.0339],"evs":[0.0,2.65926,2.6531]},"A5s":{"weight":0.9836,"played":[0.0,1.0,0.0],"evs":[0.0,2.77478,2.6991]},"A6s":{"weight":0.9846,"played":[0.0,0.49,0.51],"evs":[0.0,2.62594,2.6246]},"A7s":{"weight":0.3202,"played":[0.0,0.0713,0.9287],"evs":[0.0,2.77225,2.78224]},"A8s":{"weight":0.0804,"played":[0.0,0.0,1.0],"evs":[0.0,2.93108,2.96948]},"A9s":{"weight":0.1468,"played":[0.0,0.0,1.0],"evs":[0.0,3.13502,3.25527]},"ATs":{"weight":0.9143,"played":[0.0,0.0,1.0],"evs":[0.0,3.71438,4.076]},"AJs":{"weight":0.1563,"played":[0.0,0.0,1.0],"evs":[0.0,4.02003,4.41481]},"AQs":{"weight":0.0,"played":[0.0,0.0,1.0],"evs":[0.0,4.47788,4.94252]},"AKs":{"weight":2.0E-4,"played":[0.0,0.0,1.0],"evs":[0.0,5.08686,5.49055]},"AA":{"weight":0.0638,"played":[0.0,1.0,0.0],"evs":[0.0,11.64317,9.97586]}}}