{"player":1,"street":0,"children":2,"sequence":[{"player":0,"type":"C","amount":5000,"street":0},{"player":1,"type":"R","amount":40000,"street":0},{"player":0,"type":"R","amount":200000,"street":0}],"actions":[{"type":"F","amount":0},{"type":"C","amount":160000}],"hands":{"22":{"weight":0.0,"played":[0.0,1.0],"evs":[0.0,5.15358]},"32o":{"weight":0.0156,"played":[1.0,0.0],"evs":[0.0,-2.65144]},"42o":{"weight":0.0979,"played":[1.0,0.0],"evs":[0.0,-2.33355]},"52o":{"weight":0.1504,"played":[1.0,0.0],"evs":[0.0,-2.19981]},"62o":{"weight":0.1682,"played":[1.0,0.0],"evs":[0.0,-2.70643]},"72o":{"weight":0.2281,"played":[1.0,0.0],"evs":[0.0,-3.28451]},"82o":{"weight":0.1901,"played":[1.0,0.0],"evs":[0.0,-2.8618]},"92o":{"weight":0.2509,"played":[1.0,0.0],"evs":[0.0,-2.82317]},"T2o":{"weight":0.3044,"played":[1.0,0.0],"evs":[0.0,-2.79202]},"J2o":{"weight":0.1271,"played":[1.0,0.0],"evs":[0.0,-2.69056]},"Q2o":{"weight":0.2376,"played":[1.0,0.0],"evs":[0.0,-2.67847]},"K2o":{"weight":0.0,"played":[1.0,0.0],"evs":[0.0,-2.50166]},"A2o":{"weight":0.0,"played":[0.8875,0.1125],"evs":[0.0,-0.00804]},"32s":{"weight":0.0,"played":[1.0,0.0],"evs":[0.0,-1.06847]},"33":{"weight":0.0,"played":[0.0,1.0],"evs":[0.0,5.75113]},"43o":{"weight":0.0023,"played":[1.0,0.0],"evs":[0.0,-1.5577]},"53o":{"weight":0.0,"played":[1.0,0.0],"evs":[0.0,-1.43138]},"63o":{"weight":0.163,"played":[1.0,0.0],"evs":[0.0,-1.92944]},"73o":{"weight":0.3489,"played":[1.0,0.0],"evs":[0.0,-2.51237]},"83o":{"weight":0.0048,"played":[1.0,0.0],"evs":[0.0,-2.64789]},"93o":{"weight":0.3057,"played":[1.0,0.0],"evs":[0.0,-2.49085]},"T3o":{"weight":0.1283,"played":[1.0,0.0],"evs":[0.0,-2.45477]},"J3o":{"weight":0.4823,"played":[1.0,0.0],"evs":[0.0,-2.37951]},"Q3o":{"weight":0.1979,"played":[1.0,0.0],"evs":[0.0,-2.34605]},"K3o":{"weight":0.0032,"played":[1.0,0.0],"evs":[0.0,-2.16532]},"A3o":{"weight":0.0,"played":[0.0,1.0],"evs":[0.0,0.26297]},"42s":{"weight":0.0,"played":[1.0,0.0],"evs":[0.0,-0.79797]},"43s":{"weight":0.0,"played":[1.0,0.0],"evs":[0.0,-0.06141]},"44":{"weight":0.0,"played":[0.0,1.0],"evs":[0.0,6.50371]},"54o":{"weight":0.0,"played":[1.0,0.0],"evs":[0.0,-0.71977]},"64o":{"weight":0.0,"played":[1.0,0.0],"evs":[0.0,-1.22944]},"74o":{"weight":0.211,"played":[1.0,0.0],"evs":[0.0,-1.80825]},"84o":{"weight":0.3729,"played":[1.0,0.0],"evs":[0.0,-1.96723]},"94o":{"weight":0.0308,"played":[1.0,0.0],"evs":[0.0,-2.371]},"T4o":{"weight":0.1901,"played":[1.0,0.0],"evs":[0.0,-2.20092]},"J4o":{"weight":0.1136,"played":[1.0,0.0],"evs":[0.0,-2.12434]},"Q4o":{"weight":0.3038,"played":[1.0,0.0],"evs":[0.0,-2.08414]},"K4o":{"weight":0.0073,"played":[1.0,0.0],"evs":[0.0,-1.8725]},"A4o":{"weight":0.0,"played":[0.0,1.0],"evs":[0.0,0.55303]},"52s":{"weight":0.0,"played":[1.0,0.0],"evs":[0.0,-0.65657]},"53s":{"weight":0.0,"played":[0.1023,0.8977],"evs":[0.0,0.03919]},"54s":{"weight":0.0,"played":[0.0,1.0],"evs":[0.0,0.72084]},"55":{"weight":0.0,"played":[0.0,1.0],"evs":[0.0,7.18293]},"65o":{"weight":0.0,"played":[1.0,0.0],"evs":[0.0,-0.64221]},"75o":{"weight":0.0,"played":[1.0,0.0],"evs":[0.0,-1.20736]},"85o":{"weight":0.1541,"played":[1.0,0.0],"evs":[0.0,-1.38467]},"95o":{"weight":0.2385,"played":[1.0,0.0],"evs":[0.0,-1.77141]},"T5o":{"weight":0.1911,"played":[1.0,0.0],"evs":[0.0,-2.1833]},"J5o":{"weight":0.2804,"played":[1.0,0.0],"evs":[0.0,-1.98184]},"Q5o":{"weight":0.2807,"played":[1.0,0.0],"evs":[0.0,-1.941]},"K5o":{"weight":0.5202,"played":[1.0,0.0],"evs":[0.0,-1.75705]},"A5o":{"weight":0.0,"played":[0.0,1.0],"evs":[0.0,0.88081]},"62s":{"weight":0.0,"played":[1.0,0.0],"evs":[0.0,-1.14635]},"63s":{"weight":0.0,"played":[1.0,0.0],"evs":[0.0,-0.411]},"64s":{"weight":0.0,"played":[0.0,1.0],"evs":[0.0,0.23661]},"65s":{"weight":0.0,"played":[0.0,1.0],"evs":[0.0,0.78917]},"66":{"weight":0.4493,"played":[0.0,1.0],"evs":[0.0,7.7213]},"76o":{"weight":0.0,"played":[1.0,0.0],"evs":[0.0,-0.68691]},"86o":{"weight":0.0,"played":[1.0,0.0],"evs":[0.0,-0.87145]},"96o":{"weight":0.2035,"played":[1.0,0.0],"evs":[0.0,-1.27947]},"T6o":{"weight":0.3158,"played":[1.0,0.0],"evs":[0.0,-1.69442]},"J6o":{"weight":0.4096,"played":[1.0,0.0],"evs":[0.0,-2.07885]},"Q6o":{"weight":0.0031,"played":[1.0,0.0],"evs":[0.0,-1.90467]},"K6o":{"weight":0.2209,"played":[1.0,0.0],"evs":[0.0,-1.58196]},"A6o":{"weight":0.0,"played":[0.0,1.0],"evs":[0.0,0.89525]},"72s":{"weight":0.0,"played":[1.0,0.0],"evs":[0.0,-1.68174]},"73s":{"weight":0.0,"played":[1.0,0.0],"evs":[0.0,-0.9483]},"74s":{"weight":0.0,"played":[1.0,0.0],"evs":[0.0,-0.30338]},"75s":{"weight":0.0,"played":[0.0,1.0],"evs":[0.0,0.27581]},"76s":{"weight":0.0,"played":[0.0,1.0],"evs":[0.0,0.76064]},"77":{"weight":1.0,"played":[0.0,1.0],"evs":[0.0,8.46404]},"87o":{"weight":0.0,"played":[1.0,0.0],"evs":[0.0,-0.584]},"97o":{"weight":0.0012,"played":[1.0,0.0],"evs":[0.0,-0.96989]},"T7o":{"weight":0.3043,"played":[1.0,0.0],"evs":[0.0,-1.36071]},"J7o":{"weight":0.2173,"played":[1.0,0.0],"evs":[0.0,-1.742]},"Q7o":{"weight":0.1879,"played":[1.0,0.0],"evs":[0.0,-2.18469]},"K7o":{"weight":0.4676,"played":[1.0,0.0],"evs":[0.0,-1.40972]},"A7o":{"weight":0.0,"played":[0.0,1.0],"evs":[0.0,1.96128]},"82s":{"weight":0.0,"played":[1.0,0.0],"evs":[0.0,-1.27809]},"83s":{"weight":0.0,"played":[1.0,0.0],"evs":[0.0,-1.10546]},"84s":{"weight":0.0,"played":[1.0,0.0],"evs":[0.0,-0.45216]},"85s":{"weight":0.0,"played":[2.0E-4,0.9998],"evs":[0.0,0.10072]},"86s":{"weight":0.0,"played":[0.0,1.0],"evs":[0.0,0.57981]},"87s":{"weight":0.0,"played":[0.0,1.0],"evs":[0.0,0.82968]},"88":{"weight":1.0,"played":[0.0,1.0],"evs":[0.0,9.24878]},"98o":{"weight":0.0,"played":[1.0,0.0],"evs":[0.0,-0.24871]},"T8o":{"weight":0.0,"played":[1.0,0.0],"evs":[0.0,-0.55648]},"J8o":{"weight":0.1431,"played":[1.0,0.0],"evs":[0.0,-0.96062]},"Q8o":{"weight":0.4108,"played":[1.0,0.0],"evs":[0.0,-1.35026]},"K8o":{"weight":0.9994,"played":[1.0,0.0],"evs":[0.0,-1.04512]},"A8o":{"weight":0.0,"played":[0.0,1.0],"evs":[0.0,3.14741]},"92s":{"weight":0.0,"played":[1.0,0.0],"evs":[0.0,-1.22365]},"93s":{"weight":0.0,"played":[1.0,0.0],"evs":[0.0,-0.92214]},"94s":{"weight":0.0,"played":[1.0,0.0],"evs":[0.0,-0.83097]},"95s":{"weight":0.0,"played":[1.0,0.0],"evs":[0.0,-0.26654]},"96s":{"weight":0.0,"played":[0.0,1.0],"evs":[0.0,0.19458]},"97s":{"weight":0.0,"played":[0.0,1.0],"evs":[0.0,0.46641]},"98s":{"weight":0.7197,"played":[0.0,1.0],"evs":[0.0,1.15669]},"99":{"weight":1.0,"played":[0.0,1.0],"evs":[0.0,9.88575]},"T9o":{"weight":0.0,"played":[0.9981,0.0019],"evs":[0.0,-0.05812]},"J9o":{"weight":0.0014,"played":[1.0,0.0],"evs":[0.0,-0.43363]},"Q9o":{"weight":0.2378,"played":[1.0,0.0],"evs":[0.0,-0.78279]},"K9o":{"weight":0.7615,"played":[1.0,0.0],"evs":[0.0,-0.4936]},"A9o":{"weight":0.0,"played":[0.0,1.0],"evs":[0.0,4.63572]},"T2s":{"weight":0.0,"played":[1.0,0.0],"evs":[0.0,-1.19613]},"T3s":{"weight":0.0,"played":[1.0,0.0],"evs":[0.0,-0.88808]},"T4s":{"weight":0.0,"played":[1.0,0.0],"evs":[0.0,-0.65859]},"T5s":{"weight":0.0,"played":[1.0,0.0],"evs":[0.0,-0.67215]},"T6s":{"weight":0.0,"played":[1.0,0.0],"evs":[0.0,-0.17565]},"T7s":{"weight":0.0,"played":[0.0,1.0],"evs":[0.0,0.12569]},"T8s":{"weight":0.0,"played":[0.0,1.0],"evs":[0.0,0.84276]},"T9s":{"weight":0.9998,"played":[0.0,1.0],"evs":[0.0,1.34177]},"TT":{"weight":1.0,"played":[0.0,1.0],"evs":[0.0,11.00053]},"JTo":{"weight":0.0,"played":[0.0,1.0],"evs":[0.0,0.24123]},"QTo":{"weight":0.0,"played":[0.9986,0.0014],"evs":[0.0,-0.09795]},"KTo":{"weight":0.6598,"played":[0.0,1.0],"evs":[0.0,0.17245]},"ATo":{"weight":0.0,"played":[0.0,1.0],"evs":[0.0,6.95815]},"J2s":{"weight":0.0,"played":[1.0,0.0],"evs":[0.0,-1.1269]},"J3s":{"weight":0.0,"played":[1.0,0.0],"evs":[0.0,-0.83368]},"J4s":{"weight":0.0,"played":[1.0,0.0],"evs":[0.0,-0.57992]},"J5s":{"weight":0.0,"played":[1.0,0.0],"evs":[0.0,-0.46895]},"J6s":{"weight":0.0,"played":[1.0,0.0],"evs":[0.0,-0.54733]},"J7s":{"weight":0.0,"played":[0.9997,3.0E-4],"evs":[0.0,-0.24186]},"J8s":{"weight":0.0,"played":[0.0,1.0],"evs":[0.0,0.50691]},"J9s":{"weight":0.0,"played":[0.0,1.0],"evs":[0.0,0.97837]},"JTs":{"weight":0.9999,"played":[0.0,1.0],"evs":[0.0,1.61655]},"JJ":{"weight":1.0,"played":[0.0,1.0],"evs":[0.0,11.72918]},"QJo":{"weight":0.0,"played":[0.5196,0.4804],"evs":[0.0,-0.03407]},"KJo":{"weight":0.3117,"played":[0.0,1.0],"evs":[0.0,0.54451]},"AJo":{"weight":0.0,"played":[0.0,1.0],"evs":[0.0,9.14585]},"Q2s":{"weight":0.0,"played":[1.0,0.0],"evs":[0.0,-1.09377]},"Q3s":{"weight":0.0,"played":[1.0,0.0],"evs":[0.0,-0.76981]},"Q4s":{"weight":0.0,"played":[1.0,0.0],"evs":[0.0,-0.53852]},"Q5s":{"weight":0.0,"played":[1.0,0.0],"evs":[0.0,-0.43602]},"Q6s":{"weight":0.0,"played":[1.0,0.0],"evs":[0.0,-0.38641]},"Q7s":{"weight":0.0,"played":[1.0,0.0],"evs":[0.0,-0.65345]},"Q8s":{"weight":0.0,"played":[0.0,1.0],"evs":[0.0,0.15447]},"Q9s":{"weight":0.0,"played":[0.0,1.0],"evs":[0.0,0.67021]},"QTs":{"weight":0.6442,"played":[0.0,1.0],"evs":[0.0,1.29823]},"QJs":{"weight":0.9944,"played":[0.0,1.0],"evs":[0.0,1.3535]},"QQ":{"weight":1.0,"played":[0.0,1.0],"evs":[0.0,12.70563]},"KQo":{"weight":1.0,"played":[0.0,1.0],"evs":[0.0,1.52515]},"AQo":{"weight":0.0,"played":[0.0,1.0],"evs":[0.0,11.27013]},"K2s":{"weight":0.0,"played":[1.0,0.0],"evs":[0.0,-0.93776]},"K3s":{"weight":0.0,"played":[1.0,0.0],"evs":[0.0,-0.60011]},"K4s":{"weight":0.0,"played":[1.0,0.0],"evs":[0.0,-0.32407]},"K5s":{"weight":0.0,"played":[1.0,0.0],"evs":[0.0,-0.24513]},"K6s":{"weight":0.0,"played":[0.996,0.004],"evs":[0.0,-0.09336]},"K7s":{"weight":0.0,"played":[0.0,1.0],"evs":[0.0,0.04231]},"K8s":{"weight":0.0,"played":[0.0,1.0],"evs":[0.0,0.41762]},"K9s":{"weight":0.0045,"played":[0.0,1.0],"evs":[0.0,0.93099]},"KTs":{"weight":1.0,"played":[0.0,1.0],"evs":[0.0,1.56288]},"KJs":{"weight":1.0,"played":[0.0,1.0],"evs":[0.0,1.8972]},"KQs":{"weight":1.0,"played":[0.0,1.0],"evs":[0.0,2.79359]},"KK":{"weight":1.0,"played":[0.0,1.0],"evs":[0.0,14.01258]},"AKo":{"weight":0.0,"played":[0.0,1.0],"evs":[0.0,13.29454]},"A2s":{"weight":0.0,"played":[0.0,1.0],"evs":[0.0,1.41752]},"A3s":{"weight":0.0,"played":[0.0,1.0],"evs":[0.0,1.68365]},"A4s":{"weight":0.0,"played":[0.0,1.0],"evs":[0.0,1.91469]},"A5s":{"weight":0.9998,"played":[0.0,1.0],"evs":[0.0,2.18622]},"A6s":{"weight":0.0,"played":[0.0,1.0],"evs":[0.0,2.2125]},"A7s":{"weight":6.0E-4,"played":[0.0,1.0],"evs":[0.0,3.19159]},"A8s":{"weight":0.096,"played":[0.0,1.0],"evs":[0.0,4.30542]},"A9s":{"weight":0.7218,"played":[0.0,1.0],"evs":[0.0,5.71155]},"ATs":{"weight":0.9963,"played":[0.0,1.0],"evs":[0.0,7.87614]},"AJs":{"weight":1.0,"played":[0.0,1.0],"evs":[0.0,9.94325]},"AQs":{"weight":1.0,"played":[0.0,1.0],"evs":[0.0,11.96869]},"AKs":{"weight":1.0,"played":[0.0,1.0],"evs":[0.0,13.83897]},"AA":{"weight":1.0,"played":[0.0,1.0],"evs":[0.0,20.94488]}}}