{"player":1,"street":0,"children":2,"sequence":[{"player":0,"type":"C","amount":5000,"street":0},{"player":1,"type":"R","amount":35000,"street":0},{"player":0,"type":"R","amount":200000,"street":0}],"actions":[{"type":"F","amount":0},{"type":"C","amount":165000}],"hands":{"22":{"weight":0.0,"played":[0.0,1.0],"evs":[0.0,4.57805]},"32o":{"weight":0.1082,"played":[1.0,0.0],"evs":[0.0,-3.20584]},"42o":{"weight":0.2155,"played":[1.0,0.0],"evs":[0.0,-2.81259]},"52o":{"weight":0.1752,"played":[1.0,0.0],"evs":[0.0,-2.71588]},"62o":{"weight":0.0411,"played":[1.0,0.0],"evs":[0.0,-3.252]},"72o":{"weight":0.0,"played":[1.0,0.0],"evs":[0.0,-3.64798]},"82o":{"weight":2.0E-4,"played":[1.0,0.0],"evs":[0.0,-3.34901]},"92o":{"weight":0.061,"played":[1.0,0.0],"evs":[0.0,-3.3083]},"T2o":{"weight":0.1717,"played":[1.0,0.0],"evs":[0.0,-3.31759]},"J2o":{"weight":0.4066,"played":[1.0,0.0],"evs":[0.0,-3.20319]},"Q2o":{"weight":0.1294,"played":[1.0,0.0],"evs":[0.0,-3.19695]},"K2o":{"weight":0.0,"played":[1.0,0.0],"evs":[0.0,-2.83731]},"A2o":{"weight":0.0,"played":[1.0,0.0],"evs":[0.0,-0.87032]},"32s":{"weight":0.0,"played":[1.0,0.0],"evs":[0.0,-1.60055]},"33":{"weight":0.0,"played":[0.0,1.0],"evs":[0.0,5.13917]},"43o":{"weight":0.1834,"played":[1.0,0.0],"evs":[0.0,-2.05499]},"53o":{"weight":0.1567,"played":[1.0,0.0],"evs":[0.0,-1.93128]},"63o":{"weight":0.2143,"played":[1.0,0.0],"evs":[0.0,-2.49037]},"73o":{"weight":0.0826,"played":[1.0,0.0],"evs":[0.0,-2.87497]},"83o":{"weight":0.0,"played":[1.0,0.0],"evs":[0.0,-3.16391]},"93o":{"weight":0.1669,"played":[1.0,0.0],"evs":[0.0,-2.98849]},"T3o":{"weight":0.1957,"played":[1.0,0.0],"evs":[0.0,-2.97898]},"J3o":{"weight":0.1492,"played":[1.0,0.0],"evs":[0.0,-2.86072]},"Q3o":{"weight":0.2094,"played":[1.0,0.0],"evs":[0.0,-2.87132]},"K3o":{"weight":0.0,"played":[1.0,0.0],"evs":[0.0,-2.49997]},"A3o":{"weight":0.0,"played":[1.0,0.0],"evs":[0.0,-0.61029]},"42s":{"weight":0.0,"played":[1.0,0.0],"evs":[0.0,-1.25662]},"43s":{"weight":0.0,"played":[1.0,0.0],"evs":[0.0,-0.55686]},"44":{"weight":0.0,"played":[0.0,1.0],"evs":[0.0,5.99158]},"54o":{"weight":0.0081,"played":[1.0,0.0],"evs":[0.0,-1.17263]},"64o":{"weight":0.1919,"played":[1.0,0.0],"evs":[0.0,-1.73573]},"74o":{"weight":0.2025,"played":[1.0,0.0],"evs":[0.0,-2.12436]},"84o":{"weight":0.1502,"played":[1.0,0.0],"evs":[0.0,-2.43521]},"94o":{"weight":7.0E-4,"played":[1.0,0.0],"evs":[0.0,-2.80459]},"T4o":{"weight":0.2016,"played":[1.0,0.0],"evs":[0.0,-2.69009]},"J4o":{"weight":0.1888,"played":[1.0,0.0],"evs":[0.0,-2.56228]},"Q4o":{"weight":0.1324,"played":[1.0,0.0],"evs":[0.0,-2.55944]},"K4o":{"weight":0.1229,"played":[1.0,0.0],"evs":[0.0,-2.24411]},"A4o":{"weight":0.0,"played":[0.9999,1.0E-4],"evs":[0.0,-0.35813]},"52s":{"weight":0.0,"played":[1.0,0.0],"evs":[0.0,-1.17602]},"53s":{"weight":0.0,"played":[1.0,0.0],"evs":[0.0,-0.48472]},"54s":{"weight":0.0,"played":[0.0,1.0],"evs":[0.0,0.28457]},"55":{"weight":0.0,"played":[0.0,1.0],"evs":[0.0,6.83055]},"65o":{"weight":0.0038,"played":[1.0,0.0],"evs":[0.0,-1.11112]},"75o":{"weight":0.1927,"played":[1.0,0.0],"evs":[0.0,-1.53881]},"85o":{"weight":0.2804,"played":[1.0,0.0],"evs":[0.0,-1.84594]},"95o":{"weight":0.3094,"played":[1.0,0.0],"evs":[0.0,-2.24917]},"T5o":{"weight":0.1597,"played":[1.0,0.0],"evs":[0.0,-2.67164]},"J5o":{"weight":0.0831,"played":[1.0,0.0],"evs":[0.0,-2.44273]},"Q5o":{"weight":0.0478,"played":[1.0,0.0],"evs":[0.0,-2.43026]},"K5o":{"weight":0.385,"played":[1.0,0.0],"evs":[0.0,-2.08055]},"A5o":{"weight":0.0,"played":[0.1685,0.8315],"evs":[0.0,0.03464]},"62s":{"weight":0.0,"played":[1.0,0.0],"evs":[0.0,-1.66222]},"63s":{"weight":0.0,"played":[1.0,0.0],"evs":[0.0,-0.98529]},"64s":{"weight":0.0,"played":[1.0,0.0],"evs":[0.0,-0.21162]},"65s":{"weight":0.0,"played":[0.0,1.0],"evs":[0.0,0.32254]},"66":{"weight":1.0E-4,"played":[0.0,1.0],"evs":[0.0,7.42355]},"76o":{"weight":0.0,"played":[1.0,0.0],"evs":[0.0,-1.08867]},"86o":{"weight":0.0381,"played":[1.0,0.0],"evs":[0.0,-1.37788]},"96o":{"weight":0.2909,"played":[1.0,0.0],"evs":[0.0,-1.80482]},"T6o":{"weight":0.4914,"played":[1.0,0.0],"evs":[0.0,-2.23814]},"J6o":{"weight":0.007,"played":[1.0,0.0],"evs":[0.0,-2.59111]},"Q6o":{"weight":0.0309,"played":[1.0,0.0],"evs":[0.0,-2.42434]},"K6o":{"weight":0.2439,"played":[1.0,0.0],"evs":[0.0,-1.73936]},"A6o":{"weight":0.0,"played":[0.0272,0.9728],"evs":[0.0,0.12738]},"72s":{"weight":0.0,"played":[1.0,0.0],"evs":[0.0,-1.97688]},"73s":{"weight":0.0,"played":[1.0,0.0],"evs":[0.0,-1.36667]},"74s":{"weight":0.0,"played":[1.0,0.0],"evs":[0.0,-0.61919]},"75s":{"weight":0.0,"played":[0.9714,0.0286],"evs":[0.0,-0.07056]},"76s":{"weight":0.0,"played":[0.0,1.0],"evs":[0.0,0.35602]},"77":{"weight":1.0,"played":[0.0,1.0],"evs":[0.0,8.07243]},"87o":{"weight":0.0,"played":[1.0,0.0],"evs":[0.0,-0.86914]},"97o":{"weight":0.1575,"played":[1.0,0.0],"evs":[0.0,-1.2538]},"T7o":{"weight":0.2588,"played":[1.0,0.0],"evs":[0.0,-1.66277]},"J7o":{"weight":0.2667,"played":[1.0,0.0],"evs":[0.0,-2.02342]},"Q7o":{"weight":0.4206,"played":[1.0,0.0],"evs":[0.0,-2.4757]},"K7o":{"weight":0.4934,"played":[1.0,0.0],"evs":[0.0,-1.39246]},"A7o":{"weight":0.0,"played":[0.0,1.0],"evs":[0.0,0.89238]},"82s":{"weight":0.0,"played":[1.0,0.0],"evs":[0.0,-1.787]},"83s":{"weight":0.0,"played":[1.0,0.0],"evs":[0.0,-1.56992]},"84s":{"weight":0.0,"played":[1.0,0.0],"evs":[0.0,-0.89054]},"85s":{"weight":0.0,"played":[0.9999,1.0E-4],"evs":[0.0,-0.34121]},"86s":{"weight":0.0,"played":[0.0072,0.9928],"evs":[0.0,0.06734]},"87s":{"weight":0.0,"played":[0.0,1.0],"evs":[0.0,0.52926]},"88":{"weight":1.0,"played":[0.0,1.0],"evs":[0.0,8.78157]},"98o":{"weight":1.0E-4,"played":[1.0,0.0],"evs":[0.0,-0.69975]},"T8o":{"weight":0.1851,"played":[1.0,0.0],"evs":[0.0,-1.02107]},"J8o":{"weight":0.3004,"played":[1.0,0.0],"evs":[0.0,-1.38542]},"Q8o":{"weight":0.532,"played":[1.0,0.0],"evs":[0.0,-1.7797]},"K8o":{"weight":0.9034,"played":[1.0,0.0],"evs":[0.0,-1.15479]},"A8o":{"weight":0.0,"played":[0.0,1.0],"evs":[0.0,1.89415]},"92s":{"weight":0.0,"played":[1.0,0.0],"evs":[0.0,-1.70255]},"93s":{"weight":0.0,"played":[1.0,0.0],"evs":[0.0,-1.41336]},"94s":{"weight":0.0,"played":[1.0,0.0],"evs":[0.0,-1.26078]},"95s":{"weight":0.0,"played":[1.0,0.0],"evs":[0.0,-0.69337]},"96s":{"weight":0.0,"played":[0.9999,1.0E-4],"evs":[0.0,-0.31519]},"97s":{"weight":0.0,"played":[0.0,1.0],"evs":[0.0,0.17337]},"98s":{"weight":0.5212,"played":[0.0,1.0],"evs":[0.0,0.72195]},"99":{"weight":1.0,"played":[0.0,1.0],"evs":[0.0,9.3824]},"T9o":{"weight":2.0E-4,"played":[1.0,0.0],"evs":[0.0,-0.50557]},"J9o":{"weight":0.1473,"played":[1.0,0.0],"evs":[0.0,-0.84391]},"Q9o":{"weight":0.5415,"played":[1.0,0.0],"evs":[0.0,-1.23482]},"K9o":{"weight":0.9257,"played":[1.0,0.0],"evs":[0.0,-0.60484]},"A9o":{"weight":0.0,"played":[0.0,1.0],"evs":[0.0,3.2203]},"T2s":{"weight":0.0,"played":[1.0,0.0],"evs":[0.0,-1.73114]},"T3s":{"weight":0.0,"played":[1.0,0.0],"evs":[0.0,-1.36928]},"T4s":{"weight":0.0,"played":[1.0,0.0],"evs":[0.0,-1.15463]},"T5s":{"weight":0.0,"played":[1.0,0.0],"evs":[0.0,-1.11823]},"T6s":{"weight":0.0,"played":[0.9997,3.0E-4],"evs":[0.0,-0.73276]},"T7s":{"weight":0.0,"played":[0.9998,2.0E-4],"evs":[0.0,-0.15397]},"T8s":{"weight":0.0,"played":[0.0,1.0],"evs":[0.0,0.41127]},"T9s":{"weight":0.9551,"played":[0.0,1.0],"evs":[0.0,0.89351]},"TT":{"weight":1.0,"played":[0.0,1.0],"evs":[0.0,10.5029]},"JTo":{"weight":0.0,"played":[0.9995,5.0E-4],"evs":[0.0,-0.23318]},"QTo":{"weight":0.0644,"played":[0.9999,1.0E-4],"evs":[0.0,-0.58034]},"KTo":{"weight":0.7932,"played":[0.0086,0.9914],"evs":[0.0,0.05022]},"ATo":{"weight":0.0,"played":[0.0,1.0],"evs":[0.0,5.43365]},"J2s":{"weight":0.0,"played":[1.0,0.0],"evs":[0.0,-1.63252]},"J3s":{"weight":0.0,"played":[1.0,0.0],"evs":[0.0,-1.30878]},"J4s":{"weight":0.0,"played":[1.0,0.0],"evs":[0.0,-0.99157]},"J5s":{"weight":0.0,"played":[1.0,0.0],"evs":[0.0,-0.9453]},"J6s":{"weight":0.0,"played":[1.0,0.0],"evs":[0.0,-1.02178]},"J7s":{"weight":0.0,"played":[0.9999,1.0E-4],"evs":[0.0,-0.49891]},"J8s":{"weight":0.0,"played":[0.0,1.0],"evs":[0.0,0.0737]},"J9s":{"weight":0.0,"played":[0.0,1.0],"evs":[0.0,0.54888]},"JTs":{"weight":0.9999,"played":[0.0,1.0],"evs":[0.0,1.17929]},"JJ":{"weight":1.0,"played":[0.0,1.0],"evs":[0.0,11.22765]},"QJo":{"weight":0.0836,"played":[0.9997,3.0E-4],"evs":[0.0,-0.44867]},"KJo":{"weight":0.3936,"played":[0.0,1.0],"evs":[0.0,0.2034]},"AJo":{"weight":0.0,"played":[0.0,1.0],"evs":[0.0,7.65865]},"Q2s":{"weight":0.0,"played":[1.0,0.0],"evs":[0.0,-1.60631]},"Q3s":{"weight":0.0,"played":[1.0,0.0],"evs":[0.0,-1.32668]},"Q4s":{"weight":0.0,"played":[1.0,0.0],"evs":[0.0,-1.00484]},"Q5s":{"weight":0.0,"played":[1.0,0.0],"evs":[0.0,-0.92159]},"Q6s":{"weight":0.0,"played":[1.0,0.0],"evs":[0.0,-0.9368]},"Q7s":{"weight":0.0,"played":[1.0,0.0],"evs":[0.0,-0.95464]},"Q8s":{"weight":0.0,"played":[0.9997,3.0E-4],"evs":[0.0,-0.34655]},"Q9s":{"weight":0.0,"played":[5.0E-4,0.9995],"evs":[0.0,0.27059]},"QTs":{"weight":0.2294,"played":[0.0,1.0],"evs":[0.0,0.82525]},"QJs":{"weight":0.9934,"played":[0.0,1.0],"evs":[0.0,0.91367]},"QQ":{"weight":1.0,"played":[0.0,1.0],"evs":[0.0,12.17181]},"KQo":{"weight":0.7184,"played":[0.0,1.0],"evs":[0.0,0.89648]},"AQo":{"weight":0.0,"played":[0.0,1.0],"evs":[0.0,10.09775]},"K2s":{"weight":0.0,"played":[1.0,0.0],"evs":[0.0,-1.25328]},"K3s":{"weight":0.0,"played":[1.0,0.0],"evs":[0.0,-0.9545]},"K4s":{"weight":0.0,"played":[0.9999,1.0E-4],"evs":[0.0,-0.73761]},"K5s":{"weight":0.0,"played":[0.9999,1.0E-4],"evs":[0.0,-0.5426]},"K6s":{"weight":0.0,"played":[0.9994,6.0E-4],"evs":[0.0,-0.24576]},"K7s":{"weight":0.0,"played":[0.041,0.959],"evs":[0.0,0.01851]},"K8s":{"weight":0.0,"played":[0.0,1.0],"evs":[0.0,0.30018]},"K9s":{"weight":0.0658,"played":[0.0,1.0],"evs":[0.0,0.76107]},"KTs":{"weight":1.0,"played":[0.0,1.0],"evs":[0.0,1.38297]},"KJs":{"weight":1.0,"played":[0.0,1.0],"evs":[0.0,1.58037]},"KQs":{"weight":1.0,"played":[0.0,1.0],"evs":[0.0,2.17584]},"KK":{"weight":1.0,"played":[0.0,1.0],"evs":[0.0,13.61432]},"AKo":{"weight":0.0,"played":[0.0,1.0],"evs":[0.0,12.50341]},"A2s":{"weight":0.0,"played":[0.0,1.0],"evs":[0.0,0.54842]},"A3s":{"weight":0.0,"played":[0.0,1.0],"evs":[0.0,0.80045]},"A4s":{"weight":0.1167,"played":[0.0,1.0],"evs":[0.0,1.056]},"A5s":{"weight":0.9999,"played":[0.0,1.0],"evs":[0.0,1.38176]},"A6s":{"weight":0.2622,"played":[0.0,1.0],"evs":[0.0,1.48251]},"A7s":{"weight":0.3144,"played":[0.0,1.0],"evs":[0.0,2.16469]},"A8s":{"weight":3.0E-4,"played":[0.0,1.0],"evs":[0.0,3.05678]},"A9s":{"weight":0.0,"played":[0.0,1.0],"evs":[0.0,4.32008]},"ATs":{"weight":0.0,"played":[0.0,1.0],"evs":[0.0,6.44911]},"AJs":{"weight":0.4355,"played":[0.0,1.0],"evs":[0.0,8.50316]},"AQs":{"weight":1.0,"played":[0.0,1.0],"evs":[0.0,10.79281]},"AKs":{"weight":1.0,"played":[0.0,1.0],"evs":[0.0,13.10562]},"AA":{"weight":1.0,"played":[0.0,1.0],"evs":[0.0,20.4975]}}}