{"player":0,"street":0,"children":2,"sequence":[{"player":0,"type":"C","amount":5000,"street":0},{"player":1,"type":"R","amount":200000,"street":0}],"actions":[{"type":"F","amount":0},{"type":"C","amount":190000}],"hands":{"22":{"weight":0.0,"played":[0.0,1.0],"evs":[0.0,1.27312]},"32o":{"weight":1.0,"played":[1.0,0.0],"evs":[0.0,-6.1933]},"42o":{"weight":1.0,"played":[1.0,0.0],"evs":[0.0,-5.87315]},"52o":{"weight":1.0,"played":[1.0,0.0],"evs":[0.0,-5.45183]},"62o":{"weight":1.0,"played":[1.0,0.0],"evs":[0.0,-5.53773]},"72o":{"weight":1.0,"played":[1.0,0.0],"evs":[0.0,-5.40634]},"82o":{"weight":1.0,"played":[1.0,0.0],"evs":[0.0,-4.88099]},"92o":{"weight":1.0,"played":[1.0,0.0],"evs":[0.0,-4.57352]},"T2o":{"weight":1.0,"played":[1.0,0.0],"evs":[0.0,-4.41759]},"J2o":{"weight":1.0,"played":[1.0,0.0],"evs":[0.0,-4.3416]},"Q2o":{"weight":1.0,"played":[1.0,0.0],"evs":[0.0,-3.97227]},"K2o":{"weight":1.0,"played":[1.0,0.0],"evs":[0.0,-3.32534]},"A2o":{"weight":0.1487,"played":[1.0,0.0],"evs":[0.0,-1.13756]},"32s":{"weight":0.709,"played":[1.0,0.0],"evs":[0.0,-4.63554]},"33":{"weight":0.0,"played":[0.0,1.0],"evs":[0.0,2.64235]},"43o":{"weight":0.9954,"played":[1.0,0.0],"evs":[0.0,-5.02693]},"53o":{"weight":0.9514,"played":[1.0,0.0],"evs":[0.0,-4.58096]},"63o":{"weight":1.0,"played":[1.0,0.0],"evs":[0.0,-4.65575]},"73o":{"weight":1.0,"played":[1.0,0.0],"evs":[0.0,-4.55028]},"83o":{"weight":1.0,"played":[1.0,0.0],"evs":[0.0,-4.56049]},"93o":{"weight":1.0,"played":[1.0,0.0],"evs":[0.0,-4.1459]},"T3o":{"weight":0.9722,"played":[1.0,0.0],"evs":[0.0,-3.99383]},"J3o":{"weight":0.9979,"played":[1.0,0.0],"evs":[0.0,-3.91446]},"Q3o":{"weight":0.9999,"played":[1.0,0.0],"evs":[0.0,-3.54268]},"K3o":{"weight":0.8382,"played":[1.0,0.0],"evs":[0.0,-2.90449]},"A3o":{"weight":0.0,"played":[1.0,0.0],"evs":[0.0,-0.66577]},"42s":{"weight":0.76,"played":[1.0,0.0],"evs":[0.0,-4.3304]},"43s":{"weight":0.8889,"played":[1.0,0.0],"evs":[0.0,-3.5109]},"44":{"weight":0.6364,"played":[0.0,1.0],"evs":[0.0,4.0487]},"54o":{"weight":0.7398,"played":[1.0,0.0],"evs":[0.0,-3.82316]},"64o":{"weight":0.9867,"played":[1.0,0.0],"evs":[0.0,-3.8503]},"74o":{"weight":1.0,"played":[1.0,0.0],"evs":[0.0,-3.74877]},"84o":{"weight":1.0,"played":[1.0,0.0],"evs":[0.0,-3.76367]},"94o":{"weight":1.0,"played":[1.0,0.0],"evs":[0.0,-3.91724]},"T4o":{"weight":0.9876,"played":[1.0,0.0],"evs":[0.0,-3.62702]},"J4o":{"weight":0.8386,"played":[1.0,0.0],"evs":[0.0,-3.54027]},"Q4o":{"weight":0.7895,"played":[1.0,0.0],"evs":[0.0,-3.09212]},"K4o":{"weight":0.7912,"played":[1.0,0.0],"evs":[0.0,-2.39784]},"A4o":{"weight":0.0,"played":[0.8087,0.1913],"evs":[0.0,-0.05737]},"52s":{"weight":0.9672,"played":[1.0,0.0],"evs":[0.0,-3.9267]},"53s":{"weight":0.9105,"played":[1.0,0.0],"evs":[0.0,-3.12448]},"54s":{"weight":0.9983,"played":[1.0,0.0],"evs":[0.0,-2.39464]},"55":{"weight":0.5846,"played":[0.0,1.0],"evs":[0.0,5.67175]},"65o":{"weight":0.7232,"played":[1.0,0.0],"evs":[0.0,-3.00796]},"75o":{"weight":0.9227,"played":[1.0,0.0],"evs":[0.0,-2.90254]},"85o":{"weight":0.9619,"played":[1.0,0.0],"evs":[0.0,-2.91029]},"95o":{"weight":0.9998,"played":[1.0,0.0],"evs":[0.0,-3.03383]},"T5o":{"weight":0.9189,"played":[1.0,0.0],"evs":[0.0,-3.32045]},"J5o":{"weight":0.7907,"played":[1.0,0.0],"evs":[0.0,-2.98521]},"Q5o":{"weight":0.7078,"played":[1.0,0.0],"evs":[0.0,-2.48121]},"K5o":{"weight":0.7534,"played":[1.0,0.0],"evs":[0.0,-1.81206]},"A5o":{"weight":0.445,"played":[0.0,1.0],"evs":[0.0,0.6556]},"62s":{"weight":0.3685,"played":[1.0,0.0],"evs":[0.0,-3.96783]},"63s":{"weight":0.9833,"played":[1.0,0.0],"evs":[0.0,-3.15953]},"64s":{"weight":0.6674,"played":[1.0,0.0],"evs":[0.0,-2.43673]},"65s":{"weight":0.99,"played":[1.0,0.0],"evs":[0.0,-1.62215]},"66":{"weight":0.9566,"played":[0.0,1.0],"evs":[0.0,7.38734]},"76o":{"weight":0.9792,"played":[1.0,0.0],"evs":[0.0,-2.01414]},"86o":{"weight":0.7807,"played":[1.0,0.0],"evs":[0.0,-1.9844]},"96o":{"weight":0.8921,"played":[1.0,0.0],"evs":[0.0,-2.10124]},"T6o":{"weight":0.7141,"played":[1.0,0.0],"evs":[0.0,-2.37244]},"J6o":{"weight":0.816,"played":[1.0,0.0],"evs":[0.0,-2.6192]},"Q6o":{"weight":0.8013,"played":[1.0,0.0],"evs":[0.0,-1.98339]},"K6o":{"weight":0.7772,"played":[1.0,0.0],"evs":[0.0,-1.27753]},"A6o":{"weight":0.373,"played":[0.0,1.0],"evs":[0.0,1.10045]},"72s":{"weight":0.9999,"played":[1.0,0.0],"evs":[0.0,-3.8573]},"73s":{"weight":0.2978,"played":[1.0,0.0],"evs":[0.0,-3.05593]},"74s":{"weight":0.8223,"played":[1.0,0.0],"evs":[0.0,-2.33249]},"75s":{"weight":0.8747,"played":[1.0,0.0],"evs":[0.0,-1.56011]},"76s":{"weight":0.566,"played":[1.0,0.0],"evs":[0.0,-0.70143]},"77":{"weight":0.9243,"played":[0.0,1.0],"evs":[0.0,8.3749]},"87o":{"weight":0.8789,"played":[1.0,0.0],"evs":[0.0,-1.15516]},"97o":{"weight":0.7537,"played":[1.0,0.0],"evs":[0.0,-1.35768]},"T7o":{"weight":0.6416,"played":[1.0,0.0],"evs":[0.0,-1.6216]},"J7o":{"weight":0.5986,"played":[1.0,0.0],"evs":[0.0,-1.8164]},"Q7o":{"weight":0.76,"played":[1.0,0.0],"evs":[0.0,-1.73491]},"K7o":{"weight":0.769,"played":[1.0,0.0],"evs":[0.0,-1.04441]},"A7o":{"weight":0.5837,"played":[0.0,1.0],"evs":[0.0,1.85186]},"82s":{"weight":0.4301,"played":[1.0,0.0],"evs":[0.0,-3.35247]},"83s":{"weight":0.5128,"played":[1.0,0.0],"evs":[0.0,-3.07754]},"84s":{"weight":0.7965,"played":[1.0,0.0],"evs":[0.0,-2.35265]},"85s":{"weight":0.8919,"played":[1.0,0.0],"evs":[0.0,-1.57013]},"86s":{"weight":1.0,"played":[1.0,0.0],"evs":[0.0,-0.68613]},"87s":{"weight":0.1373,"played":[0.0035,0.9965],"evs":[0.0,0.08573]},"88":{"weight":0.8082,"played":[0.0,1.0],"evs":[0.0,9.06252]},"98o":{"weight":0.8552,"played":[1.0,0.0],"evs":[0.0,-0.84783]},"T8o":{"weight":0.791,"played":[1.0,0.0],"evs":[0.0,-1.07736]},"J8o":{"weight":0.821,"played":[1.0,0.0],"evs":[0.0,-1.2747]},"Q8o":{"weight":0.8015,"played":[1.0,0.0],"evs":[0.0,-1.16711]},"K8o":{"weight":0.859,"played":[1.0,0.0],"evs":[0.0,-0.99811]},"A8o":{"weight":0.7369,"played":[0.0,1.0],"evs":[0.0,2.80228]},"92s":{"weight":0.7206,"played":[1.0,0.0],"evs":[0.0,-3.05888]},"93s":{"weight":0.5235,"played":[1.0,0.0],"evs":[0.0,-2.66299]},"94s":{"weight":0.244,"played":[1.0,0.0],"evs":[0.0,-2.47831]},"95s":{"weight":0.8769,"played":[1.0,0.0],"evs":[0.0,-1.6549]},"96s":{"weight":0.9081,"played":[1.0,0.0],"evs":[0.0,-0.77414]},"97s":{"weight":0.5806,"played":[0.9988,0.0012],"evs":[0.0,-0.1178]},"98s":{"weight":0.6764,"played":[0.0,1.0],"evs":[0.0,0.38676]},"99":{"weight":0.9227,"played":[0.0,1.0],"evs":[0.0,9.51783]},"T9o":{"weight":0.8519,"played":[1.0,0.0],"evs":[0.0,-0.53433]},"J9o":{"weight":0.8357,"played":[1.0,0.0],"evs":[0.0,-0.7587]},"Q9o":{"weight":0.8372,"played":[1.0,0.0],"evs":[0.0,-0.67461]},"K9o":{"weight":0.9698,"played":[1.0,0.0],"evs":[0.0,-0.48665]},"A9o":{"weight":0.7803,"played":[0.0,1.0],"evs":[0.0,3.73794]},"T2s":{"weight":1.0,"played":[1.0,0.0],"evs":[0.0,-2.92399]},"T3s":{"weight":1.0,"played":[1.0,0.0],"evs":[0.0,-2.54434]},"T4s":{"weight":0.8817,"played":[1.0,0.0],"evs":[0.0,-2.22301]},"T5s":{"weight":0.7441,"played":[1.0,0.0],"evs":[0.0,-1.93568]},"T6s":{"weight":0.6981,"played":[1.0,0.0],"evs":[0.0,-1.05399]},"T7s":{"weight":0.9889,"played":[1.0,0.0],"evs":[0.0,-0.32795]},"T8s":{"weight":0.9025,"played":[0.0,1.0],"evs":[0.0,0.18942]},"T9s":{"weight":0.495,"played":[0.0,1.0],"evs":[0.0,0.66701]},"TT":{"weight":0.8543,"played":[0.0,1.0],"evs":[0.0,10.09922]},"JTo":{"weight":0.7994,"played":[0.9998,2.0E-4],"evs":[0.0,-0.07814]},"QTo":{"weight":0.7311,"played":[0.45,0.55],"evs":[0.0,0.00813]},"KTo":{"weight":0.625,"played":[0.0,1.0],"evs":[0.0,0.19083]},"ATo":{"weight":1.0,"played":[0.0,1.0],"evs":[0.0,5.19738]},"J2s":{"weight":1.0,"played":[1.0,0.0],"evs":[0.0,-2.85099]},"J3s":{"weight":1.0,"played":[1.0,0.0],"evs":[0.0,-2.45467]},"J4s":{"weight":0.9281,"played":[1.0,0.0],"evs":[0.0,-2.11095]},"J5s":{"weight":0.8932,"played":[1.0,0.0],"evs":[0.0,-1.62629]},"J6s":{"weight":0.9981,"played":[1.0,0.0],"evs":[0.0,-1.27717]},"J7s":{"weight":0.9959,"played":[1.0,0.0],"evs":[0.0,-0.51584]},"J8s":{"weight":0.7343,"played":[0.4664,0.5336],"evs":[0.0,-0.00587]},"J9s":{"weight":0.8913,"played":[0.0,1.0],"evs":[0.0,0.47854]},"JTs":{"weight":0.7528,"played":[0.0,1.0],"evs":[0.0,1.11259]},"JJ":{"weight":0.7232,"played":[0.0,1.0],"evs":[0.0,10.6261]},"QJo":{"weight":0.4198,"played":[0.7829,0.2171],"evs":[0.0,-0.00653]},"KJo":{"weight":0.802,"played":[0.0,1.0],"evs":[0.0,0.44583]},"AJo":{"weight":1.0,"played":[0.0,1.0],"evs":[0.0,6.41324]},"Q2s":{"weight":1.0,"played":[1.0,0.0],"evs":[0.0,-2.51407]},"Q3s":{"weight":1.0,"played":[1.0,0.0],"evs":[0.0,-2.11588]},"Q4s":{"weight":0.9985,"played":[1.0,0.0],"evs":[0.0,-1.71814]},"Q5s":{"weight":0.6151,"played":[1.0,0.0],"evs":[0.0,-1.16835]},"Q6s":{"weight":0.8702,"played":[1.0,0.0],"evs":[0.0,-0.67071]},"Q7s":{"weight":0.9286,"played":[1.0,0.0],"evs":[0.0,-0.44868]},"Q8s":{"weight":0.7534,"played":[2.0E-4,0.9998],"evs":[0.0,0.07637]},"Q9s":{"weight":0.9997,"played":[0.0,1.0],"evs":[0.0,0.53936]},"QTs":{"weight":1.0,"played":[0.0,1.0],"evs":[0.0,1.19877]},"QJs":{"weight":0.9965,"played":[0.0,1.0],"evs":[0.0,1.19186]},"QQ":{"weight":0.6139,"played":[0.0,1.0],"evs":[0.0,11.22951]},"KQo":{"weight":0.7447,"played":[0.0,1.0],"evs":[0.0,0.83689]},"AQo":{"weight":0.9117,"played":[0.0,1.0],"evs":[0.0,7.38696]},"K2s":{"weight":1.0,"played":[1.0,0.0],"evs":[0.0,-1.90974]},"K3s":{"weight":1.0,"played":[1.0,0.0],"evs":[0.0,-1.52505]},"K4s":{"weight":0.9628,"played":[1.0,0.0],"evs":[0.0,-1.07391]},"K5s":{"weight":0.414,"played":[1.0,0.0],"evs":[0.0,-0.51822]},"K6s":{"weight":0.4207,"played":[0.6688,0.3312],"evs":[0.0,0.01235]},"K7s":{"weight":0.9998,"played":[0.0,1.0],"evs":[0.0,0.17752]},"K8s":{"weight":0.9899,"played":[0.0,1.0],"evs":[0.0,0.26815]},"K9s":{"weight":0.7285,"played":[0.0,1.0],"evs":[0.0,0.73111]},"KTs":{"weight":1.0,"played":[0.0,1.0],"evs":[0.0,1.36675]},"KJs":{"weight":1.0,"played":[0.0,1.0],"evs":[0.0,1.58478]},"KQs":{"weight":0.9994,"played":[0.0,1.0],"evs":[0.0,1.9419]},"KK":{"weight":0.3239,"played":[0.0,1.0],"evs":[0.0,12.04955]},"AKo":{"weight":0.907,"played":[0.0,1.0],"evs":[0.0,8.45322]},"A2s":{"weight":1.0,"played":[0.0,1.0],"evs":[0.0,0.12438]},"A3s":{"weight":0.7257,"played":[0.0,1.0],"evs":[0.0,0.55619]},"A4s":{"weight":1.0,"played":[0.0,1.0],"evs":[0.0,1.10563]},"A5s":{"weight":0.9997,"played":[0.0,1.0],"evs":[0.0,1.79763]},"A6s":{"weight":0.9953,"played":[0.0,1.0],"evs":[0.0,2.19509]},"A7s":{"weight":0.7605,"played":[0.0,1.0],"evs":[0.0,2.91109]},"A8s":{"weight":0.5465,"played":[0.0,1.0],"evs":[0.0,3.76846]},"A9s":{"weight":0.1318,"played":[0.0,1.0],"evs":[0.0,4.65522]},"ATs":{"weight":0.6313,"played":[0.0,1.0],"evs":[0.0,6.00801]},"AJs":{"weight":0.3799,"played":[0.0,1.0],"evs":[0.0,7.18345]},"AQs":{"weight":0.0015,"played":[0.0,1.0],"evs":[0.0,8.10083]},"AKs":{"weight":0.0036,"played":[0.0,1.0],"evs":[0.0,9.07261]},"AA":{"weight":0.1518,"played":[0.0,1.0],"evs":[0.0,16.83983]}}}