{"player":0,"street":0,"children":2,"sequence":[{"player":0,"type":"C","amount":5000,"street":0},{"player":1,"type":"R","amount":200000,"street":0}],"actions":[{"type":"F","amount":0},{"type":"C","amount":190000}],"hands":{"22":{"weight":0.0,"played":[0.0,1.0],"evs":[0.0,1.34586]},"32o":{"weight":1.0,"played":[1.0,0.0],"evs":[0.0,-6.17824]},"42o":{"weight":1.0,"played":[1.0,0.0],"evs":[0.0,-5.84348]},"52o":{"weight":1.0,"played":[1.0,0.0],"evs":[0.0,-5.29818]},"62o":{"weight":1.0,"played":[1.0,0.0],"evs":[0.0,-5.49488]},"72o":{"weight":1.0,"played":[1.0,0.0],"evs":[0.0,-5.37703]},"82o":{"weight":1.0,"played":[1.0,0.0],"evs":[0.0,-4.81038]},"92o":{"weight":1.0,"played":[1.0,0.0],"evs":[0.0,-4.52047]},"T2o":{"weight":1.0,"played":[1.0,0.0],"evs":[0.0,-4.30839]},"J2o":{"weight":1.0,"played":[1.0,0.0],"evs":[0.0,-4.27385]},"Q2o":{"weight":1.0,"played":[1.0,0.0],"evs":[0.0,-3.96743]},"K2o":{"weight":1.0,"played":[1.0,0.0],"evs":[0.0,-3.33977]},"A2o":{"weight":0.311,"played":[1.0,0.0],"evs":[0.0,-1.06677]},"32s":{"weight":0.4807,"played":[1.0,0.0],"evs":[0.0,-4.60049]},"33":{"weight":0.0,"played":[0.0,1.0],"evs":[0.0,2.74492]},"43o":{"weight":1.0,"played":[1.0,0.0],"evs":[0.0,-5.00498]},"53o":{"weight":1.0,"played":[1.0,0.0],"evs":[0.0,-4.4572]},"63o":{"weight":1.0,"played":[1.0,0.0],"evs":[0.0,-4.64458]},"73o":{"weight":1.0,"played":[1.0,0.0],"evs":[0.0,-4.55926]},"83o":{"weight":1.0,"played":[1.0,0.0],"evs":[0.0,-4.53968]},"93o":{"weight":1.0,"played":[1.0,0.0],"evs":[0.0,-4.13559]},"T3o":{"weight":1.0,"played":[1.0,0.0],"evs":[0.0,-3.91409]},"J3o":{"weight":1.0,"played":[1.0,0.0],"evs":[0.0,-3.87603]},"Q3o":{"weight":1.0,"played":[1.0,0.0],"evs":[0.0,-3.57019]},"K3o":{"weight":0.9997,"played":[1.0,0.0],"evs":[0.0,-2.91073]},"A3o":{"weight":0.0,"played":[1.0,0.0],"evs":[0.0,-0.57171]},"42s":{"weight":0.5482,"played":[1.0,0.0],"evs":[0.0,-4.28301]},"43s":{"weight":0.9997,"played":[1.0,0.0],"evs":[0.0,-3.49335]},"44":{"weight":0.4659,"played":[0.0,1.0],"evs":[0.0,4.27556]},"54o":{"weight":0.871,"played":[1.0,0.0],"evs":[0.0,-3.7062]},"64o":{"weight":0.9457,"played":[1.0,0.0],"evs":[0.0,-3.83317]},"74o":{"weight":1.0,"played":[1.0,0.0],"evs":[0.0,-3.76517]},"84o":{"weight":1.0,"played":[1.0,0.0],"evs":[0.0,-3.74073]},"94o":{"weight":1.0,"played":[1.0,0.0],"evs":[0.0,-3.88359]},"T4o":{"weight":1.0,"played":[1.0,0.0],"evs":[0.0,-3.55242]},"J4o":{"weight":0.9627,"played":[1.0,0.0],"evs":[0.0,-3.48749]},"Q4o":{"weight":0.8444,"played":[1.0,0.0],"evs":[0.0,-3.10838]},"K4o":{"weight":0.827,"played":[1.0,0.0],"evs":[0.0,-2.35933]},"A4o":{"weight":0.0,"played":[0.0,1.0],"evs":[0.0,0.06413]},"52s":{"weight":0.816,"played":[1.0,0.0],"evs":[0.0,-3.77047]},"53s":{"weight":1.0,"played":[1.0,0.0],"evs":[0.0,-2.979]},"54s":{"weight":1.0,"played":[1.0,0.0],"evs":[0.0,-2.27904]},"55":{"weight":0.7485,"played":[0.0,1.0],"evs":[0.0,5.9117]},"65o":{"weight":0.7365,"played":[1.0,0.0],"evs":[0.0,-2.84984]},"75o":{"weight":0.9291,"played":[1.0,0.0],"evs":[0.0,-2.77213]},"85o":{"weight":0.98,"played":[1.0,0.0],"evs":[0.0,-2.73986]},"95o":{"weight":0.9999,"played":[1.0,0.0],"evs":[0.0,-2.85625]},"T5o":{"weight":0.9983,"played":[1.0,0.0],"evs":[0.0,-3.08825]},"J5o":{"weight":0.7944,"played":[1.0,0.0],"evs":[0.0,-2.84221]},"Q5o":{"weight":0.6787,"played":[1.0,0.0],"evs":[0.0,-2.48946]},"K5o":{"weight":0.604,"played":[1.0,0.0],"evs":[0.0,-1.81922]},"A5o":{"weight":0.5993,"played":[0.0,1.0],"evs":[0.0,0.72548]},"62s":{"weight":0.8588,"played":[1.0,0.0],"evs":[0.0,-3.93395]},"63s":{"weight":0.6046,"played":[1.0,0.0],"evs":[0.0,-3.15352]},"64s":{"weight":1.0,"played":[1.0,0.0],"evs":[0.0,-2.40055]},"65s":{"weight":1.0,"played":[1.0,0.0],"evs":[0.0,-1.47496]},"66":{"weight":0.9418,"played":[0.0,1.0],"evs":[0.0,7.43358]},"76o":{"weight":0.91,"played":[1.0,0.0],"evs":[0.0,-1.97647]},"86o":{"weight":0.8932,"played":[1.0,0.0],"evs":[0.0,-1.93337]},"96o":{"weight":0.8481,"played":[1.0,0.0],"evs":[0.0,-2.05583]},"T6o":{"weight":0.7681,"played":[1.0,0.0],"evs":[0.0,-2.27244]},"J6o":{"weight":0.6979,"played":[1.0,0.0],"evs":[0.0,-2.59801]},"Q6o":{"weight":0.6417,"played":[1.0,0.0],"evs":[0.0,-2.05067]},"K6o":{"weight":0.6105,"played":[1.0,0.0],"evs":[0.0,-1.28327]},"A6o":{"weight":0.4579,"played":[0.0,1.0],"evs":[0.0,1.16631]},"72s":{"weight":1.0,"played":[1.0,0.0],"evs":[0.0,-3.82862]},"73s":{"weight":0.2736,"played":[1.0,0.0],"evs":[0.0,-3.05564]},"74s":{"weight":0.7736,"played":[1.0,0.0],"evs":[0.0,-2.32807]},"75s":{"weight":1.0,"played":[1.0,0.0],"evs":[0.0,-1.40884]},"76s":{"weight":1.0,"played":[1.0,0.0],"evs":[0.0,-0.67391]},"77":{"weight":0.8099,"played":[0.0,1.0],"evs":[0.0,8.43121]},"87o":{"weight":0.946,"played":[1.0,0.0],"evs":[0.0,-1.17911]},"97o":{"weight":0.8252,"played":[1.0,0.0],"evs":[0.0,-1.33344]},"T7o":{"weight":0.7719,"played":[1.0,0.0],"evs":[0.0,-1.56019]},"J7o":{"weight":0.6333,"played":[1.0,0.0],"evs":[0.0,-1.82768]},"Q7o":{"weight":0.7025,"played":[1.0,0.0],"evs":[0.0,-1.82757]},"K7o":{"weight":0.759,"played":[1.0,0.0],"evs":[0.0,-1.0269]},"A7o":{"weight":0.8306,"played":[0.0,1.0],"evs":[0.0,2.05234]},"82s":{"weight":0.7141,"played":[1.0,0.0],"evs":[0.0,-3.30216]},"83s":{"weight":0.9662,"played":[1.0,0.0],"evs":[0.0,-3.05507]},"84s":{"weight":0.0021,"played":[1.0,0.0],"evs":[0.0,-2.31105]},"85s":{"weight":0.9888,"played":[1.0,0.0],"evs":[0.0,-1.37243]},"86s":{"weight":1.0,"played":[1.0,0.0],"evs":[0.0,-0.62282]},"87s":{"weight":0.2827,"played":[7.0E-4,0.9993],"evs":[0.0,0.08173]},"88":{"weight":0.7126,"played":[0.0,1.0],"evs":[0.0,9.1628]},"98o":{"weight":0.9574,"played":[1.0,0.0],"evs":[0.0,-0.78938]},"T8o":{"weight":0.7255,"played":[1.0,0.0],"evs":[0.0,-0.97437]},"J8o":{"weight":0.7281,"played":[1.0,0.0],"evs":[0.0,-1.27455]},"Q8o":{"weight":0.7988,"played":[1.0,0.0],"evs":[0.0,-1.23075]},"K8o":{"weight":0.6917,"played":[1.0,0.0],"evs":[0.0,-0.91788]},"A8o":{"weight":0.85,"played":[0.0,1.0],"evs":[0.0,3.05666]},"92s":{"weight":0.9448,"played":[1.0,0.0],"evs":[0.0,-3.01149]},"93s":{"weight":9.0E-4,"played":[1.0,0.0],"evs":[0.0,-2.64802]},"94s":{"weight":0.571,"played":[1.0,0.0],"evs":[0.0,-2.44478]},"95s":{"weight":0.6452,"played":[1.0,0.0],"evs":[0.0,-1.48183]},"96s":{"weight":1.0,"played":[1.0,0.0],"evs":[0.0,-0.72481]},"97s":{"weight":0.8787,"played":[1.0,0.0],"evs":[0.0,-0.05701]},"98s":{"weight":0.5469,"played":[0.0,1.0],"evs":[0.0,0.46196]},"99":{"weight":0.8904,"played":[0.0,1.0],"evs":[0.0,9.62889]},"T9o":{"weight":0.9796,"played":[1.0,0.0],"evs":[0.0,-0.38945]},"J9o":{"weight":0.8135,"played":[1.0,0.0],"evs":[0.0,-0.74159]},"Q9o":{"weight":0.8344,"played":[1.0,0.0],"evs":[0.0,-0.69902]},"K9o":{"weight":0.9328,"played":[1.0,0.0],"evs":[0.0,-0.36486]},"A9o":{"weight":0.9252,"played":[0.0,1.0],"evs":[0.0,4.00851]},"T2s":{"weight":0.8258,"played":[1.0,0.0],"evs":[0.0,-2.82499]},"T3s":{"weight":0.7489,"played":[1.0,0.0],"evs":[0.0,-2.45689]},"T4s":{"weight":0.8051,"played":[1.0,0.0],"evs":[0.0,-2.11947]},"T5s":{"weight":0.4493,"played":[1.0,0.0],"evs":[0.0,-1.69516]},"T6s":{"weight":1.0,"played":[1.0,0.0],"evs":[0.0,-0.93327]},"T7s":{"weight":0.9812,"played":[1.0,0.0],"evs":[0.0,-0.2725]},"T8s":{"weight":0.9968,"played":[0.0,1.0],"evs":[0.0,0.29197]},"T9s":{"weight":0.4162,"played":[0.0,1.0],"evs":[0.0,0.81813]},"TT":{"weight":0.8319,"played":[0.0,1.0],"evs":[0.0,10.16782]},"JTo":{"weight":0.7838,"played":[0.9997,3.0E-4],"evs":[0.0,-0.0363]},"QTo":{"weight":0.7692,"played":[0.4313,0.5687],"evs":[0.0,-0.00144]},"KTo":{"weight":0.6675,"played":[0.0,1.0],"evs":[0.0,0.31591]},"ATo":{"weight":1.0,"played":[0.0,1.0],"evs":[0.0,5.31666]},"J2s":{"weight":1.0,"played":[1.0,0.0],"evs":[0.0,-2.77747]},"J3s":{"weight":0.9999,"played":[1.0,0.0],"evs":[0.0,-2.41431]},"J4s":{"weight":0.9967,"played":[1.0,0.0],"evs":[0.0,-2.06663]},"J5s":{"weight":0.8839,"played":[1.0,0.0],"evs":[0.0,-1.47487]},"J6s":{"weight":1.0,"played":[1.0,0.0],"evs":[0.0,-1.23064]},"J7s":{"weight":1.0,"played":[1.0,0.0],"evs":[0.0,-0.51968]},"J8s":{"weight":0.9989,"played":[0.7367,0.2633],"evs":[0.0,-7.0E-4]},"J9s":{"weight":0.9616,"played":[0.0,1.0],"evs":[0.0,0.49401]},"JTs":{"weight":0.609,"played":[0.0,1.0],"evs":[0.0,1.16273]},"JJ":{"weight":0.9263,"played":[0.0,1.0],"evs":[0.0,10.68721]},"QJo":{"weight":0.4524,"played":[0.9806,0.0194],"evs":[0.0,-0.02428]},"KJo":{"weight":0.7246,"played":[0.0,1.0],"evs":[0.0,0.58397]},"AJo":{"weight":1.0,"played":[0.0,1.0],"evs":[0.0,6.42846]},"Q2s":{"weight":1.0,"played":[1.0,0.0],"evs":[0.0,-2.50963]},"Q3s":{"weight":1.0,"played":[1.0,0.0],"evs":[0.0,-2.14226]},"Q4s":{"weight":1.0,"played":[1.0,0.0],"evs":[0.0,-1.72247]},"Q5s":{"weight":1.0,"played":[1.0,0.0],"evs":[0.0,-1.13568]},"Q6s":{"weight":1.0,"played":[1.0,0.0],"evs":[0.0,-0.72561]},"Q7s":{"weight":1.0,"played":[1.0,0.0],"evs":[0.0,-0.51886]},"Q8s":{"weight":0.9983,"played":[0.0,1.0],"evs":[0.0,0.04472]},"Q9s":{"weight":0.9836,"played":[0.0,1.0],"evs":[0.0,0.55266]},"QTs":{"weight":0.9651,"played":[0.0,1.0],"evs":[0.0,1.20773]},"QJs":{"weight":0.9874,"played":[0.0,1.0],"evs":[0.0,1.17755]},"QQ":{"weight":0.8121,"played":[0.0,1.0],"evs":[0.0,11.19637]},"KQo":{"weight":0.8632,"played":[0.0,1.0],"evs":[0.0,0.88559]},"AQo":{"weight":0.8244,"played":[0.0,1.0],"evs":[0.0,7.31268]},"K2s":{"weight":1.0,"played":[1.0,0.0],"evs":[0.0,-1.91626]},"K3s":{"weight":1.0,"played":[1.0,0.0],"evs":[0.0,-1.506]},"K4s":{"weight":1.0,"played":[1.0,0.0],"evs":[0.0,-1.00523]},"K5s":{"weight":1.0,"played":[1.0,0.0],"evs":[0.0,-0.49843]},"K6s":{"weight":0.9998,"played":[0.7151,0.2849],"evs":[0.0,-0.00827]},"K7s":{"weight":1.0,"played":[0.0,1.0],"evs":[0.0,0.24092]},"K8s":{"weight":1.0,"played":[0.0,1.0],"evs":[0.0,0.34371]},"K9s":{"weight":0.787,"played":[0.0,1.0],"evs":[0.0,0.85421]},"KTs":{"weight":1.0,"played":[0.0,1.0],"evs":[0.0,1.49962]},"KJs":{"weight":1.0,"played":[0.0,1.0],"evs":[0.0,1.75174]},"KQs":{"weight":0.4905,"played":[0.0,1.0],"evs":[0.0,2.03854]},"KK":{"weight":0.6327,"played":[0.0,1.0],"evs":[0.0,12.04038]},"AKo":{"weight":0.7304,"played":[0.0,1.0],"evs":[0.0,8.49025]},"A2s":{"weight":1.0,"played":[0.0,1.0],"evs":[0.0,0.20018]},"A3s":{"weight":1.0,"played":[0.0,1.0],"evs":[0.0,0.64383]},"A4s":{"weight":0.9986,"played":[0.0,1.0],"evs":[0.0,1.23286]},"A5s":{"weight":0.9836,"played":[0.0,1.0],"evs":[0.0,1.84286]},"A6s":{"weight":0.9846,"played":[0.0,1.0],"evs":[0.0,2.26617]},"A7s":{"weight":0.3202,"played":[0.0,1.0],"evs":[0.0,3.09566]},"A8s":{"weight":0.0804,"played":[0.0,1.0],"evs":[0.0,4.02056]},"A9s":{"weight":0.1468,"played":[0.0,1.0],"evs":[0.0,4.93271]},"ATs":{"weight":0.9143,"played":[0.0,1.0],"evs":[0.0,6.16158]},"AJs":{"weight":0.1563,"played":[0.0,1.0],"evs":[0.0,7.20752]},"AQs":{"weight":0.0,"played":[0.0,1.0],"evs":[0.0,8.05541]},"AKs":{"weight":2.0E-4,"played":[0.0,1.0],"evs":[0.0,9.15942]},"AA":{"weight":0.0638,"played":[0.0,1.0],"evs":[0.0,16.85507]}}}