{"player":0,"street":0,"children":3,"sequence":[{"player":0,"type":"R","amount":20000,"street":0},{"player":1,"type":"R","amount":55000,"street":0}],"actions":[{"type":"F","amount":0},{"type":"C","amount":35000},{"type":"R","amount":200000,"node":7}],"hands":{"22":{"weight":0.0,"played":[0.0,2.0E-4,0.9998],"evs":[0.0,0.4808,0.71258]},"32o":{"weight":0.0,"played":[1.0,0.0,0.0],"evs":[0.0,-0.6904,-1.92259]},"42o":{"weight":0.0,"played":[1.0,0.0,0.0],"evs":[0.0,-0.61827,-1.812]},"52o":{"weight":0.0,"played":[1.0,0.0,0.0],"evs":[0.0,-0.57322,-1.71159]},"62o":{"weight":0.0,"played":[1.0,0.0,0.0],"evs":[0.0,-0.82006,-1.89039]},"72o":{"weight":0.0,"played":[1.0,0.0,0.0],"evs":[0.0,-1.01687,-2.05043]},"82o":{"weight":0.0,"played":[1.0,0.0,0.0],"evs":[0.0,-1.10966,-1.87029]},"92o":{"weight":0.0,"played":[1.0,0.0,0.0],"evs":[0.0,-0.90954,-1.5565]},"T2o":{"weight":0.0,"played":[1.0,0.0,0.0],"evs":[0.0,-0.69964,-1.3242]},"J2o":{"weight":0.0,"played":[1.0,0.0,0.0],"evs":[0.0,-0.37306,-1.00573]},"Q2o":{"weight":0.0,"played":[1.0,0.0,0.0],"evs":[0.0,-0.17955,-0.7011]},"K2o":{"weight":0.0,"played":[1.0,0.0,0.0],"evs":[0.0,-0.11735,-0.59224]},"A2o":{"weight":0.0,"played":[0.0,0.0,1.0],"evs":[0.0,2.22302,2.33672]},"32s":{"weight":0.291,"played":[0.5286,0.4714,0.0],"evs":[0.0,-0.01996,-0.95245]},"33":{"weight":0.0,"played":[0.0,0.0,1.0],"evs":[0.0,0.78087,0.84103]},"43o":{"weight":0.0046,"played":[1.0,0.0,0.0],"evs":[0.0,-0.33471,-1.43726]},"53o":{"weight":0.0486,"played":[1.0,0.0,0.0],"evs":[0.0,-0.28481,-1.35855]},"63o":{"weight":0.0,"played":[1.0,0.0,0.0],"evs":[0.0,-0.51268,-1.51123]},"73o":{"weight":0.0,"played":[1.0,0.0,0.0],"evs":[0.0,-0.7771,-1.67828]},"83o":{"weight":0.0,"played":[1.0,0.0,0.0],"evs":[0.0,-1.09299,-1.85334]},"93o":{"weight":0.0,"played":[1.0,0.0,0.0],"evs":[0.0,-0.86366,-1.43295]},"T3o":{"weight":0.0278,"played":[1.0,0.0,0.0],"evs":[0.0,-0.70415,-1.24141]},"J3o":{"weight":0.0021,"played":[1.0,0.0,0.0],"evs":[0.0,-0.3848,-0.90479]},"Q3o":{"weight":1.0E-4,"played":[1.0,0.0,0.0],"evs":[0.0,-0.18498,-0.61349]},"K3o":{"weight":0.1618,"played":[1.0,0.0,0.0],"evs":[0.0,-0.08886,-0.46815]},"A3o":{"weight":0.0,"played":[0.0,0.032,0.968],"evs":[0.0,2.3953,2.43208]},"42s":{"weight":0.24,"played":[0.0102,0.9898,0.0],"evs":[0.0,0.04729,-0.86616]},"43s":{"weight":0.1111,"played":[1.0E-4,0.9999,0.0],"evs":[0.0,0.32875,-0.52491]},"44":{"weight":0.1296,"played":[0.0,0.3412,0.6588],"evs":[0.0,1.01971,1.02157]},"54o":{"weight":0.2602,"played":[1.0,0.0,0.0],"evs":[0.0,-0.03282,-0.95418]},"64o":{"weight":0.0133,"played":[1.0,0.0,0.0],"evs":[0.0,-0.26373,-1.11388]},"74o":{"weight":0.0,"played":[1.0,0.0,0.0],"evs":[0.0,-0.50533,-1.25357]},"84o":{"weight":0.0,"played":[1.0,0.0,0.0],"evs":[0.0,-0.8113,-1.42508]},"94o":{"weight":0.0,"played":[1.0,0.0,0.0],"evs":[0.0,-0.83055,-1.4118]},"T4o":{"weight":0.0124,"played":[1.0,0.0,0.0],"evs":[0.0,-0.62873,-1.10537]},"J4o":{"weight":0.1614,"played":[1.0,0.0,0.0],"evs":[0.0,-0.32515,-0.79294]},"Q4o":{"weight":0.2105,"played":[1.0,0.0,0.0],"evs":[0.0,-0.09315,-0.46201]},"K4o":{"weight":0.2088,"played":[0.9908,0.0092,0.0],"evs":[0.0,-0.01642,-0.35653]},"A4o":{"weight":0.0,"played":[0.0,0.0352,0.9648],"evs":[0.0,2.50571,2.52788]},"52s":{"weight":0.0328,"played":[5.0E-4,0.9995,0.0],"evs":[0.0,0.07114,-0.79694]},"53s":{"weight":0.0895,"played":[1.0E-4,0.9999,0.0],"evs":[0.0,0.4263,-0.39586]},"54s":{"weight":0.0017,"played":[0.0,1.0,0.0],"evs":[0.0,0.67564,-0.04803]},"55":{"weight":0.4154,"played":[0.0,0.9998,2.0E-4],"evs":[0.0,1.30659,1.23085]},"65o":{"weight":0.2768,"played":[0.9897,0.0103,0.0],"evs":[0.0,-0.03514,-0.79029]},"75o":{"weight":0.0773,"played":[1.0,0.0,0.0],"evs":[0.0,-0.28171,-0.90315]},"85o":{"weight":0.0381,"played":[1.0,0.0,0.0],"evs":[0.0,-0.58696,-1.02125]},"95o":{"weight":2.0E-4,"played":[1.0,0.0,0.0],"evs":[0.0,-0.60643,-0.95282]},"T5o":{"weight":0.0811,"played":[1.0,0.0,0.0],"evs":[0.0,-0.61555,-1.0368]},"J5o":{"weight":0.2093,"played":[1.0,0.0,0.0],"evs":[0.0,-0.24613,-0.63252]},"Q5o":{"weight":0.2922,"played":[1.0,0.0,0.0],"evs":[0.0,-0.06539,-0.34418]},"K5o":{"weight":0.2466,"played":[0.4738,0.5262,0.0],"evs":[0.0,-0.00363,-0.21907]},"A5o":{"weight":0.1072,"played":[0.0,0.0495,0.9505],"evs":[0.0,2.61935,2.68077]},"62s":{"weight":0.6315,"played":[1.0,0.0,0.0],"evs":[0.0,-0.12203,-0.93778]},"63s":{"weight":0.0167,"played":[2.0E-4,0.9998,0.0],"evs":[0.0,0.17242,-0.587]},"64s":{"weight":0.3326,"played":[0.0,1.0,0.0],"evs":[0.0,0.4379,-0.21572]},"65s":{"weight":0.01,"played":[0.0,0.9999,1.0E-4],"evs":[0.0,0.68539,0.13322]},"66":{"weight":0.0434,"played":[0.0,1.0,0.0],"evs":[0.0,1.69533,1.60671]},"76o":{"weight":0.0208,"played":[0.1668,0.8332,0.0],"evs":[0.0,-0.00396,-0.50746]},"86o":{"weight":0.2193,"played":[1.0,0.0,0.0],"evs":[0.0,-0.25974,-0.612]},"96o":{"weight":0.1079,"played":[1.0,0.0,0.0],"evs":[0.0,-0.28151,-0.54096]},"T6o":{"weight":0.2859,"played":[1.0,0.0,0.0],"evs":[0.0,-0.34347,-0.61643]},"J6o":{"weight":0.184,"played":[1.0,0.0,0.0],"evs":[0.0,-0.20136,-0.52401]},"Q6o":{"weight":0.1987,"played":[0.9673,0.0327,0.0],"evs":[0.0,-0.00862,-0.13434]},"K6o":{"weight":0.2228,"played":[0.0365,0.9634,1.0E-4],"evs":[0.0,0.0215,-0.01748]},"A6o":{"weight":0.0,"played":[0.0,0.0,1.0],"evs":[0.0,2.30085,2.5775]},"72s":{"weight":1.0E-4,"played":[1.0,0.0,0.0],"evs":[0.0,-0.32548,-1.07527]},"73s":{"weight":0.7022,"played":[0.9995,5.0E-4,0.0],"evs":[0.0,-0.04266,-0.69534]},"74s":{"weight":0.1777,"played":[4.0E-4,0.9996,0.0],"evs":[0.0,0.2124,-0.34757]},"75s":{"weight":0.1253,"played":[0.0,1.0,0.0],"evs":[0.0,0.45207,0.02702]},"76s":{"weight":0.326,"played":[0.0,1.0,0.0],"evs":[0.0,0.74145,0.39089]},"77":{"weight":0.0757,"played":[0.0,0.9691,0.0309],"evs":[0.0,1.93961,1.91838]},"87o":{"weight":0.1211,"played":[1.0,0.0,0.0],"evs":[0.0,-0.10747,-0.40723]},"97o":{"weight":0.2463,"played":[0.9997,3.0E-4,0.0],"evs":[0.0,-0.03212,-0.28836]},"T7o":{"weight":0.3584,"played":[1.0,0.0,0.0],"evs":[0.0,-0.07022,-0.32071]},"J7o":{"weight":0.4014,"played":[0.9994,6.0E-4,0.0],"evs":[0.0,-0.0315,-0.25438]},"Q7o":{"weight":0.24,"played":[0.9934,0.0066,0.0],"evs":[0.0,-0.01602,-0.18239]},"K7o":{"weight":0.231,"played":[4.0E-4,0.9755,0.024],"evs":[0.0,0.03088,0.00469]},"A7o":{"weight":0.0013,"played":[0.0,0.0,1.0],"evs":[0.0,2.34083,2.63927]},"82s":{"weight":0.5699,"played":[1.0,0.0,0.0],"evs":[0.0,-0.37575,-0.87554]},"83s":{"weight":0.4872,"played":[1.0,0.0,0.0],"evs":[0.0,-0.3871,-0.87599]},"84s":{"weight":0.2035,"played":[0.9996,4.0E-4,0.0],"evs":[0.0,-0.08653,-0.48975]},"85s":{"weight":0.1081,"played":[6.0E-4,0.9994,0.0],"evs":[0.0,0.16397,-0.11894]},"86s":{"weight":0.0,"played":[0.0,1.0,0.0],"evs":[0.0,0.48081,0.28125]},"87s":{"weight":0.3848,"played":[0.0,1.0,0.0],"evs":[0.0,0.66651,0.50052]},"88":{"weight":0.1918,"played":[0.0,0.8561,0.1439],"evs":[0.0,2.29169,2.27716]},"98o":{"weight":0.1448,"played":[0.0187,0.9813,0.0],"evs":[0.0,0.00947,-0.12217]},"T8o":{"weight":0.209,"played":[0.8806,0.1193,0.0],"evs":[0.0,-0.00653,-0.17431]},"J8o":{"weight":0.179,"played":[0.0423,0.9576,1.0E-4],"evs":[0.0,0.0122,-0.09369]},"Q8o":{"weight":0.1985,"played":[0.0043,0.9957,0.0],"evs":[0.0,0.0104,-0.05667]},"K8o":{"weight":0.141,"played":[0.0,1.0,0.0],"evs":[0.0,0.07475,-0.07845]},"A8o":{"weight":1.0E-4,"played":[0.0,0.0,1.0],"evs":[0.0,2.46026,2.64204]},"92s":{"weight":0.2794,"played":[1.0,0.0,0.0],"evs":[0.0,-0.18535,-0.55138]},"93s":{"weight":0.4765,"played":[1.0,0.0,0.0],"evs":[0.0,-0.15479,-0.49728]},"94s":{"weight":0.756,"played":[0.9999,1.0E-4,0.0],"evs":[0.0,-0.09879,-0.44297]},"95s":{"weight":0.1231,"played":[2.0E-4,0.9998,0.0],"evs":[0.0,0.13683,-0.05785]},"96s":{"weight":0.0919,"played":[0.0,0.9997,3.0E-4],"evs":[0.0,0.46684,0.33996]},"97s":{"weight":0.0012,"played":[0.0,0.9998,2.0E-4],"evs":[0.0,0.69031,0.58377]},"98s":{"weight":0.3236,"played":[0.0,0.8884,0.1116],"evs":[0.0,0.78395,0.74652]},"99":{"weight":0.0773,"played":[0.0,0.0081,0.9919],"evs":[0.0,3.38835,3.43569]},"T9o":{"weight":0.1481,"played":[0.0,0.9983,0.0017],"evs":[0.0,0.43458,0.34928]},"J9o":{"weight":0.1643,"played":[0.0,0.9951,0.0049],"evs":[0.0,0.42885,0.3748]},"Q9o":{"weight":0.1628,"played":[0.0,1.0,0.0],"evs":[0.0,0.45928,0.40589]},"K9o":{"weight":0.0302,"played":[0.0,1.0,0.0],"evs":[0.0,0.63082,0.32218]},"A9o":{"weight":0.0014,"played":[0.0,0.0,1.0],"evs":[0.0,2.60072,2.88829]},"T2s":{"weight":0.0,"played":[0.9972,0.0028,0.0],"evs":[0.0,-0.01684,-0.38959]},"T3s":{"weight":0.0,"played":[0.6523,0.3477,0.0],"evs":[0.0,0.01382,-0.27908]},"T4s":{"weight":0.1183,"played":[5.0E-4,0.9995,0.0],"evs":[0.0,0.07954,-0.17296]},"T5s":{"weight":0.2559,"played":[0.0,1.0,0.0],"evs":[0.0,0.10605,-0.10461]},"T6s":{"weight":0.3019,"played":[0.0,1.0,0.0],"evs":[0.0,0.39758,0.29206]},"T7s":{"weight":1.0E-4,"played":[0.0,0.9995,5.0E-4],"evs":[0.0,0.66697,0.55569]},"T8s":{"weight":0.0975,"played":[0.0,0.9395,0.0605],"evs":[0.0,0.76171,0.71075]},"T9s":{"weight":0.505,"played":[0.0,0.4985,0.5015],"evs":[0.0,1.19993,1.18989]},"TT":{"weight":0.1457,"played":[0.0,0.0016,0.9984],"evs":[0.0,4.86534,4.9089]},"JTo":{"weight":0.1925,"played":[0.0,0.7169,0.2831],"evs":[0.0,0.86953,0.86201]},"QTo":{"weight":0.1825,"played":[0.0,0.8314,0.1686],"evs":[0.0,0.90902,0.90942]},"KTo":{"weight":0.375,"played":[0.0,0.9999,1.0E-4],"evs":[0.0,1.28747,1.13159]},"ATo":{"weight":0.0,"played":[0.0,0.0,1.0],"evs":[0.0,3.17858,3.67142]},"J2s":{"weight":0.0,"played":[1.0E-4,0.9999,0.0],"evs":[0.0,0.32682,-0.08527]},"J3s":{"weight":0.0,"played":[1.0E-4,0.9999,0.0],"evs":[0.0,0.33577,0.01614]},"J4s":{"weight":0.0719,"played":[0.0,1.0,0.0],"evs":[0.0,0.40581,0.13029]},"J5s":{"weight":0.1068,"played":[0.0,1.0,0.0],"evs":[0.0,0.48862,0.25895]},"J6s":{"weight":0.0019,"played":[0.0,0.9983,0.0017],"evs":[0.0,0.54787,0.38292]},"J7s":{"weight":0.0041,"played":[0.0,0.9999,1.0E-4],"evs":[0.0,0.73962,0.63236]},"J8s":{"weight":0.1625,"played":[0.0,0.9105,0.0895],"evs":[0.0,0.7828,0.78507]},"J9s":{"weight":0.1087,"played":[0.0,0.9838,0.0162],"evs":[0.0,1.23529,1.21114]},"JTs":{"weight":0.2472,"played":[0.0,0.2095,0.7905],"evs":[0.0,1.72831,1.74253]},"JJ":{"weight":0.2768,"played":[0.0,0.9861,0.0139],"evs":[0.0,6.5343,6.48069]},"QJo":{"weight":0.2668,"played":[0.0,0.7632,0.2368],"evs":[0.0,1.2195,1.21614]},"KJo":{"weight":0.198,"played":[0.0,0.4019,0.5981],"evs":[0.0,2.08526,2.08405]},"AJo":{"weight":0.0,"played":[0.0,0.0,1.0],"evs":[0.0,3.56161,4.10916]},"Q2s":{"weight":0.0,"played":[0.0,1.0,0.0],"evs":[0.0,0.55516,0.22951]},"Q3s":{"weight":0.0,"played":[0.0,1.0,0.0],"evs":[0.0,0.52309,0.30885]},"Q4s":{"weight":0.0015,"played":[0.0,1.0,0.0],"evs":[0.0,0.70227,0.46362]},"Q5s":{"weight":0.3849,"played":[0.0,1.0,0.0],"evs":[0.0,0.72352,0.55986]},"Q6s":{"weight":0.1295,"played":[0.0,0.9996,4.0E-4],"evs":[0.0,0.79791,0.74681]},"Q7s":{"weight":0.0713,"played":[0.0,1.0,0.0],"evs":[0.0,0.77968,0.69522]},"Q8s":{"weight":0.001,"played":[0.0,0.2461,0.7539],"evs":[0.0,0.82985,0.84495]},"Q9s":{"weight":3.0E-4,"played":[0.0,0.953,0.047],"evs":[0.0,1.322,1.30948]},"QTs":{"weight":0.0,"played":[0.0,0.9539,0.0461],"evs":[0.0,1.79164,1.75157]},"QJs":{"weight":0.0035,"played":[0.0,0.9995,5.0E-4],"evs":[0.0,2.06178,2.02401]},"QQ":{"weight":0.3861,"played":[0.0,1.0,0.0],"evs":[0.0,8.70892,8.39204]},"KQo":{"weight":0.2553,"played":[0.0,0.0,1.0],"evs":[0.0,3.29831,3.62283]},"AQo":{"weight":0.0883,"played":[0.0,0.0,1.0],"evs":[0.0,4.2461,4.86355]},"K2s":{"weight":0.0,"played":[0.0,1.0,0.0],"evs":[0.0,0.67621,0.34756]},"K3s":{"weight":0.0,"played":[0.0,1.0,0.0],"evs":[0.0,0.73266,0.43945]},"K4s":{"weight":0.0372,"played":[0.0,1.0,0.0],"evs":[0.0,0.8016,0.57916]},"K5s":{"weight":0.586,"played":[0.0,1.0,0.0],"evs":[0.0,0.85563,0.68126]},"K6s":{"weight":0.2242,"played":[0.0,0.956,0.044],"evs":[0.0,0.90171,0.88178]},"K7s":{"weight":2.0E-4,"played":[0.0,0.8996,0.1004],"evs":[0.0,0.91798,0.89432]},"K8s":{"weight":0.0101,"played":[0.0,1.0,0.0],"evs":[0.0,0.9862,0.79058]},"K9s":{"weight":0.2715,"played":[0.0,1.0,0.0],"evs":[0.0,1.56301,1.17222]},"KTs":{"weight":0.0,"played":[0.0,0.9992,8.0E-4],"evs":[0.0,2.24002,1.98167]},"KJs":{"weight":0.0,"played":[0.0,0.9999,1.0E-4],"evs":[0.0,2.9975,2.87158]},"KQs":{"weight":6.0E-4,"played":[0.0,0.0,1.0],"evs":[0.0,4.09639,4.30413]},"KK":{"weight":0.6761,"played":[0.0,1.0,0.0],"evs":[0.0,11.90337,10.80805]},"AKo":{"weight":0.093,"played":[0.0,0.0,1.0],"evs":[0.0,5.10405,5.78935]},"A2s":{"weight":0.0,"played":[0.0,0.0,1.0],"evs":[0.0,3.02421,3.11787]},"A3s":{"weight":0.2743,"played":[0.0,0.403,0.597],"evs":[0.0,3.18152,3.19376]},"A4s":{"weight":0.0,"played":[0.0,0.2296,0.7704],"evs":[0.0,3.28147,3.29794]},"A5s":{"weight":3.0E-4,"played":[0.0,0.5066,0.4934],"evs":[0.0,3.34041,3.38085]},"A6s":{"weight":0.0047,"played":[0.0,0.0,1.0],"evs":[0.0,3.08481,3.31107]},"A7s":{"weight":0.2395,"played":[0.0,0.0,1.0],"evs":[0.0,3.15922,3.41383]},"A8s":{"weight":0.4535,"played":[0.0,0.0,1.0],"evs":[0.0,3.26106,3.40404]},"A9s":{"weight":0.8682,"played":[0.0,0.0,1.0],"evs":[0.0,3.42213,3.65814]},"ATs":{"weight":0.3687,"played":[0.0,0.0,1.0],"evs":[0.0,3.97232,4.38057]},"AJs":{"weight":0.6201,"played":[0.0,0.0,1.0],"evs":[0.0,4.33013,4.75316]},"AQs":{"weight":0.9985,"played":[0.0,0.0,1.0],"evs":[0.0,4.98188,5.48596]},"AKs":{"weight":0.9964,"played":[0.0,0.0,1.0],"evs":[0.0,5.75749,6.29329]},"AA":{"weight":0.8482,"played":[0.0,1.0,0.0],"evs":[0.0,13.52303,12.64309]}}}