{"player":0,"street":0,"children":3,"sequence":[{"player":0,"type":"R","amount":23000,"street":0},{"player":1,"type":"R","amount":55000,"street":0}],"actions":[{"type":"F","amount":0},{"type":"C","amount":32000},{"type":"R","amount":200000,"node":7}],"hands":{"22":{"weight":0.0,"played":[0.0,0.9997,3.0E-4],"evs":[0.0,0.38961,0.18958]},"32o":{"weight":0.0,"played":[1.0,0.0,0.0],"evs":[0.0,-0.79919,-2.23074]},"42o":{"weight":0.0,"played":[1.0,0.0,0.0],"evs":[0.0,-0.69043,-2.01071]},"52o":{"weight":0.0,"played":[1.0,0.0,0.0],"evs":[0.0,-0.74889,-2.07544]},"62o":{"weight":0.0,"played":[1.0,0.0,0.0],"evs":[0.0,-0.97847,-2.27032]},"72o":{"weight":0.0,"played":[1.0,0.0,0.0],"evs":[0.0,-1.17581,-2.40911]},"82o":{"weight":0.0,"played":[1.0,0.0,0.0],"evs":[0.0,-1.25783,-2.19485]},"92o":{"weight":0.0,"played":[1.0,0.0,0.0],"evs":[0.0,-1.00565,-1.75418]},"T2o":{"weight":0.0,"played":[1.0,0.0,0.0],"evs":[0.0,-0.84247,-1.4279]},"J2o":{"weight":0.0,"played":[1.0,0.0,0.0],"evs":[0.0,-0.48149,-1.05895]},"Q2o":{"weight":0.0,"played":[1.0,0.0,0.0],"evs":[0.0,-0.24527,-0.7385]},"K2o":{"weight":0.0,"played":[1.0,0.0,0.0],"evs":[0.0,-0.13684,-0.57114]},"A2o":{"weight":0.0,"played":[0.0,0.7847,0.2153],"evs":[0.0,2.23361,2.1897]},"32s":{"weight":0.5193,"played":[1.0,0.0,0.0],"evs":[0.0,-0.09068,-1.23832]},"33":{"weight":0.0,"played":[0.0,0.9993,7.0E-4],"evs":[0.0,0.66818,0.44909]},"43o":{"weight":0.0,"played":[1.0,0.0,0.0],"evs":[0.0,-0.32177,-1.55698]},"53o":{"weight":0.0,"played":[1.0,0.0,0.0],"evs":[0.0,-0.35751,-1.6073]},"63o":{"weight":0.0,"played":[1.0,0.0,0.0],"evs":[0.0,-0.60044,-1.79417]},"73o":{"weight":0.0,"played":[1.0,0.0,0.0],"evs":[0.0,-0.84823,-1.94155]},"83o":{"weight":0.0,"played":[1.0,0.0,0.0],"evs":[0.0,-1.18267,-2.10135]},"93o":{"weight":0.0,"played":[1.0,0.0,0.0],"evs":[0.0,-0.90435,-1.58343]},"T3o":{"weight":0.0,"played":[1.0,0.0,0.0],"evs":[0.0,-0.74824,-1.26203]},"J3o":{"weight":0.0,"played":[1.0,0.0,0.0],"evs":[0.0,-0.39226,-0.90492]},"Q3o":{"weight":0.0,"played":[1.0,0.0,0.0],"evs":[0.0,-0.1168,-0.53246]},"K3o":{"weight":3.0E-4,"played":[1.0,0.0,0.0],"evs":[0.0,-0.03855,-0.41885]},"A3o":{"weight":0.0,"played":[0.0,0.4226,0.5774],"evs":[0.0,2.34487,2.30988]},"42s":{"weight":0.4518,"played":[0.004,0.996,0.0],"evs":[0.0,0.02943,-1.04034]},"43s":{"weight":3.0E-4,"played":[0.0,1.0,0.0],"evs":[0.0,0.39061,-0.64552]},"44":{"weight":0.052,"played":[0.0,0.9999,1.0E-4],"evs":[0.0,0.92151,0.76517]},"54o":{"weight":0.129,"played":[0.9767,0.0233,0.0],"evs":[0.0,-0.02332,-1.12212]},"64o":{"weight":0.0543,"played":[1.0,0.0,0.0],"evs":[0.0,-0.24149,-1.27788]},"74o":{"weight":0.0,"played":[1.0,0.0,0.0],"evs":[0.0,-0.50653,-1.43286]},"84o":{"weight":0.0,"played":[1.0,0.0,0.0],"evs":[0.0,-0.85244,-1.56036]},"94o":{"weight":0.0,"played":[1.0,0.0,0.0],"evs":[0.0,-0.81833,-1.42344]},"T4o":{"weight":0.0,"played":[1.0,0.0,0.0],"evs":[0.0,-0.64805,-1.023]},"J4o":{"weight":0.0373,"played":[1.0,0.0,0.0],"evs":[0.0,-0.27796,-0.67487]},"Q4o":{"weight":0.1556,"played":[1.0,0.0,0.0],"evs":[0.0,-0.0393,-0.33617]},"K4o":{"weight":0.173,"played":[0.7324,0.2676,0.0],"evs":[0.0,-0.00186,-0.18203]},"A4o":{"weight":0.0,"played":[0.0,0.0,1.0],"evs":[0.0,2.39095,2.49596]},"52s":{"weight":0.184,"played":[0.7937,0.2063,0.0],"evs":[0.0,-0.01368,-1.07708]},"53s":{"weight":0.0,"played":[0.0,1.0,0.0],"evs":[0.0,0.38753,-0.63958]},"54s":{"weight":0.0,"played":[0.0,1.0,0.0],"evs":[0.0,0.71861,-0.20148]},"55":{"weight":0.2515,"played":[0.0,1.0,0.0],"evs":[0.0,1.00644,0.72822]},"65o":{"weight":0.2635,"played":[1.0,0.0,0.0],"evs":[0.0,-0.08057,-1.05865]},"75o":{"weight":0.0709,"played":[1.0,0.0,0.0],"evs":[0.0,-0.33589,-1.15634]},"85o":{"weight":0.02,"played":[1.0,0.0,0.0],"evs":[0.0,-0.69772,-1.28638]},"95o":{"weight":1.0E-4,"played":[1.0,0.0,0.0],"evs":[0.0,-0.70723,-1.11299]},"T5o":{"weight":0.0017,"played":[1.0,0.0,0.0],"evs":[0.0,-0.76702,-1.10579]},"J5o":{"weight":0.2056,"played":[1.0,0.0,0.0],"evs":[0.0,-0.30649,-0.61842]},"Q5o":{"weight":0.3213,"played":[0.9996,4.0E-4,0.0],"evs":[0.0,-0.04518,-0.31688]},"K5o":{"weight":0.396,"played":[0.2621,0.7379,0.0],"evs":[0.0,0.00108,-0.15407]},"A5o":{"weight":0.0988,"played":[0.0,0.598,0.402],"evs":[0.0,2.5691,2.56976]},"62s":{"weight":0.1412,"played":[1.0,0.0,0.0],"evs":[0.0,-0.20935,-1.23987]},"63s":{"weight":0.3954,"played":[2.0E-4,0.9998,0.0],"evs":[0.0,0.14324,-0.82502]},"64s":{"weight":0.0,"played":[0.0,1.0,0.0],"evs":[0.0,0.51747,-0.35957]},"65s":{"weight":0.0,"played":[0.0,1.0,0.0],"evs":[0.0,0.69231,-0.12547]},"66":{"weight":0.0582,"played":[0.0,1.0,0.0],"evs":[0.0,1.43738,1.14535]},"76o":{"weight":0.09,"played":[0.9839,0.0161,0.0],"evs":[0.0,-0.01713,-0.79348]},"86o":{"weight":0.1068,"played":[1.0,0.0,0.0],"evs":[0.0,-0.36452,-0.8998]},"96o":{"weight":0.1519,"played":[1.0,0.0,0.0],"evs":[0.0,-0.31482,-0.68448]},"T6o":{"weight":0.2319,"played":[1.0,0.0,0.0],"evs":[0.0,-0.3851,-0.65706]},"J6o":{"weight":0.3021,"played":[1.0,0.0,0.0],"evs":[0.0,-0.20634,-0.56425]},"Q6o":{"weight":0.3583,"played":[0.713,0.287,0.0],"evs":[0.0,-0.00402,-0.16009]},"K6o":{"weight":0.3895,"played":[0.0014,0.7685,0.2301],"evs":[0.0,0.01217,0.01289]},"A6o":{"weight":0.0,"played":[0.0,0.0,1.0],"evs":[0.0,2.25961,2.42262]},"72s":{"weight":0.0,"played":[1.0,0.0,0.0],"evs":[0.0,-0.42195,-1.36007]},"73s":{"weight":0.7264,"played":[1.0,0.0,0.0],"evs":[0.0,-0.09672,-0.95334]},"74s":{"weight":0.2264,"played":[1.0E-4,0.9999,0.0],"evs":[0.0,0.25325,-0.46697]},"75s":{"weight":0.0,"played":[0.0,1.0,0.0],"evs":[0.0,0.42921,-0.23864]},"76s":{"weight":0.0,"played":[0.0,1.0,0.0],"evs":[0.0,0.76055,0.14006]},"77":{"weight":0.1901,"played":[0.0,1.0,0.0],"evs":[0.0,1.64942,1.50088]},"87o":{"weight":0.054,"played":[1.0,0.0,0.0],"evs":[0.0,-0.17802,-0.64157]},"97o":{"weight":0.1748,"played":[1.0,0.0,0.0],"evs":[0.0,-0.07641,-0.41694]},"T7o":{"weight":0.2281,"played":[1.0,0.0,0.0],"evs":[0.0,-0.11851,-0.33986]},"J7o":{"weight":0.3667,"played":[0.9893,0.0107,0.0],"evs":[0.0,-0.00856,-0.27955]},"Q7o":{"weight":0.2975,"played":[0.3945,0.6055,0.0],"evs":[0.0,9.2E-4,-0.1757]},"K7o":{"weight":0.241,"played":[0.0,0.7927,0.2073],"evs":[0.0,0.04282,0.03921]},"A7o":{"weight":0.0,"played":[0.0,0.0,1.0],"evs":[0.0,2.3346,2.52567]},"82s":{"weight":0.2859,"played":[1.0,0.0,0.0],"evs":[0.0,-0.50096,-1.15891]},"83s":{"weight":0.0338,"played":[1.0,0.0,0.0],"evs":[0.0,-0.43061,-1.09216]},"84s":{"weight":0.9979,"played":[1.0,0.0,0.0],"evs":[0.0,-0.09294,-0.60259]},"85s":{"weight":0.0112,"played":[0.0,1.0,0.0],"evs":[0.0,0.07632,-0.35657]},"86s":{"weight":0.0,"played":[0.0,1.0,0.0],"evs":[0.0,0.43151,0.025]},"87s":{"weight":0.4061,"played":[0.0,1.0,0.0],"evs":[0.0,0.59942,0.26511]},"88":{"weight":0.2874,"played":[0.0,1.0,0.0],"evs":[0.0,2.01748,1.88419]},"98o":{"weight":0.0426,"played":[0.8414,0.1586,0.0],"evs":[0.0,-0.02148,-0.26921]},"T8o":{"weight":0.2745,"played":[0.9994,6.0E-4,0.0],"evs":[0.0,-0.03701,-0.20043]},"J8o":{"weight":0.2719,"played":[2.0E-4,0.9998,0.0],"evs":[0.0,0.00639,-0.0862]},"Q8o":{"weight":0.2012,"played":[3.0E-4,0.9994,3.0E-4],"evs":[0.0,0.03317,-0.00965]},"K8o":{"weight":0.3083,"played":[0.0,1.0,0.0],"evs":[0.0,0.07884,0.01463]},"A8o":{"weight":7.0E-4,"played":[0.0,0.0,1.0],"evs":[0.0,2.36398,2.52379]},"92s":{"weight":0.0552,"played":[1.0,0.0,0.0],"evs":[0.0,-0.25132,-0.74364]},"93s":{"weight":0.9991,"played":[1.0,0.0,0.0],"evs":[0.0,-0.13992,-0.59576]},"94s":{"weight":0.429,"played":[1.0,0.0,0.0],"evs":[0.0,-0.06226,-0.46295]},"95s":{"weight":0.3548,"played":[0.0,1.0,0.0],"evs":[0.0,0.08984,-0.17289]},"96s":{"weight":0.0,"played":[0.0,1.0,0.0],"evs":[0.0,0.46719,0.20634]},"97s":{"weight":0.0,"played":[0.0,1.0,0.0],"evs":[0.0,0.693,0.45741]},"98s":{"weight":0.4531,"played":[0.0,0.9999,1.0E-4],"evs":[0.0,0.77528,0.65575]},"99":{"weight":0.1096,"played":[0.0,0.7525,0.2475],"evs":[0.0,3.16374,3.15648]},"T9o":{"weight":0.0204,"played":[0.0,1.0,0.0],"evs":[0.0,0.46103,0.36218]},"J9o":{"weight":0.1865,"played":[0.0,1.0,0.0],"evs":[0.0,0.54744,0.43573]},"Q9o":{"weight":0.1656,"played":[0.0,0.9999,1.0E-4],"evs":[0.0,0.57375,0.50075]},"K9o":{"weight":0.0672,"played":[0.0,1.0,0.0],"evs":[0.0,0.68917,0.42432]},"A9o":{"weight":0.0748,"played":[0.0,0.0,1.0],"evs":[0.0,2.5157,2.82097]},"T2s":{"weight":0.1742,"played":[1.0,0.0,0.0],"evs":[0.0,-0.07653,-0.43714]},"T3s":{"weight":0.2511,"played":[0.027,0.973,0.0],"evs":[0.0,0.02898,-0.28065]},"T4s":{"weight":0.1949,"played":[0.0,0.9999,0.0],"evs":[0.0,0.11788,-0.09221]},"T5s":{"weight":0.5507,"played":[0.0045,0.9955,0.0],"evs":[0.0,0.02764,-0.16439]},"T6s":{"weight":0.0,"played":[0.0,1.0,0.0],"evs":[0.0,0.42115,0.2398]},"T7s":{"weight":0.0,"played":[0.0,0.9999,1.0E-4],"evs":[0.0,0.66186,0.49765]},"T8s":{"weight":0.0032,"played":[0.0,0.9999,1.0E-4],"evs":[0.0,0.76637,0.71226]},"T9s":{"weight":0.5838,"played":[0.0,0.949,0.051],"evs":[0.0,1.25331,1.23761]},"TT":{"weight":0.1681,"played":[0.0,0.0231,0.9769],"evs":[0.0,4.8698,4.8975]},"JTo":{"weight":0.0438,"played":[0.0,0.0979,0.9021],"evs":[0.0,0.97359,0.98697]},"QTo":{"weight":0.1872,"played":[0.0,0.628,0.372],"evs":[0.0,1.02654,1.0277]},"KTo":{"weight":0.3325,"played":[0.0,0.9999,1.0E-4],"evs":[0.0,1.47068,1.42483]},"ATo":{"weight":0.0,"played":[0.0,0.0,1.0],"evs":[0.0,3.16197,3.69604]},"J2s":{"weight":0.0,"played":[1.0E-4,0.9999,0.0],"evs":[0.0,0.29454,-0.09463]},"J3s":{"weight":1.0E-4,"played":[0.0,1.0,0.0],"evs":[0.0,0.40279,0.08821]},"J4s":{"weight":0.0033,"played":[0.0,1.0,0.0],"evs":[0.0,0.53234,0.28978]},"J5s":{"weight":0.1161,"played":[0.0,1.0,0.0],"evs":[0.0,0.49974,0.27575]},"J6s":{"weight":0.0,"played":[0.0,1.0,0.0],"evs":[0.0,0.59034,0.34467]},"J7s":{"weight":0.0,"played":[0.0,1.0,0.0],"evs":[0.0,0.8009,0.63461]},"J8s":{"weight":0.0,"played":[0.0,0.9992,8.0E-4],"evs":[0.0,0.82574,0.81348]},"J9s":{"weight":0.0384,"played":[0.0,0.9983,0.0017],"evs":[0.0,1.3961,1.34452]},"JTs":{"weight":0.391,"played":[0.0,0.5814,0.4186],"evs":[0.0,1.82834,1.82715]},"JJ":{"weight":0.0737,"played":[0.0,1.0,0.0],"evs":[0.0,6.70394,6.59659]},"QJo":{"weight":0.2427,"played":[0.0,0.8133,0.1867],"evs":[0.0,1.42627,1.4255]},"KJo":{"weight":0.2754,"played":[0.0,0.6322,0.3678],"evs":[0.0,2.31216,2.30828]},"AJo":{"weight":0.0,"played":[0.0,0.0,1.0],"evs":[0.0,3.4863,3.90967]},"Q2s":{"weight":0.0,"played":[0.0,1.0,0.0],"evs":[0.0,0.57233,0.26514]},"Q3s":{"weight":0.0,"played":[0.0,1.0,0.0],"evs":[0.0,0.68923,0.39478]},"Q4s":{"weight":0.0,"played":[0.0,1.0,0.0],"evs":[0.0,0.7927,0.62722]},"Q5s":{"weight":0.0,"played":[0.0,1.0,0.0],"evs":[0.0,0.81642,0.63247]},"Q6s":{"weight":0.0,"played":[0.0,1.0,0.0],"evs":[0.0,0.87435,0.76854]},"Q7s":{"weight":0.0,"played":[0.0,0.9999,1.0E-4],"evs":[0.0,0.84171,0.73061]},"Q8s":{"weight":0.0,"played":[0.0,0.9967,0.0033],"evs":[0.0,0.91408,0.91087]},"Q9s":{"weight":0.0164,"played":[0.0,0.9996,4.0E-4],"evs":[0.0,1.46269,1.42008]},"QTs":{"weight":0.0349,"played":[0.0,0.9998,2.0E-4],"evs":[0.0,1.90481,1.87235]},"QJs":{"weight":0.0126,"played":[0.0,0.9998,2.0E-4],"evs":[0.0,2.32811,2.27086]},"QQ":{"weight":0.1879,"played":[0.0,1.0,0.0],"evs":[0.0,8.99506,8.51221]},"KQo":{"weight":0.1368,"played":[0.0,0.0,1.0],"evs":[0.0,3.45758,3.64191]},"AQo":{"weight":0.1756,"played":[0.0,0.0,1.0],"evs":[0.0,4.04611,4.5098]},"K2s":{"weight":0.0,"played":[0.0,1.0,0.0],"evs":[0.0,0.7166,0.38329]},"K3s":{"weight":0.0,"played":[0.0,1.0,0.0],"evs":[0.0,0.82772,0.53549]},"K4s":{"weight":0.0,"played":[0.0,1.0,0.0],"evs":[0.0,0.86819,0.74937]},"K5s":{"weight":0.0,"played":[0.0,1.0,0.0],"evs":[0.0,0.9173,0.77723]},"K6s":{"weight":0.0,"played":[0.0,0.9918,0.0082],"evs":[0.0,0.94001,0.93365]},"K7s":{"weight":0.0,"played":[0.0,0.9981,0.0019],"evs":[0.0,1.00222,0.94863]},"K8s":{"weight":0.0,"played":[0.0,1.0,0.0],"evs":[0.0,1.02331,0.89188]},"K9s":{"weight":0.213,"played":[0.0,1.0,0.0],"evs":[0.0,1.65431,1.33412]},"KTs":{"weight":0.0,"played":[0.0,1.0,0.0],"evs":[0.0,2.42435,2.26537]},"KJs":{"weight":0.0,"played":[0.0,1.0,0.0],"evs":[0.0,3.22787,3.12979]},"KQs":{"weight":0.5095,"played":[0.0,0.0022,0.9978],"evs":[0.0,4.2925,4.33757]},"KK":{"weight":0.3673,"played":[0.0,1.0,0.0],"evs":[0.0,12.33238,11.07033]},"AKo":{"weight":0.2696,"played":[0.0,0.0,1.0],"evs":[0.0,4.90402,5.38121]},"A2s":{"weight":0.0,"played":[0.0,0.9274,0.0726],"evs":[0.0,3.06829,2.99272]},"A3s":{"weight":0.0,"played":[0.0,0.8361,0.1639],"evs":[0.0,3.1937,3.13543]},"A4s":{"weight":0.0014,"played":[0.0,0.003,0.997],"evs":[0.0,3.23399,3.2805]},"A5s":{"weight":0.0164,"played":[0.0,0.9987,0.0013],"evs":[0.0,3.40308,3.33959]},"A6s":{"weight":0.0154,"played":[0.0,0.0,1.0],"evs":[0.0,3.13629,3.2223]},"A7s":{"weight":0.6798,"played":[0.0,0.0,1.0],"evs":[0.0,3.21254,3.30476]},"A8s":{"weight":0.9196,"played":[0.0,0.0,1.0],"evs":[0.0,3.27355,3.31147]},"A9s":{"weight":0.8532,"played":[0.0,0.0,1.0],"evs":[0.0,3.4252,3.6155]},"ATs":{"weight":0.0857,"played":[0.0,0.0,1.0],"evs":[0.0,4.02073,4.41191]},"AJs":{"weight":0.8437,"played":[0.0,0.0,1.0],"evs":[0.0,4.31589,4.61346]},"AQs":{"weight":1.0,"played":[0.0,0.0,1.0],"evs":[0.0,4.84462,5.17325]},"AKs":{"weight":0.9998,"played":[0.0,0.0,1.0],"evs":[0.0,5.62327,5.95248]},"AA":{"weight":0.9362,"played":[0.0,1.0,0.0],"evs":[0.0,13.98537,12.936]}}}