{"player":1,"street":0,"children":2,"sequence":[{"player":0,"type":"R","amount":23000,"street":0},{"player":1,"type":"R","amount":55000,"street":0},{"player":0,"type":"R","amount":200000,"street":0}],"actions":[{"type":"F","amount":0},{"type":"C","amount":145000}],"hands":{"22":{"weight":0.0,"played":[0.0,1.0],"evs":[0.0,5.74901]},"32o":{"weight":0.0,"played":[1.0,0.0],"evs":[0.0,-1.27573]},"42o":{"weight":0.0,"played":[1.0,0.0],"evs":[0.0,-1.13469]},"52o":{"weight":0.0,"played":[1.0,0.0],"evs":[0.0,-1.01916]},"62o":{"weight":0.0,"played":[1.0,0.0],"evs":[0.0,-1.57104]},"72o":{"weight":0.0,"played":[1.0,0.0],"evs":[0.0,-2.21436]},"82o":{"weight":0.0,"played":[1.0,0.0],"evs":[0.0,-2.04297]},"92o":{"weight":0.0,"played":[1.0,0.0],"evs":[0.0,-2.04115]},"T2o":{"weight":1.0E-4,"played":[1.0,0.0],"evs":[0.0,-1.6963]},"J2o":{"weight":0.2293,"played":[1.0,0.0],"evs":[0.0,-1.81613]},"Q2o":{"weight":0.1286,"played":[1.0,0.0],"evs":[0.0,-1.78014]},"K2o":{"weight":0.4178,"played":[1.0,0.0],"evs":[0.0,-1.22017]},"A2o":{"weight":0.0,"played":[0.0,1.0],"evs":[0.0,0.62498]},"32s":{"weight":0.0,"played":[0.0011,0.9989],"evs":[0.0,0.07876]},"33":{"weight":0.0,"played":[0.0,1.0],"evs":[0.0,6.08189]},"43o":{"weight":0.0,"played":[1.0,0.0],"evs":[0.0,-0.55682]},"53o":{"weight":0.0,"played":[1.0,0.0],"evs":[0.0,-0.45118]},"63o":{"weight":0.0,"played":[1.0,0.0],"evs":[0.0,-0.99188]},"73o":{"weight":0.0,"played":[1.0,0.0],"evs":[0.0,-1.64601]},"83o":{"weight":0.0,"played":[1.0,0.0],"evs":[0.0,-2.00987]},"93o":{"weight":0.0,"played":[1.0,0.0],"evs":[0.0,-1.90529]},"T3o":{"weight":0.0,"played":[1.0,0.0],"evs":[0.0,-1.5227]},"J3o":{"weight":0.0465,"played":[1.0,0.0],"evs":[0.0,-1.66746]},"Q3o":{"weight":0.4214,"played":[1.0,0.0],"evs":[0.0,-1.6081]},"K3o":{"weight":0.0961,"played":[1.0,0.0],"evs":[0.0,-1.08558]},"A3o":{"weight":0.0,"played":[0.0,1.0],"evs":[0.0,0.75296]},"42s":{"weight":0.0,"played":[0.0,1.0],"evs":[0.0,0.2459]},"43s":{"weight":0.0,"played":[0.0,1.0],"evs":[0.0,0.74023]},"44":{"weight":0.0,"played":[0.0,1.0],"evs":[0.0,6.34857]},"54o":{"weight":0.0,"played":[0.0011,0.9989],"evs":[0.0,0.10044]},"64o":{"weight":0.0,"played":[1.0,0.0],"evs":[0.0,-0.433]},"74o":{"weight":0.0,"played":[1.0,0.0],"evs":[0.0,-1.07138]},"84o":{"weight":0.0,"played":[1.0,0.0],"evs":[0.0,-1.41502]},"94o":{"weight":0.0,"played":[1.0,0.0],"evs":[0.0,-1.87277]},"T4o":{"weight":1.0E-4,"played":[1.0,0.0],"evs":[0.0,-1.39747]},"J4o":{"weight":0.0908,"played":[1.0,0.0],"evs":[0.0,-1.52562]},"Q4o":{"weight":0.0915,"played":[1.0,0.0],"evs":[0.0,-1.48944]},"K4o":{"weight":3.0E-4,"played":[1.0,0.0],"evs":[0.0,-0.95972]},"A4o":{"weight":0.0,"played":[0.0,1.0],"evs":[0.0,0.87196]},"52s":{"weight":0.0,"played":[0.0,1.0],"evs":[0.0,0.32817]},"53s":{"weight":0.0,"played":[0.0,1.0],"evs":[0.0,0.86597]},"54s":{"weight":0.345,"played":[0.0,1.0],"evs":[0.0,1.3924]},"55":{"weight":0.0,"played":[0.0,1.0],"evs":[0.0,6.6548]},"65o":{"weight":0.0,"played":[0.0,1.0],"evs":[0.0,0.08554]},"75o":{"weight":0.0,"played":[1.0,0.0],"evs":[0.0,-0.5742]},"85o":{"weight":0.0871,"played":[1.0,0.0],"evs":[0.0,-0.917]},"95o":{"weight":0.182,"played":[1.0,0.0],"evs":[0.0,-1.3532]},"T5o":{"weight":1.0E-4,"played":[1.0,0.0],"evs":[0.0,-1.43714]},"J5o":{"weight":0.3694,"played":[1.0,0.0],"evs":[0.0,-1.45336]},"Q5o":{"weight":0.0278,"played":[1.0,0.0],"evs":[0.0,-1.37407]},"K5o":{"weight":0.0555,"played":[1.0,0.0],"evs":[0.0,-0.86906]},"A5o":{"weight":0.0,"played":[0.0,1.0],"evs":[0.0,1.01319]},"62s":{"weight":0.0,"played":[0.999,0.001],"evs":[0.0,-0.17497]},"63s":{"weight":0.0,"played":[0.0,1.0],"evs":[0.0,0.33933]},"64s":{"weight":0.0,"played":[0.0,1.0],"evs":[0.0,0.86226]},"65s":{"weight":0.762,"played":[0.0,1.0],"evs":[0.0,1.36731]},"66":{"weight":0.0,"played":[0.0,1.0],"evs":[0.0,6.96216]},"76o":{"weight":0.0,"played":[0.995,0.005],"evs":[0.0,-0.13443]},"86o":{"weight":0.0,"played":[1.0,0.0],"evs":[0.0,-0.45457]},"96o":{"weight":0.2168,"played":[1.0,0.0],"evs":[0.0,-0.93231]},"T6o":{"weight":0.1635,"played":[1.0,0.0],"evs":[0.0,-1.02241]},"J6o":{"weight":0.0,"played":[1.0,0.0],"evs":[0.0,-1.55475]},"Q6o":{"weight":0.0,"played":[1.0,0.0],"evs":[0.0,-1.37741]},"K6o":{"weight":0.0,"played":[1.0,0.0],"evs":[0.0,-0.65015]},"A6o":{"weight":0.0,"played":[0.0,1.0],"evs":[0.0,0.73575]},"72s":{"weight":0.0,"played":[1.0,0.0],"evs":[0.0,-0.74832]},"73s":{"weight":0.0,"played":[0.9985,0.0015],"evs":[0.0,-0.24943]},"74s":{"weight":0.0,"played":[0.0,1.0],"evs":[0.0,0.31029]},"75s":{"weight":0.0,"played":[0.0,1.0],"evs":[0.0,0.79772]},"76s":{"weight":0.6138,"played":[0.0,1.0],"evs":[0.0,1.19468]},"77":{"weight":0.0271,"played":[0.0,1.0],"evs":[0.0,7.36224]},"87o":{"weight":0.0,"played":[0.9995,5.0E-4],"evs":[0.0,-0.34211]},"97o":{"weight":0.1222,"played":[0.9998,2.0E-4],"evs":[0.0,-0.68519]},"T7o":{"weight":0.2101,"played":[1.0,0.0],"evs":[0.0,-0.78527]},"J7o":{"weight":0.0121,"played":[1.0,0.0],"evs":[0.0,-1.33349]},"Q7o":{"weight":0.0,"played":[1.0,0.0],"evs":[0.0,-1.71042]},"K7o":{"weight":7.0E-4,"played":[1.0,0.0],"evs":[0.0,-0.72703]},"A7o":{"weight":0.0,"played":[0.0,1.0],"evs":[0.0,1.04709]},"82s":{"weight":0.0,"played":[0.9998,2.0E-4],"evs":[0.0,-0.59941]},"83s":{"weight":0.0,"played":[1.0,0.0],"evs":[0.0,-0.54714]},"84s":{"weight":0.0,"played":[0.989,0.011],"evs":[0.0,-0.03044]},"85s":{"weight":0.0,"played":[0.0,1.0],"evs":[0.0,0.47324]},"86s":{"weight":7.0E-4,"played":[0.0,1.0],"evs":[0.0,0.87424]},"87s":{"weight":0.4873,"played":[0.0,1.0],"evs":[0.0,1.05224]},"88":{"weight":0.4304,"played":[0.0,1.0],"evs":[0.0,8.05384]},"98o":{"weight":0.0,"played":[0.9983,0.0017],"evs":[0.0,-0.3306]},"T8o":{"weight":0.0,"played":[0.9994,6.0E-4],"evs":[0.0,-0.26393]},"J8o":{"weight":0.0,"played":[0.9999,1.0E-4],"evs":[0.0,-0.82528]},"Q8o":{"weight":0.0228,"played":[1.0,0.0],"evs":[0.0,-1.20885]},"K8o":{"weight":0.5724,"played":[1.0,0.0],"evs":[0.0,-0.67847]},"A8o":{"weight":0.0,"played":[0.0,1.0],"evs":[0.0,1.98231]},"92s":{"weight":0.0,"played":[0.9999,1.0E-4],"evs":[0.0,-0.60196]},"93s":{"weight":0.0,"played":[0.9998,2.0E-4],"evs":[0.0,-0.4588]},"94s":{"weight":0.0,"played":[0.9998,2.0E-4],"evs":[0.0,-0.48314]},"95s":{"weight":0.0,"played":[0.2325,0.7675],"evs":[0.0,0.03413]},"96s":{"weight":1.0E-4,"played":[0.0,1.0],"evs":[0.0,0.45302]},"97s":{"weight":1.0E-4,"played":[0.0,1.0],"evs":[0.0,0.65393]},"98s":{"weight":0.016,"played":[0.0,1.0],"evs":[0.0,1.00566]},"99":{"weight":0.9997,"played":[0.0,1.0],"evs":[0.0,8.89276]},"T9o":{"weight":0.0,"played":[0.0,1.0],"evs":[0.0,0.23512]},"J9o":{"weight":0.0,"played":[0.999,0.001],"evs":[0.0,-0.3964]},"Q9o":{"weight":0.0043,"played":[0.9999,1.0E-4],"evs":[0.0,-0.77986]},"K9o":{"weight":0.0352,"played":[0.9993,7.0E-4],"evs":[0.0,-0.23346]},"A9o":{"weight":0.0,"played":[0.0,1.0],"evs":[0.0,3.49128]},"T2s":{"weight":0.0,"played":[0.9997,3.0E-4],"evs":[0.0,-0.28689]},"T3s":{"weight":0.0,"played":[0.9985,0.0015],"evs":[0.0,-0.13714]},"T4s":{"weight":0.0,"played":[0.9479,0.0521],"evs":[0.0,-0.02019]},"T5s":{"weight":0.0,"played":[0.9933,0.0067],"evs":[0.0,-0.06366]},"T6s":{"weight":0.0,"played":[0.0,1.0],"evs":[0.0,0.35967]},"T7s":{"weight":0.0,"played":[0.0,1.0],"evs":[0.0,0.57209]},"T8s":{"weight":0.0,"played":[0.0,1.0],"evs":[0.0,1.07664]},"T9s":{"weight":0.1467,"played":[0.0,1.0],"evs":[0.0,1.54254]},"TT":{"weight":1.0,"played":[0.0,1.0],"evs":[0.0,10.32942]},"JTo":{"weight":0.0,"played":[0.0,1.0],"evs":[0.0,0.86866]},"QTo":{"weight":0.0,"played":[0.0,1.0],"evs":[0.0,0.65636]},"KTo":{"weight":0.481,"played":[0.0,1.0],"evs":[0.0,1.14]},"ATo":{"weight":0.0,"played":[0.0,1.0],"evs":[0.0,5.26148]},"J2s":{"weight":0.0,"played":[0.9992,8.0E-4],"evs":[0.0,-0.37152]},"J3s":{"weight":0.0,"played":[0.9995,5.0E-4],"evs":[0.0,-0.27972]},"J4s":{"weight":0.0,"played":[0.9935,0.0065],"evs":[0.0,-0.08313]},"J5s":{"weight":0.0,"played":[0.9854,0.0146],"evs":[0.0,-0.0698]},"J6s":{"weight":0.0,"played":[0.9962,0.0038],"evs":[0.0,-0.18608]},"J7s":{"weight":0.0,"played":[0.001,0.999],"evs":[0.0,0.05072]},"J8s":{"weight":0.0,"played":[0.0,1.0],"evs":[0.0,0.5373]},"J9s":{"weight":0.0,"played":[0.0,1.0],"evs":[0.0,0.9799]},"JTs":{"weight":0.0183,"played":[0.0,1.0],"evs":[0.0,2.14106]},"JJ":{"weight":1.0,"played":[0.0,1.0],"evs":[0.0,11.35566]},"QJo":{"weight":0.0,"played":[0.0,1.0],"evs":[0.0,0.60578]},"KJo":{"weight":0.2264,"played":[0.0,1.0],"evs":[0.0,1.16518]},"AJo":{"weight":0.0,"played":[0.0,1.0],"evs":[0.0,6.30018]},"Q2s":{"weight":0.0,"played":[0.9981,0.0019],"evs":[0.0,-0.31294]},"Q3s":{"weight":0.0,"played":[0.9979,0.0021],"evs":[0.0,-0.19718]},"Q4s":{"weight":0.0,"played":[0.9862,0.0138],"evs":[0.0,-0.05619]},"Q5s":{"weight":0.0,"played":[0.2844,0.7156],"evs":[0.0,0.02515]},"Q6s":{"weight":0.0,"played":[0.5175,0.4825],"evs":[0.0,0.02427]},"Q7s":{"weight":0.0,"played":[0.9987,0.0013],"evs":[0.0,-0.2071]},"Q8s":{"weight":0.0,"played":[0.0,1.0],"evs":[0.0,0.22844]},"Q9s":{"weight":0.0,"played":[0.0,1.0],"evs":[0.0,0.63306]},"QTs":{"weight":0.0,"played":[0.0,1.0],"evs":[0.0,1.95637]},"QJs":{"weight":0.0,"played":[0.0,1.0],"evs":[0.0,1.96497]},"QQ":{"weight":1.0,"played":[0.0,1.0],"evs":[0.0,13.00859]},"KQo":{"weight":0.4228,"played":[0.0,1.0],"evs":[0.0,2.02352]},"AQo":{"weight":0.0,"played":[0.0,1.0],"evs":[0.0,9.03181]},"K2s":{"weight":0.0,"played":[0.0025,0.9975],"evs":[0.0,0.18588]},"K3s":{"weight":0.0,"played":[0.0,1.0],"evs":[0.0,0.32358]},"K4s":{"weight":0.0,"played":[0.0,1.0],"evs":[0.0,0.44101]},"K5s":{"weight":0.0,"played":[0.0,1.0],"evs":[0.0,0.54927]},"K6s":{"weight":0.0,"played":[0.0,1.0],"evs":[0.0,0.67735]},"K7s":{"weight":0.0,"played":[0.0,1.0],"evs":[0.0,0.66578]},"K8s":{"weight":0.0,"played":[0.0,1.0],"evs":[0.0,0.74244]},"K9s":{"weight":2.0E-4,"played":[0.0,1.0],"evs":[0.0,1.17026]},"KTs":{"weight":3.0E-4,"played":[0.0,1.0],"evs":[0.0,2.39827]},"KJs":{"weight":0.022,"played":[0.0,1.0],"evs":[0.0,2.41531]},"KQs":{"weight":1.0,"played":[0.0,1.0],"evs":[0.0,3.29127]},"KK":{"weight":1.0,"played":[0.0,1.0],"evs":[0.0,15.20952]},"AKo":{"weight":0.0,"played":[0.0,1.0],"evs":[0.0,12.68726]},"A2s":{"weight":0.0,"played":[0.0,1.0],"evs":[0.0,2.0043]},"A3s":{"weight":0.0,"played":[0.0,1.0],"evs":[0.0,2.19149]},"A4s":{"weight":0.0,"played":[0.0,1.0],"evs":[0.0,2.32235]},"A5s":{"weight":5.0E-4,"played":[0.0,1.0],"evs":[0.0,2.40871]},"A6s":{"weight":0.0,"played":[0.0,1.0],"evs":[0.0,2.11913]},"A7s":{"weight":0.0,"played":[0.0,1.0],"evs":[0.0,2.49989]},"A8s":{"weight":0.0,"played":[0.0,1.0],"evs":[0.0,3.40744]},"A9s":{"weight":0.0,"played":[0.0,1.0],"evs":[0.0,4.77194]},"ATs":{"weight":0.0,"played":[0.0,1.0],"evs":[0.0,6.32407]},"AJs":{"weight":0.0,"played":[0.0,1.0],"evs":[0.0,7.30661]},"AQs":{"weight":0.0,"played":[0.0,1.0],"evs":[0.0,9.75622]},"AKs":{"weight":0.9999,"played":[0.0,1.0],"evs":[0.0,13.09016]},"AA":{"weight":1.0,"played":[0.0,1.0],"evs":[0.0,21.21335]}}}