{"player":1,"street":0,"children":2,"sequence":[{"player":0,"type":"R","amount":20000,"street":0},{"player":1,"type":"R","amount":55000,"street":0},{"player":0,"type":"R","amount":200000,"street":0}],"actions":[{"type":"F","amount":0},{"type":"C","amount":145000}],"hands":{"22":{"weight":0.0,"played":[0.0,1.0],"evs":[0.0,5.21542]},"32o":{"weight":0.0,"played":[1.0,0.0],"evs":[0.0,-1.6916]},"42o":{"weight":3.0E-4,"played":[1.0,0.0],"evs":[0.0,-1.41957]},"52o":{"weight":4.0E-4,"played":[1.0,0.0],"evs":[0.0,-1.30417]},"62o":{"weight":0.0,"played":[1.0,0.0],"evs":[0.0,-1.69336]},"72o":{"weight":0.0,"played":[1.0,0.0],"evs":[0.0,-2.25006]},"82o":{"weight":0.0,"played":[1.0,0.0],"evs":[0.0,-2.22764]},"92o":{"weight":0.0542,"played":[1.0,0.0],"evs":[0.0,-2.3433]},"T2o":{"weight":0.3706,"played":[1.0,0.0],"evs":[0.0,-1.97911]},"J2o":{"weight":0.0717,"played":[1.0,0.0],"evs":[0.0,-1.76161]},"Q2o":{"weight":0.168,"played":[1.0,0.0],"evs":[0.0,-1.42623]},"K2o":{"weight":0.1759,"played":[1.0,0.0],"evs":[0.0,-0.90818]},"A2o":{"weight":0.0,"played":[0.0,1.0],"evs":[0.0,0.74267]},"32s":{"weight":0.0,"played":[0.9901,0.0099],"evs":[0.0,-0.28211]},"33":{"weight":0.0,"played":[0.0,1.0],"evs":[0.0,5.5282]},"43o":{"weight":0.0,"played":[1.0,0.0],"evs":[0.0,-0.86965]},"53o":{"weight":0.0,"played":[1.0,0.0],"evs":[0.0,-0.81234]},"63o":{"weight":5.0E-4,"played":[1.0,0.0],"evs":[0.0,-1.12073]},"73o":{"weight":0.0,"played":[1.0,0.0],"evs":[0.0,-1.78527]},"83o":{"weight":0.0,"played":[1.0,0.0],"evs":[0.0,-2.2376]},"93o":{"weight":0.0027,"played":[1.0,0.0],"evs":[0.0,-2.25429]},"T3o":{"weight":0.0113,"played":[1.0,0.0],"evs":[0.0,-1.87605]},"J3o":{"weight":0.2891,"played":[1.0,0.0],"evs":[0.0,-1.64127]},"Q3o":{"weight":0.1243,"played":[1.0,0.0],"evs":[0.0,-1.33595]},"K3o":{"weight":0.4586,"played":[1.0,0.0],"evs":[0.0,-0.83342]},"A3o":{"weight":0.0,"played":[0.0,1.0],"evs":[0.0,0.90817]},"42s":{"weight":0.0,"played":[0.7052,0.2948],"evs":[0.0,0.01342]},"43s":{"weight":0.0,"played":[0.0,1.0],"evs":[0.0,0.47061]},"44":{"weight":0.0,"played":[0.0,1.0],"evs":[0.0,6.08222]},"54o":{"weight":0.0,"played":[0.9831,0.0169],"evs":[0.0,-0.14134]},"64o":{"weight":0.0,"played":[1.0,0.0],"evs":[0.0,-0.54342]},"74o":{"weight":0.0572,"played":[1.0,0.0],"evs":[0.0,-1.1329]},"84o":{"weight":0.2613,"played":[1.0,0.0],"evs":[0.0,-1.57424]},"94o":{"weight":0.0,"played":[1.0,0.0],"evs":[0.0,-2.16593]},"T4o":{"weight":0.0351,"played":[1.0,0.0],"evs":[0.0,-1.65673]},"J4o":{"weight":0.1047,"played":[1.0,0.0],"evs":[0.0,-1.43638]},"Q4o":{"weight":0.3846,"played":[1.0,0.0],"evs":[0.0,-1.12322]},"K4o":{"weight":0.0082,"played":[1.0,0.0],"evs":[0.0,-0.58564]},"A4o":{"weight":0.0,"played":[0.0,1.0],"evs":[0.0,1.0656]},"52s":{"weight":0.0,"played":[0.4001,0.5999],"evs":[0.0,0.04131]},"53s":{"weight":0.0,"played":[0.0,1.0],"evs":[0.0,0.62374]},"54s":{"weight":0.2616,"played":[0.0,1.0],"evs":[0.0,1.11117]},"55":{"weight":0.0,"played":[0.0,1.0],"evs":[0.0,6.47726]},"65o":{"weight":0.0,"played":[0.8409,0.1591],"evs":[0.0,-0.03281]},"75o":{"weight":0.0,"played":[1.0,0.0],"evs":[0.0,-0.61527]},"85o":{"weight":0.0814,"played":[1.0,0.0],"evs":[0.0,-1.10097]},"95o":{"weight":0.3002,"played":[1.0,0.0],"evs":[0.0,-1.65736]},"T5o":{"weight":0.1852,"played":[1.0,0.0],"evs":[0.0,-1.75866]},"J5o":{"weight":0.1693,"played":[1.0,0.0],"evs":[0.0,-1.3924]},"Q5o":{"weight":0.0116,"played":[1.0,0.0],"evs":[0.0,-1.02626]},"K5o":{"weight":0.094,"played":[1.0,0.0],"evs":[0.0,-0.5794]},"A5o":{"weight":0.0,"played":[0.0,1.0],"evs":[0.0,1.34007]},"62s":{"weight":0.0,"played":[0.9962,0.0038],"evs":[0.0,-0.19796]},"63s":{"weight":0.0,"played":[0.0,1.0],"evs":[0.0,0.22228]},"64s":{"weight":0.0,"played":[0.0,1.0],"evs":[0.0,0.76486]},"65s":{"weight":0.6552,"played":[0.0,1.0],"evs":[0.0,1.26257]},"66":{"weight":0.0,"played":[0.0,1.0],"evs":[0.0,6.86792]},"76o":{"weight":3.0E-4,"played":[0.2174,0.7826],"evs":[0.0,0.04209]},"86o":{"weight":0.0,"played":[0.9967,0.0033],"evs":[0.0,-0.41079]},"96o":{"weight":0.2267,"played":[1.0,0.0],"evs":[0.0,-0.9585]},"T6o":{"weight":0.0818,"played":[1.0,0.0],"evs":[0.0,-1.07411]},"J6o":{"weight":0.0,"played":[1.0,0.0],"evs":[0.0,-1.19467]},"Q6o":{"weight":0.0,"played":[1.0,0.0],"evs":[0.0,-0.78316]},"K6o":{"weight":0.0027,"played":[0.9998,2.0E-4],"evs":[0.0,-0.22491]},"A6o":{"weight":0.0,"played":[0.0,1.0],"evs":[0.0,1.04267]},"72s":{"weight":0.0,"played":[1.0,0.0],"evs":[0.0,-0.89287]},"73s":{"weight":0.0,"played":[0.9997,3.0E-4],"evs":[0.0,-0.37469]},"74s":{"weight":0.0,"played":[0.0,1.0],"evs":[0.0,0.22224]},"75s":{"weight":7.0E-4,"played":[0.0,1.0],"evs":[0.0,0.70218]},"76s":{"weight":0.789,"played":[0.0,1.0],"evs":[0.0,1.3278]},"77":{"weight":0.0026,"played":[0.0,1.0],"evs":[0.0,7.08507]},"87o":{"weight":0.0,"played":[0.9986,0.0014],"evs":[0.0,-0.23094]},"97o":{"weight":0.0849,"played":[0.9994,6.0E-4],"evs":[0.0,-0.71853]},"T7o":{"weight":0.0474,"played":[1.0,0.0],"evs":[0.0,-0.82093]},"J7o":{"weight":0.0,"played":[1.0,0.0],"evs":[0.0,-0.9507]},"Q7o":{"weight":0.0,"played":[1.0,0.0],"evs":[0.0,-0.98806]},"K7o":{"weight":4.0E-4,"played":[1.0,0.0],"evs":[0.0,-0.34599]},"A7o":{"weight":0.0,"played":[0.0,1.0],"evs":[0.0,1.34124]},"82s":{"weight":0.0,"played":[1.0,0.0],"evs":[0.0,-0.77794]},"83s":{"weight":0.0,"played":[1.0,0.0],"evs":[0.0,-0.84864]},"84s":{"weight":0.0,"played":[0.9914,0.0086],"evs":[0.0,-0.22749]},"85s":{"weight":0.0,"played":[2.0E-4,0.9998],"evs":[0.0,0.17739]},"86s":{"weight":5.0E-4,"played":[0.0,1.0],"evs":[0.0,0.85939]},"87s":{"weight":0.285,"played":[0.0,1.0],"evs":[0.0,1.05765]},"88":{"weight":0.6485,"played":[0.0,1.0],"evs":[0.0,7.58289]},"98o":{"weight":0.0,"played":[0.9976,0.0024],"evs":[0.0,-0.42493]},"T8o":{"weight":0.0,"played":[0.9972,0.0028],"evs":[0.0,-0.39377]},"J8o":{"weight":0.0,"played":[0.9964,0.0036],"evs":[0.0,-0.59761]},"Q8o":{"weight":0.0034,"played":[0.9998,2.0E-4],"evs":[0.0,-0.61401]},"K8o":{"weight":0.5203,"played":[0.9999,1.0E-4],"evs":[0.0,-0.49605]},"A8o":{"weight":0.0,"played":[0.0,1.0],"evs":[0.0,1.9326]},"92s":{"weight":0.0,"played":[0.9991,9.0E-4],"evs":[0.0,-0.7739]},"93s":{"weight":0.0,"played":[0.9993,7.0E-4],"evs":[0.0,-0.76735]},"94s":{"weight":0.0,"played":[0.9989,0.0011],"evs":[0.0,-0.75738]},"95s":{"weight":0.0,"played":[0.9801,0.0199],"evs":[0.0,-0.32692]},"96s":{"weight":5.0E-4,"played":[0.0,1.0],"evs":[0.0,0.4784]},"97s":{"weight":0.0,"played":[0.0,1.0],"evs":[0.0,0.56705]},"98s":{"weight":8.0E-4,"played":[0.0,1.0],"evs":[0.0,0.9521]},"99":{"weight":1.0,"played":[0.0,1.0],"evs":[0.0,8.65919]},"T9o":{"weight":0.0,"played":[0.0,1.0],"evs":[0.0,0.07044]},"J9o":{"weight":0.0,"played":[0.9549,0.0451],"evs":[0.0,-0.23375]},"Q9o":{"weight":1.0E-4,"played":[0.9861,0.0139],"evs":[0.0,-0.25989]},"K9o":{"weight":0.1403,"played":[0.9854,0.0146],"evs":[0.0,-0.07929]},"A9o":{"weight":0.0,"played":[0.0,1.0],"evs":[0.0,3.18581]},"T2s":{"weight":0.0,"played":[0.9984,0.0016],"evs":[0.0,-0.61116]},"T3s":{"weight":0.0,"played":[0.9996,4.0E-4],"evs":[0.0,-0.51761]},"T4s":{"weight":0.0,"played":[0.9925,0.0075],"evs":[0.0,-0.26748]},"T5s":{"weight":0.0,"played":[0.9961,0.0039],"evs":[0.0,-0.31518]},"T6s":{"weight":0.0,"played":[0.0,1.0],"evs":[0.0,0.27838]},"T7s":{"weight":0.0,"played":[0.0,1.0],"evs":[0.0,0.6083]},"T8s":{"weight":0.0,"played":[0.0,1.0],"evs":[0.0,0.96025]},"T9s":{"weight":0.0012,"played":[0.0,1.0],"evs":[0.0,1.42028]},"TT":{"weight":1.0,"played":[0.0,1.0],"evs":[0.0,10.44154]},"JTo":{"weight":0.0063,"played":[0.0,1.0],"evs":[0.0,1.14001]},"QTo":{"weight":0.0,"played":[0.0,1.0],"evs":[0.0,0.95919]},"KTo":{"weight":0.4417,"played":[0.0,1.0],"evs":[0.0,1.05878]},"ATo":{"weight":0.0,"played":[0.0,1.0],"evs":[0.0,5.26839]},"J2s":{"weight":0.0,"played":[0.9991,9.0E-4],"evs":[0.0,-0.28602]},"J3s":{"weight":0.0,"played":[0.9975,0.0025],"evs":[0.0,-0.21914]},"J4s":{"weight":0.0,"played":[0.0487,0.9513],"evs":[0.0,0.00855]},"J5s":{"weight":0.0,"played":[0.1524,0.8476],"evs":[0.0,-0.03968]},"J6s":{"weight":0.0,"played":[0.0,1.0],"evs":[0.0,0.10342]},"J7s":{"weight":0.0,"played":[0.0,1.0],"evs":[0.0,0.41172]},"J8s":{"weight":0.0,"played":[0.0,1.0],"evs":[0.0,0.80392]},"J9s":{"weight":0.0,"played":[0.0,1.0],"evs":[0.0,1.1237]},"JTs":{"weight":0.0952,"played":[0.0,1.0],"evs":[0.0,2.3241]},"JJ":{"weight":1.0,"played":[0.0,1.0],"evs":[0.0,11.82738]},"QJo":{"weight":0.0,"played":[0.0,1.0],"evs":[0.0,1.12648]},"KJo":{"weight":0.4816,"played":[0.0,1.0],"evs":[0.0,1.44661]},"AJo":{"weight":0.0,"played":[0.0,1.0],"evs":[0.0,6.66948]},"Q2s":{"weight":0.0,"played":[0.7564,0.2436],"evs":[0.0,-0.02365]},"Q3s":{"weight":0.0,"played":[0.1393,0.8607],"evs":[0.0,0.08833]},"Q4s":{"weight":0.0,"played":[1.0E-4,0.9999],"evs":[0.0,0.27451]},"Q5s":{"weight":0.0,"played":[0.0,1.0],"evs":[0.0,0.37688]},"Q6s":{"weight":0.0,"played":[0.0,1.0],"evs":[0.0,0.64399]},"Q7s":{"weight":0.0,"played":[0.0,1.0],"evs":[0.0,0.32584]},"Q8s":{"weight":0.0,"played":[0.0,1.0],"evs":[0.0,0.69079]},"Q9s":{"weight":0.0,"played":[0.0,1.0],"evs":[0.0,1.13823]},"QTs":{"weight":1.0E-4,"played":[0.0,1.0],"evs":[0.0,2.23889]},"QJs":{"weight":0.0,"played":[0.0,1.0],"evs":[0.0,2.35871]},"QQ":{"weight":1.0,"played":[0.0,1.0],"evs":[0.0,13.54966]},"KQo":{"weight":0.8007,"played":[0.0,1.0],"evs":[0.0,2.36991]},"AQo":{"weight":0.0,"played":[0.0,1.0],"evs":[0.0,9.17751]},"K2s":{"weight":0.0,"played":[0.0,1.0],"evs":[0.0,0.52664]},"K3s":{"weight":0.0,"played":[0.0,1.0],"evs":[0.0,0.5112]},"K4s":{"weight":0.0,"played":[0.0,1.0],"evs":[0.0,0.72475]},"K5s":{"weight":0.0,"played":[0.0,1.0],"evs":[0.0,0.84669]},"K6s":{"weight":0.0,"played":[0.0,1.0],"evs":[0.0,1.07697]},"K7s":{"weight":0.0,"played":[0.0,1.0],"evs":[0.0,1.02617]},"K8s":{"weight":0.0,"played":[0.0,1.0],"evs":[0.0,0.92778]},"K9s":{"weight":3.0E-4,"played":[0.0,1.0],"evs":[0.0,1.20838]},"KTs":{"weight":0.0,"played":[0.0,1.0],"evs":[0.0,2.39103]},"KJs":{"weight":0.0137,"played":[0.0,1.0],"evs":[0.0,2.70228]},"KQs":{"weight":0.8421,"played":[0.0,1.0],"evs":[0.0,3.52265]},"KK":{"weight":1.0,"played":[0.0,1.0],"evs":[0.0,15.46756]},"AKo":{"weight":1.0E-4,"played":[0.0,1.0],"evs":[0.0,12.19536]},"A2s":{"weight":0.0,"played":[0.0,1.0],"evs":[0.0,2.19525]},"A3s":{"weight":0.0,"played":[0.0,1.0],"evs":[0.0,2.33402]},"A4s":{"weight":0.0,"played":[0.0,1.0],"evs":[0.0,2.45587]},"A5s":{"weight":0.0801,"played":[0.0,1.0],"evs":[0.0,2.68874]},"A6s":{"weight":7.0E-4,"played":[0.0,1.0],"evs":[0.0,2.42457]},"A7s":{"weight":0.0,"played":[0.0,1.0],"evs":[0.0,2.73167]},"A8s":{"weight":0.0018,"played":[0.0,1.0],"evs":[0.0,3.28102]},"A9s":{"weight":0.0,"played":[0.0,1.0],"evs":[0.0,4.55819]},"ATs":{"weight":0.0269,"played":[0.0,1.0],"evs":[0.0,6.37039]},"AJs":{"weight":0.3404,"played":[0.0,1.0],"evs":[0.0,7.5644]},"AQs":{"weight":0.5654,"played":[0.0,1.0],"evs":[0.0,9.86417]},"AKs":{"weight":1.0,"played":[0.0,1.0],"evs":[0.0,12.58045]},"AA":{"weight":0.9999,"played":[0.0,1.0],"evs":[0.0,20.81918]}}}