{"player":0,"street":0,"children":2,"sequence":[{"player":0,"type":"R","amount":20000,"street":0},{"player":1,"type":"R","amount":200000,"street":0}],"actions":[{"type":"F","amount":0},{"type":"C","amount":180000}],"hands":{"22":{"weight":0.0,"played":[0.0,1.0],"evs":[0.0,1.83047]},"32o":{"weight":0.0,"played":[1.0,0.0],"evs":[0.0,-5.67367]},"42o":{"weight":0.0,"played":[1.0,0.0],"evs":[0.0,-5.32289]},"52o":{"weight":0.0,"played":[1.0,0.0],"evs":[0.0,-4.88726]},"62o":{"weight":0.0,"played":[1.0,0.0],"evs":[0.0,-5.06799]},"72o":{"weight":0.0,"played":[1.0,0.0],"evs":[0.0,-5.10412]},"82o":{"weight":0.0,"played":[1.0,0.0],"evs":[0.0,-4.71186]},"92o":{"weight":0.0,"played":[1.0,0.0],"evs":[0.0,-4.61067]},"T2o":{"weight":0.0,"played":[1.0,0.0],"evs":[0.0,-4.46884]},"J2o":{"weight":0.0,"played":[1.0,0.0],"evs":[0.0,-4.4335]},"Q2o":{"weight":0.0,"played":[1.0,0.0],"evs":[0.0,-4.14006]},"K2o":{"weight":0.0,"played":[1.0,0.0],"evs":[0.0,-3.40818]},"A2o":{"weight":0.0,"played":[1.0,0.0],"evs":[0.0,-1.28598]},"32s":{"weight":0.291,"played":[1.0,0.0],"evs":[0.0,-4.1101]},"33":{"weight":0.0,"played":[0.0,1.0],"evs":[0.0,3.2598]},"43o":{"weight":0.0046,"played":[1.0,0.0],"evs":[0.0,-4.42459]},"53o":{"weight":0.0486,"played":[1.0,0.0],"evs":[0.0,-3.9964]},"63o":{"weight":0.0,"played":[1.0,0.0],"evs":[0.0,-4.17554]},"73o":{"weight":0.0,"played":[1.0,0.0],"evs":[0.0,-4.21279]},"83o":{"weight":0.0,"played":[1.0,0.0],"evs":[0.0,-4.39345]},"93o":{"weight":0.0,"played":[1.0,0.0],"evs":[0.0,-4.16659]},"T3o":{"weight":0.0278,"played":[1.0,0.0],"evs":[0.0,-4.03352]},"J3o":{"weight":0.0021,"played":[1.0,0.0],"evs":[0.0,-4.00426]},"Q3o":{"weight":1.0E-4,"played":[1.0,0.0],"evs":[0.0,-3.71098]},"K3o":{"weight":0.1618,"played":[1.0,0.0],"evs":[0.0,-3.00522]},"A3o":{"weight":0.0,"played":[1.0,0.0],"evs":[0.0,-0.83857]},"42s":{"weight":0.24,"played":[1.0,0.0],"evs":[0.0,-3.7974]},"43s":{"weight":0.1111,"played":[1.0,0.0],"evs":[0.0,-2.92876]},"44":{"weight":0.1296,"played":[0.0,1.0],"evs":[0.0,4.6692]},"54o":{"weight":0.2602,"played":[1.0,0.0],"evs":[0.0,-3.24503]},"64o":{"weight":0.0133,"played":[1.0,0.0],"evs":[0.0,-3.42235]},"74o":{"weight":0.0,"played":[1.0,0.0],"evs":[0.0,-3.44396]},"84o":{"weight":0.0,"played":[1.0,0.0],"evs":[0.0,-3.63737]},"94o":{"weight":0.0,"played":[1.0,0.0],"evs":[0.0,-4.01117]},"T4o":{"weight":0.0124,"played":[1.0,0.0],"evs":[0.0,-3.7433]},"J4o":{"weight":0.1614,"played":[1.0,0.0],"evs":[0.0,-3.71277]},"Q4o":{"weight":0.2105,"played":[1.0,0.0],"evs":[0.0,-3.40259]},"K4o":{"weight":0.2088,"played":[1.0,0.0],"evs":[0.0,-2.62057]},"A4o":{"weight":0.0,"played":[0.9997,3.0E-4],"evs":[0.0,-0.31328]},"52s":{"weight":0.0328,"played":[1.0,0.0],"evs":[0.0,-3.36933]},"53s":{"weight":0.0895,"played":[1.0,0.0],"evs":[0.0,-2.53567]},"54s":{"weight":0.0017,"played":[1.0,0.0],"evs":[0.0,-1.80607]},"55":{"weight":0.4154,"played":[0.0,1.0],"evs":[0.0,6.17723]},"65o":{"weight":0.2768,"played":[1.0,0.0],"evs":[0.0,-2.57548]},"75o":{"weight":0.0773,"played":[1.0,0.0],"evs":[0.0,-2.60105]},"85o":{"weight":0.0381,"played":[1.0,0.0],"evs":[0.0,-2.79228]},"95o":{"weight":2.0E-4,"played":[1.0,0.0],"evs":[0.0,-3.13631]},"T5o":{"weight":0.0811,"played":[1.0,0.0],"evs":[0.0,-3.46726]},"J5o":{"weight":0.2093,"played":[1.0,0.0],"evs":[0.0,-3.20853]},"Q5o":{"weight":0.2922,"played":[1.0,0.0],"evs":[0.0,-2.80116]},"K5o":{"weight":0.2466,"played":[1.0,0.0],"evs":[0.0,-2.03339]},"A5o":{"weight":0.1072,"played":[0.0,1.0],"evs":[0.0,0.42204]},"62s":{"weight":0.6315,"played":[1.0,0.0],"evs":[0.0,-3.50867]},"63s":{"weight":0.0167,"played":[1.0,0.0],"evs":[0.0,-2.66142]},"64s":{"weight":0.3326,"played":[1.0,0.0],"evs":[0.0,-1.97978]},"65s":{"weight":0.01,"played":[1.0,0.0],"evs":[0.0,-1.15084]},"66":{"weight":0.0434,"played":[0.0,1.0],"evs":[0.0,7.48409]},"76o":{"weight":0.0208,"played":[1.0,0.0],"evs":[0.0,-1.72441]},"86o":{"weight":0.2193,"played":[1.0,0.0],"evs":[0.0,-1.95067]},"96o":{"weight":0.1079,"played":[1.0,0.0],"evs":[0.0,-2.28558]},"T6o":{"weight":0.2859,"played":[1.0,0.0],"evs":[0.0,-2.59861]},"J6o":{"weight":0.184,"played":[1.0,0.0],"evs":[0.0,-2.92947]},"Q6o":{"weight":0.1987,"played":[1.0,0.0],"evs":[0.0,-2.32581]},"K6o":{"weight":0.2228,"played":[1.0,0.0],"evs":[0.0,-1.55457]},"A6o":{"weight":0.0,"played":[0.0,1.0],"evs":[0.0,0.78967]},"72s":{"weight":1.0E-4,"played":[1.0,0.0],"evs":[0.0,-3.52367]},"73s":{"weight":0.7022,"played":[1.0,0.0],"evs":[0.0,-2.68251]},"74s":{"weight":0.1777,"played":[1.0,0.0],"evs":[0.0,-1.99741]},"75s":{"weight":0.1253,"played":[1.0,0.0],"evs":[0.0,-1.21836]},"76s":{"weight":0.326,"played":[0.9999,1.0E-4],"evs":[0.0,-0.39627]},"77":{"weight":0.0757,"played":[0.0,1.0],"evs":[0.0,8.66033]},"87o":{"weight":0.1211,"played":[1.0,0.0],"evs":[0.0,-1.11538]},"97o":{"weight":0.2463,"played":[1.0,0.0],"evs":[0.0,-1.45282]},"T7o":{"weight":0.3584,"played":[1.0,0.0],"evs":[0.0,-1.75404]},"J7o":{"weight":0.4014,"played":[1.0,0.0],"evs":[0.0,-2.04602]},"Q7o":{"weight":0.24,"played":[1.0,0.0],"evs":[0.0,-2.01376]},"K7o":{"weight":0.231,"played":[1.0,0.0],"evs":[0.0,-1.20556]},"A7o":{"weight":0.0013,"played":[0.0,1.0],"evs":[0.0,1.83366]},"82s":{"weight":0.5699,"played":[1.0,0.0],"evs":[0.0,-3.15085]},"83s":{"weight":0.4872,"played":[1.0,0.0],"evs":[0.0,-2.87318]},"84s":{"weight":0.2035,"played":[1.0,0.0],"evs":[0.0,-2.17845]},"85s":{"weight":0.1081,"played":[1.0,0.0],"evs":[0.0,-1.40119]},"86s":{"weight":0.0,"played":[1.0,0.0],"evs":[0.0,-0.60466]},"87s":{"weight":0.3848,"played":[0.0,1.0],"evs":[0.0,0.20794]},"88":{"weight":0.1918,"played":[0.0,1.0],"evs":[0.0,9.5462]},"98o":{"weight":0.1448,"played":[1.0,0.0],"evs":[0.0,-0.84618]},"T8o":{"weight":0.209,"played":[1.0,0.0],"evs":[0.0,-1.09577]},"J8o":{"weight":0.179,"played":[1.0,0.0],"evs":[0.0,-1.35475]},"Q8o":{"weight":0.1985,"played":[1.0,0.0],"evs":[0.0,-1.28164]},"K8o":{"weight":0.141,"played":[1.0,0.0],"evs":[0.0,-1.05261]},"A8o":{"weight":1.0E-4,"played":[0.0,1.0],"evs":[0.0,3.0167]},"92s":{"weight":0.2794,"played":[1.0,0.0],"evs":[0.0,-3.02911]},"93s":{"weight":0.4765,"played":[1.0,0.0],"evs":[0.0,-2.64585]},"94s":{"weight":0.756,"played":[1.0,0.0],"evs":[0.0,-2.51839]},"95s":{"weight":0.1231,"played":[1.0,0.0],"evs":[0.0,-1.68721]},"96s":{"weight":0.0919,"played":[1.0,0.0],"evs":[0.0,-0.91618]},"97s":{"weight":0.0012,"played":[0.9913,0.0087],"evs":[0.0,-0.13964]},"98s":{"weight":0.3236,"played":[0.0,1.0],"evs":[0.0,0.45825]},"99":{"weight":0.0773,"played":[0.0,1.0],"evs":[0.0,10.01155]},"T9o":{"weight":0.1481,"played":[1.0,0.0],"evs":[0.0,-0.51161]},"J9o":{"weight":0.1643,"played":[1.0,0.0],"evs":[0.0,-0.78212]},"Q9o":{"weight":0.1628,"played":[1.0,0.0],"evs":[0.0,-0.72656]},"K9o":{"weight":0.0302,"played":[1.0,0.0],"evs":[0.0,-0.44896]},"A9o":{"weight":0.0014,"played":[0.0,1.0],"evs":[0.0,4.13998]},"T2s":{"weight":0.0,"played":[1.0,0.0],"evs":[0.0,-2.94659]},"T3s":{"weight":0.0,"played":[1.0,0.0],"evs":[0.0,-2.54747]},"T4s":{"weight":0.1183,"played":[1.0,0.0],"evs":[0.0,-2.28093]},"T5s":{"weight":0.2559,"played":[1.0,0.0],"evs":[0.0,-2.01231]},"T6s":{"weight":0.3019,"played":[1.0,0.0],"evs":[0.0,-1.21719]},"T7s":{"weight":1.0E-4,"played":[1.0,0.0],"evs":[0.0,-0.39038]},"T8s":{"weight":0.0975,"played":[0.0,1.0],"evs":[0.0,0.21919]},"T9s":{"weight":0.505,"played":[0.0,1.0],"evs":[0.0,0.72404]},"TT":{"weight":0.1457,"played":[0.0,1.0],"evs":[0.0,10.67557]},"JTo":{"weight":0.1925,"played":[0.9996,4.0E-4],"evs":[0.0,-0.03376]},"QTo":{"weight":0.1825,"played":[0.3998,0.6002],"evs":[0.0,-0.00232]},"KTo":{"weight":0.375,"played":[0.0,1.0],"evs":[0.0,0.29625]},"ATo":{"weight":0.0,"played":[0.0,1.0],"evs":[0.0,5.72875]},"J2s":{"weight":0.0,"played":[1.0,0.0],"evs":[0.0,-2.87918]},"J3s":{"weight":0.0,"played":[1.0,0.0],"evs":[0.0,-2.48935]},"J4s":{"weight":0.0719,"played":[1.0,0.0],"evs":[0.0,-2.23115]},"J5s":{"weight":0.1068,"played":[1.0,0.0],"evs":[0.0,-1.7919]},"J6s":{"weight":0.0019,"played":[1.0,0.0],"evs":[0.0,-1.51808]},"J7s":{"weight":0.0041,"played":[1.0,0.0],"evs":[0.0,-0.67183]},"J8s":{"weight":0.1625,"played":[0.9784,0.0216],"evs":[0.0,-0.02259]},"J9s":{"weight":0.1087,"played":[0.0,1.0],"evs":[0.0,0.49146]},"JTs":{"weight":0.2472,"played":[0.0,1.0],"evs":[0.0,1.18758]},"JJ":{"weight":0.2768,"played":[0.0,1.0],"evs":[0.0,11.14532]},"QJo":{"weight":0.2668,"played":[0.5629,0.4371],"evs":[0.0,0.0042]},"KJo":{"weight":0.198,"played":[0.0,1.0],"evs":[0.0,0.44803]},"AJo":{"weight":0.0,"played":[0.0,1.0],"evs":[0.0,6.9983]},"Q2s":{"weight":0.0,"played":[1.0,0.0],"evs":[0.0,-2.63933]},"Q3s":{"weight":0.0,"played":[1.0,0.0],"evs":[0.0,-2.23253]},"Q4s":{"weight":0.0015,"played":[1.0,0.0],"evs":[0.0,-1.91995]},"Q5s":{"weight":0.3849,"played":[1.0,0.0],"evs":[0.0,-1.39835]},"Q6s":{"weight":0.1295,"played":[1.0,0.0],"evs":[0.0,-0.93213]},"Q7s":{"weight":0.0713,"played":[1.0,0.0],"evs":[0.0,-0.63602]},"Q8s":{"weight":0.001,"played":[0.2865,0.7135],"evs":[0.0,0.00655]},"Q9s":{"weight":3.0E-4,"played":[0.0,1.0],"evs":[0.0,0.53003]},"QTs":{"weight":0.0,"played":[0.0,1.0],"evs":[0.0,1.23248]},"QJs":{"weight":0.0035,"played":[0.0,1.0],"evs":[0.0,1.23168]},"QQ":{"weight":0.3861,"played":[0.0,1.0],"evs":[0.0,11.78669]},"KQo":{"weight":0.2553,"played":[0.0,1.0],"evs":[0.0,0.68935]},"AQo":{"weight":0.0883,"played":[0.0,1.0],"evs":[0.0,8.23482]},"K2s":{"weight":0.0,"played":[1.0,0.0],"evs":[0.0,-1.98137]},"K3s":{"weight":0.0,"played":[1.0,0.0],"evs":[0.0,-1.59263]},"K4s":{"weight":0.0372,"played":[1.0,0.0],"evs":[0.0,-1.22891]},"K5s":{"weight":0.586,"played":[1.0,0.0],"evs":[0.0,-0.68664]},"K6s":{"weight":0.2242,"played":[1.0,0.0],"evs":[0.0,-0.21633]},"K7s":{"weight":2.0E-4,"played":[1.0E-4,0.9999],"evs":[0.0,0.1057]},"K8s":{"weight":0.0101,"played":[0.0,1.0],"evs":[0.0,0.26003]},"K9s":{"weight":0.2715,"played":[0.0,1.0],"evs":[0.0,0.80893]},"KTs":{"weight":0.0,"played":[0.0,1.0],"evs":[0.0,1.49872]},"KJs":{"weight":0.0,"played":[0.0,1.0],"evs":[0.0,1.62338]},"KQs":{"weight":6.0E-4,"played":[0.0,1.0],"evs":[0.0,1.86751]},"KK":{"weight":0.6761,"played":[0.0,1.0],"evs":[0.0,12.59149]},"AKo":{"weight":0.093,"played":[0.0,1.0],"evs":[0.0,9.4334]},"A2s":{"weight":0.0,"played":[3.0E-4,0.9997],"evs":[0.0,0.02031]},"A3s":{"weight":0.2743,"played":[0.0,1.0],"evs":[0.0,0.45778]},"A4s":{"weight":0.0,"played":[0.0,1.0],"evs":[0.0,0.8888]},"A5s":{"weight":3.0E-4,"played":[0.0,1.0],"evs":[0.0,1.61978]},"A6s":{"weight":0.0047,"played":[0.0,1.0],"evs":[0.0,1.92606]},"A7s":{"weight":0.2395,"played":[0.0,1.0],"evs":[0.0,2.92451]},"A8s":{"weight":0.4535,"played":[0.0,1.0],"evs":[0.0,4.02091]},"A9s":{"weight":0.8682,"played":[0.0,1.0],"evs":[0.0,5.09433]},"ATs":{"weight":0.3687,"played":[0.0,1.0],"evs":[0.0,6.577]},"AJs":{"weight":0.6201,"played":[0.0,1.0],"evs":[0.0,7.77939]},"AQs":{"weight":0.9985,"played":[0.0,1.0],"evs":[0.0,8.93285]},"AKs":{"weight":0.9964,"played":[0.0,1.0],"evs":[0.0,10.0579]},"AA":{"weight":0.8482,"played":[0.0,1.0],"evs":[0.0,18.18061]}}}