{"player":0,"street":0,"children":2,"sequence":[{"player":0,"type":"R","amount":23000,"street":0},{"player":1,"type":"R","amount":200000,"street":0}],"actions":[{"type":"F","amount":0},{"type":"C","amount":177000}],"hands":{"22":{"weight":0.0,"played":[0.0,1.0],"evs":[0.0,2.08463]},"32o":{"weight":0.0,"played":[1.0,0.0],"evs":[0.0,-5.3525]},"42o":{"weight":0.0,"played":[1.0,0.0],"evs":[0.0,-5.01283]},"52o":{"weight":0.0,"played":[1.0,0.0],"evs":[0.0,-4.52301]},"62o":{"weight":0.0,"played":[1.0,0.0],"evs":[0.0,-4.77267]},"72o":{"weight":0.0,"played":[1.0,0.0],"evs":[0.0,-4.82207]},"82o":{"weight":0.0,"played":[1.0,0.0],"evs":[0.0,-4.43257]},"92o":{"weight":0.0,"played":[1.0,0.0],"evs":[0.0,-4.28199]},"T2o":{"weight":0.0,"played":[1.0,0.0],"evs":[0.0,-4.15396]},"J2o":{"weight":0.0,"played":[1.0,0.0],"evs":[0.0,-4.16207]},"Q2o":{"weight":0.0,"played":[1.0,0.0],"evs":[0.0,-3.9623]},"K2o":{"weight":0.0,"played":[1.0,0.0],"evs":[0.0,-3.29148]},"A2o":{"weight":0.0,"played":[1.0,0.0],"evs":[0.0,-0.85226]},"32s":{"weight":0.5193,"played":[1.0,0.0],"evs":[0.0,-3.78802]},"33":{"weight":0.0,"played":[0.0,1.0],"evs":[0.0,3.36661]},"43o":{"weight":0.0,"played":[1.0,0.0],"evs":[0.0,-4.25584]},"53o":{"weight":0.0,"played":[1.0,0.0],"evs":[0.0,-3.76594]},"63o":{"weight":0.0,"played":[1.0,0.0],"evs":[0.0,-4.01076]},"73o":{"weight":0.0,"played":[1.0,0.0],"evs":[0.0,-4.08847]},"83o":{"weight":0.0,"played":[1.0,0.0],"evs":[0.0,-4.26095]},"93o":{"weight":0.0,"played":[1.0,0.0],"evs":[0.0,-4.00619]},"T3o":{"weight":0.0,"played":[1.0,0.0],"evs":[0.0,-3.86051]},"J3o":{"weight":0.0,"played":[1.0,0.0],"evs":[0.0,-3.86973]},"Q3o":{"weight":0.0,"played":[1.0,0.0],"evs":[0.0,-3.66501]},"K3o":{"weight":3.0E-4,"played":[1.0,0.0],"evs":[0.0,-2.93029]},"A3o":{"weight":0.0,"played":[1.0,0.0],"evs":[0.0,-0.37338]},"42s":{"weight":0.4518,"played":[1.0,0.0],"evs":[0.0,-3.46748]},"43s":{"weight":3.0E-4,"played":[1.0,0.0],"evs":[0.0,-2.76281]},"44":{"weight":0.052,"played":[0.0,1.0],"evs":[0.0,4.76868]},"54o":{"weight":0.129,"played":[1.0,0.0],"evs":[0.0,-3.04477]},"64o":{"weight":0.0543,"played":[1.0,0.0],"evs":[0.0,-3.26919]},"74o":{"weight":0.0,"played":[1.0,0.0],"evs":[0.0,-3.35451]},"84o":{"weight":0.0,"played":[1.0,0.0],"evs":[0.0,-3.52902]},"94o":{"weight":0.0,"played":[1.0,0.0],"evs":[0.0,-3.83982]},"T4o":{"weight":0.0,"played":[1.0,0.0],"evs":[0.0,-3.57769]},"J4o":{"weight":0.0373,"played":[1.0,0.0],"evs":[0.0,-3.57249]},"Q4o":{"weight":0.1556,"played":[1.0,0.0],"evs":[0.0,-3.36598]},"K4o":{"weight":0.173,"played":[1.0,0.0],"evs":[0.0,-2.53533]},"A4o":{"weight":0.0,"played":[0.0,1.0],"evs":[0.0,0.13209]},"52s":{"weight":0.184,"played":[1.0,0.0],"evs":[0.0,-3.00457]},"53s":{"weight":0.0,"played":[1.0,0.0],"evs":[0.0,-2.29489]},"54s":{"weight":0.0,"played":[1.0,0.0],"evs":[0.0,-1.62854]},"55":{"weight":0.2515,"played":[0.0,1.0],"evs":[0.0,6.19466]},"65o":{"weight":0.2635,"played":[1.0,0.0],"evs":[0.0,-2.36418]},"75o":{"weight":0.0709,"played":[1.0,0.0],"evs":[0.0,-2.44555]},"85o":{"weight":0.02,"played":[1.0,0.0],"evs":[0.0,-2.62861]},"95o":{"weight":1.0E-4,"played":[1.0,0.0],"evs":[0.0,-2.92159]},"T5o":{"weight":0.0017,"played":[1.0,0.0],"evs":[0.0,-3.22895]},"J5o":{"weight":0.2056,"played":[1.0,0.0],"evs":[0.0,-3.0828]},"Q5o":{"weight":0.3213,"played":[1.0,0.0],"evs":[0.0,-2.83219]},"K5o":{"weight":0.396,"played":[1.0,0.0],"evs":[0.0,-2.0053]},"A5o":{"weight":0.0988,"played":[0.0,1.0],"evs":[0.0,0.78097]},"62s":{"weight":0.1412,"played":[1.0,0.0],"evs":[0.0,-3.23122]},"63s":{"weight":0.3954,"played":[1.0,0.0],"evs":[0.0,-2.53213]},"64s":{"weight":0.0,"played":[1.0,0.0],"evs":[0.0,-1.83665]},"65s":{"weight":0.0,"played":[1.0,0.0],"evs":[0.0,-0.98612]},"66":{"weight":0.0582,"played":[0.0,1.0],"evs":[0.0,7.42458]},"76o":{"weight":0.09,"played":[1.0,0.0],"evs":[0.0,-1.63788]},"86o":{"weight":0.1068,"played":[1.0,0.0],"evs":[0.0,-1.82301]},"96o":{"weight":0.1519,"played":[1.0,0.0],"evs":[0.0,-2.12407]},"T6o":{"weight":0.2319,"played":[1.0,0.0],"evs":[0.0,-2.42356]},"J6o":{"weight":0.3021,"played":[1.0,0.0],"evs":[0.0,-2.84443]},"Q6o":{"weight":0.3583,"played":[1.0,0.0],"evs":[0.0,-2.29953]},"K6o":{"weight":0.3895,"played":[1.0,0.0],"evs":[0.0,-1.42249]},"A6o":{"weight":0.0,"played":[0.0,1.0],"evs":[0.0,1.15744]},"72s":{"weight":0.0,"played":[1.0,0.0],"evs":[0.0,-3.25764]},"73s":{"weight":0.7264,"played":[1.0,0.0],"evs":[0.0,-2.57403]},"74s":{"weight":0.2264,"played":[1.0,0.0],"evs":[0.0,-1.88737]},"75s":{"weight":0.0,"played":[1.0,0.0],"evs":[0.0,-1.04795]},"76s":{"weight":0.0,"played":[1.0,0.0],"evs":[0.0,-0.30291]},"77":{"weight":0.1901,"played":[0.0,1.0],"evs":[0.0,8.56932]},"87o":{"weight":0.054,"played":[1.0,0.0],"evs":[0.0,-1.01267]},"97o":{"weight":0.1748,"played":[1.0,0.0],"evs":[0.0,-1.3051]},"T7o":{"weight":0.2281,"played":[1.0,0.0],"evs":[0.0,-1.5918]},"J7o":{"weight":0.3667,"played":[1.0,0.0],"evs":[0.0,-1.97452]},"Q7o":{"weight":0.2975,"played":[1.0,0.0],"evs":[0.0,-1.9821]},"K7o":{"weight":0.241,"played":[1.0,0.0],"evs":[0.0,-1.11721]},"A7o":{"weight":0.0,"played":[0.0,1.0],"evs":[0.0,2.15068]},"82s":{"weight":0.2859,"played":[1.0,0.0],"evs":[0.0,-2.90205]},"83s":{"weight":0.0338,"played":[1.0,0.0],"evs":[0.0,-2.74699]},"84s":{"weight":0.9979,"played":[1.0,0.0],"evs":[0.0,-2.07422]},"85s":{"weight":0.0112,"played":[1.0,0.0],"evs":[0.0,-1.2142]},"86s":{"weight":0.0,"played":[1.0,0.0],"evs":[0.0,-0.45629]},"87s":{"weight":0.4061,"played":[0.0,1.0],"evs":[0.0,0.303]},"88":{"weight":0.2874,"played":[0.0,1.0],"evs":[0.0,9.49524]},"98o":{"weight":0.0426,"played":[1.0,0.0],"evs":[0.0,-0.69589]},"T8o":{"weight":0.2745,"played":[1.0,0.0],"evs":[0.0,-0.93181]},"J8o":{"weight":0.2719,"played":[1.0,0.0],"evs":[0.0,-1.28473]},"Q8o":{"weight":0.2012,"played":[1.0,0.0],"evs":[0.0,-1.2702]},"K8o":{"weight":0.3083,"played":[1.0,0.0],"evs":[0.0,-0.9148]},"A8o":{"weight":7.0E-4,"played":[0.0,1.0],"evs":[0.0,3.29062]},"92s":{"weight":0.0552,"played":[1.0,0.0],"evs":[0.0,-2.75228]},"93s":{"weight":0.9991,"played":[1.0,0.0],"evs":[0.0,-2.49401]},"94s":{"weight":0.429,"played":[1.0,0.0],"evs":[0.0,-2.34212]},"95s":{"weight":0.3548,"played":[1.0,0.0],"evs":[0.0,-1.48792]},"96s":{"weight":0.0,"played":[1.0,0.0],"evs":[0.0,-0.72579]},"97s":{"weight":0.0,"played":[0.1933,0.8067],"evs":[0.0,0.02571]},"98s":{"weight":0.4531,"played":[0.0,1.0],"evs":[0.0,0.60079]},"99":{"weight":0.1096,"played":[0.0,1.0],"evs":[0.0,10.06557]},"T9o":{"weight":0.0204,"played":[1.0,0.0],"evs":[0.0,-0.34678]},"J9o":{"weight":0.1865,"played":[1.0,0.0],"evs":[0.0,-0.69043]},"Q9o":{"weight":0.1656,"played":[1.0,0.0],"evs":[0.0,-0.69309]},"K9o":{"weight":0.0672,"played":[1.0,0.0],"evs":[0.0,-0.30429]},"A9o":{"weight":0.0748,"played":[0.0,1.0],"evs":[0.0,4.3599]},"T2s":{"weight":0.1742,"played":[1.0,0.0],"evs":[0.0,-2.63665]},"T3s":{"weight":0.2511,"played":[1.0,0.0],"evs":[0.0,-2.36504]},"T4s":{"weight":0.1949,"played":[1.0,0.0],"evs":[0.0,-2.10962]},"T5s":{"weight":0.5507,"played":[1.0,0.0],"evs":[0.0,-1.7723]},"T6s":{"weight":0.0,"played":[1.0,0.0],"evs":[0.0,-1.0192]},"T7s":{"weight":0.0,"played":[1.0,0.0],"evs":[0.0,-0.23948]},"T8s":{"weight":0.0032,"played":[0.0,1.0],"evs":[0.0,0.38409]},"T9s":{"weight":0.5838,"played":[0.0,1.0],"evs":[0.0,0.92137]},"TT":{"weight":0.1681,"played":[0.0,1.0],"evs":[0.0,10.71786]},"JTo":{"weight":0.0438,"played":[0.0198,0.9802],"evs":[0.0,0.02433]},"QTo":{"weight":0.1872,"played":[2.0E-4,0.9998],"evs":[0.0,0.03333]},"KTo":{"weight":0.3325,"played":[0.0,1.0],"evs":[0.0,0.40481]},"ATo":{"weight":0.0,"played":[0.0,1.0],"evs":[0.0,5.88424]},"J2s":{"weight":0.0,"played":[1.0,0.0],"evs":[0.0,-2.64005]},"J3s":{"weight":1.0E-4,"played":[1.0,0.0],"evs":[0.0,-2.35531]},"J4s":{"weight":0.0033,"played":[1.0,0.0],"evs":[0.0,-2.09868]},"J5s":{"weight":0.1161,"played":[1.0,0.0],"evs":[0.0,-1.61784]},"J6s":{"weight":0.0,"played":[1.0,0.0],"evs":[0.0,-1.41699]},"J7s":{"weight":0.0,"played":[1.0,0.0],"evs":[0.0,-0.59859]},"J8s":{"weight":0.0,"played":[0.0,1.0],"evs":[0.0,0.03359]},"J9s":{"weight":0.0384,"played":[0.0,1.0],"evs":[0.0,0.59691]},"JTs":{"weight":0.391,"played":[0.0,1.0],"evs":[0.0,1.26624]},"JJ":{"weight":0.0737,"played":[0.0,1.0],"evs":[0.0,11.23494]},"QJo":{"weight":0.2427,"played":[0.6417,0.3583],"evs":[0.0,-5.4E-4]},"KJo":{"weight":0.2754,"played":[0.0,1.0],"evs":[0.0,0.62292]},"AJo":{"weight":0.0,"played":[0.0,1.0],"evs":[0.0,7.1476]},"Q2s":{"weight":0.0,"played":[1.0,0.0],"evs":[0.0,-2.4459]},"Q3s":{"weight":0.0,"played":[1.0,0.0],"evs":[0.0,-2.1764]},"Q4s":{"weight":0.0,"played":[1.0,0.0],"evs":[0.0,-1.91161]},"Q5s":{"weight":0.0,"played":[1.0,0.0],"evs":[0.0,-1.39819]},"Q6s":{"weight":0.0,"played":[1.0,0.0],"evs":[0.0,-0.92441]},"Q7s":{"weight":0.0,"played":[1.0,0.0],"evs":[0.0,-0.60569]},"Q8s":{"weight":0.0,"played":[0.0,1.0],"evs":[0.0,0.07033]},"Q9s":{"weight":0.0164,"played":[0.0,1.0],"evs":[0.0,0.61628]},"QTs":{"weight":0.0349,"played":[0.0,1.0],"evs":[0.0,1.29616]},"QJs":{"weight":0.0126,"played":[0.0,1.0],"evs":[0.0,1.27117]},"QQ":{"weight":0.1879,"played":[0.0,1.0],"evs":[0.0,11.96452]},"KQo":{"weight":0.1368,"played":[0.0,1.0],"evs":[0.0,1.07935]},"AQo":{"weight":0.1756,"played":[0.0,1.0],"evs":[0.0,8.46251]},"K2s":{"weight":0.0,"played":[1.0,0.0],"evs":[0.0,-1.8201]},"K3s":{"weight":0.0,"played":[1.0,0.0],"evs":[0.0,-1.48523]},"K4s":{"weight":0.0,"played":[1.0,0.0],"evs":[0.0,-1.11569]},"K5s":{"weight":0.0,"played":[1.0,0.0],"evs":[0.0,-0.62501]},"K6s":{"weight":0.0,"played":[0.9999,1.0E-4],"evs":[0.0,-0.08139]},"K7s":{"weight":0.0,"played":[0.0,1.0],"evs":[0.0,0.20169]},"K8s":{"weight":0.0,"played":[0.0,1.0],"evs":[0.0,0.41161]},"K9s":{"weight":0.213,"played":[0.0,1.0],"evs":[0.0,0.94685]},"KTs":{"weight":0.0,"played":[0.0,1.0],"evs":[0.0,1.64033]},"KJs":{"weight":0.0,"played":[0.0,1.0],"evs":[0.0,1.83886]},"KQs":{"weight":0.5095,"played":[0.0,1.0],"evs":[0.0,2.25087]},"KK":{"weight":0.3673,"played":[0.0,1.0],"evs":[0.0,12.91938]},"AKo":{"weight":0.2696,"played":[0.0,1.0],"evs":[0.0,9.74447]},"A2s":{"weight":0.0,"played":[0.0,1.0],"evs":[0.0,0.47738]},"A3s":{"weight":0.0,"played":[0.0,1.0],"evs":[0.0,0.89849]},"A4s":{"weight":0.0014,"played":[0.0,1.0],"evs":[0.0,1.3703]},"A5s":{"weight":0.0164,"played":[0.0,1.0],"evs":[0.0,1.96655]},"A6s":{"weight":0.0154,"played":[0.0,1.0],"evs":[0.0,2.33408]},"A7s":{"weight":0.6798,"played":[0.0,1.0],"evs":[0.0,3.26705]},"A8s":{"weight":0.9196,"played":[0.0,1.0],"evs":[0.0,4.3306]},"A9s":{"weight":0.8532,"played":[0.0,1.0],"evs":[0.0,5.31827]},"ATs":{"weight":0.0857,"played":[0.0,1.0],"evs":[0.0,6.75958]},"AJs":{"weight":0.8437,"played":[0.0,1.0],"evs":[0.0,7.9242]},"AQs":{"weight":1.0,"played":[0.0,1.0],"evs":[0.0,9.17166]},"AKs":{"weight":0.9998,"played":[0.0,1.0],"evs":[0.0,10.39499]},"AA":{"weight":0.9362,"played":[0.0,1.0],"evs":[0.0,18.30813]}}}