{"player":1,"street":0,"children":2,"sequence":[{"player":0,"type":"R","amount":200000,"street":0}],"actions":[{"type":"F","amount":0},{"type":"C","amount":190000}],"hands":{"22":{"weight":1.0,"played":[0.0,1.0],"evs":[0.0,1.36744]},"32o":{"weight":1.0,"played":[1.0,0.0],"evs":[0.0,-6.79344]},"42o":{"weight":1.0,"played":[1.0,0.0],"evs":[0.0,-6.04744]},"52o":{"weight":1.0,"played":[1.0,0.0],"evs":[0.0,-5.37769]},"62o":{"weight":1.0,"played":[1.0,0.0],"evs":[0.0,-5.77433]},"72o":{"weight":1.0,"played":[1.0,0.0],"evs":[0.0,-5.92055]},"82o":{"weight":1.0,"played":[1.0,0.0],"evs":[0.0,-5.48358]},"92o":{"weight":1.0,"played":[1.0,0.0],"evs":[0.0,-5.20302]},"T2o":{"weight":1.0,"played":[1.0,0.0],"evs":[0.0,-4.85368]},"J2o":{"weight":1.0,"played":[1.0,0.0],"evs":[0.0,-4.96486]},"Q2o":{"weight":1.0,"played":[1.0,0.0],"evs":[0.0,-5.00865]},"K2o":{"weight":1.0,"played":[1.0,0.0],"evs":[0.0,-4.29709]},"A2o":{"weight":1.0,"played":[1.0,0.0],"evs":[0.0,-0.99958]},"32s":{"weight":1.0,"played":[1.0,0.0],"evs":[0.0,-5.17296]},"33":{"weight":1.0,"played":[0.0,1.0],"evs":[0.0,4.66746]},"43o":{"weight":1.0,"played":[1.0,0.0],"evs":[0.0,-4.801]},"53o":{"weight":1.0,"played":[1.0,0.0],"evs":[0.0,-4.16081]},"63o":{"weight":1.0,"played":[1.0,0.0],"evs":[0.0,-4.54578]},"73o":{"weight":1.0,"played":[1.0,0.0],"evs":[0.0,-4.71156]},"83o":{"weight":1.0,"played":[1.0,0.0],"evs":[0.0,-4.89981]},"93o":{"weight":1.0,"played":[1.0,0.0],"evs":[0.0,-4.52137]},"T3o":{"weight":1.0,"played":[1.0,0.0],"evs":[0.0,-4.16281]},"J3o":{"weight":1.0,"played":[1.0,0.0],"evs":[0.0,-4.27662]},"Q3o":{"weight":1.0,"played":[1.0,0.0],"evs":[0.0,-4.31835]},"K3o":{"weight":1.0,"played":[1.0,0.0],"evs":[0.0,-3.60623]},"A3o":{"weight":1.0,"played":[0.4999,0.5001],"evs":[0.0,0.00159]},"42s":{"weight":1.0,"played":[1.0,0.0],"evs":[0.0,-4.49405]},"43s":{"weight":1.0,"played":[1.0,0.0],"evs":[0.0,-3.27567]},"44":{"weight":1.0,"played":[0.0,1.0],"evs":[0.0,7.0311]},"54o":{"weight":1.0,"played":[1.0,0.0],"evs":[0.0,-2.98852]},"64o":{"weight":1.0,"played":[1.0,0.0],"evs":[0.0,-3.36858]},"74o":{"weight":1.0,"played":[1.0,0.0],"evs":[0.0,-3.53023]},"84o":{"weight":1.0,"played":[1.0,0.0],"evs":[0.0,-3.65878]},"94o":{"weight":1.0,"played":[1.0,0.0],"evs":[0.0,-3.9277]},"T4o":{"weight":1.0,"played":[1.0,0.0],"evs":[0.0,-3.46225]},"J4o":{"weight":1.0,"played":[1.0,0.0],"evs":[0.0,-3.54982]},"Q4o":{"weight":1.0,"played":[1.0,0.0],"evs":[0.0,-3.58606]},"K4o":{"weight":1.0,"played":[1.0,0.0],"evs":[0.0,-2.90557]},"A4o":{"weight":1.0,"played":[0.0,1.0],"evs":[0.0,0.74367]},"52s":{"weight":1.0,"played":[1.0,0.0],"evs":[0.0,-3.81921]},"53s":{"weight":1.0,"played":[1.0,0.0],"evs":[0.0,-2.72104]},"54s":{"weight":1.0,"played":[1.0,0.0],"evs":[0.0,-1.67195]},"55":{"weight":1.0,"played":[0.0,1.0],"evs":[0.0,7.99186]},"65o":{"weight":1.0,"played":[1.0,0.0],"evs":[0.0,-2.33692]},"75o":{"weight":1.0,"played":[1.0,0.0],"evs":[0.0,-2.48663]},"85o":{"weight":1.0,"played":[1.0,0.0],"evs":[0.0,-2.60864]},"95o":{"weight":1.0,"played":[1.0,0.0],"evs":[0.0,-2.79741]},"T5o":{"weight":1.0,"played":[1.0,0.0],"evs":[0.0,-2.92386]},"J5o":{"weight":1.0,"played":[1.0,0.0],"evs":[0.0,-2.87775]},"Q5o":{"weight":1.0,"played":[1.0,0.0],"evs":[0.0,-2.90995]},"K5o":{"weight":1.0,"played":[1.0,0.0],"evs":[0.0,-2.25878]},"A5o":{"weight":1.0,"played":[0.0,1.0],"evs":[0.0,1.5944]},"62s":{"weight":1.0,"played":[1.0,0.0],"evs":[0.0,-4.23302]},"63s":{"weight":1.0,"played":[1.0,0.0],"evs":[0.0,-3.105]},"64s":{"weight":1.0,"played":[1.0,0.0],"evs":[0.0,-2.04168]},"65s":{"weight":1.0,"played":[1.0,0.0],"evs":[0.0,-1.00547]},"66":{"weight":1.0,"played":[0.0,1.0],"evs":[0.0,8.6448]},"76o":{"weight":1.0,"played":[1.0,0.0],"evs":[0.0,-1.80469]},"86o":{"weight":1.0,"played":[1.0,0.0],"evs":[0.0,-1.94652]},"96o":{"weight":1.0,"played":[1.0,0.0],"evs":[0.0,-2.11758]},"T6o":{"weight":1.0,"played":[1.0,0.0],"evs":[0.0,-2.24546]},"J6o":{"weight":1.0,"played":[1.0,0.0],"evs":[0.0,-2.76044]},"Q6o":{"weight":1.0,"played":[1.0,0.0],"evs":[0.0,-2.63738]},"K6o":{"weight":1.0,"played":[1.0,0.0],"evs":[0.0,-1.89576]},"A6o":{"weight":1.0,"played":[0.0,1.0],"evs":[0.0,2.37671]},"72s":{"weight":1.0,"played":[1.0,0.0],"evs":[0.0,-4.32555]},"73s":{"weight":1.0,"played":[1.0,0.0],"evs":[0.0,-3.24403]},"74s":{"weight":1.0,"played":[1.0,0.0],"evs":[0.0,-2.14967]},"75s":{"weight":1.0,"played":[1.0,0.0],"evs":[0.0,-1.15165]},"76s":{"weight":1.0,"played":[0.9999,1.0E-4],"evs":[0.0,-0.47226]},"77":{"weight":1.0,"played":[0.0,1.0],"evs":[0.0,9.39961]},"87o":{"weight":1.0,"played":[1.0,0.0],"evs":[0.0,-1.19236]},"97o":{"weight":1.0,"played":[1.0,0.0],"evs":[0.0,-1.29808]},"T7o":{"weight":1.0,"played":[1.0,0.0],"evs":[0.0,-1.38354]},"J7o":{"weight":1.0,"played":[1.0,0.0],"evs":[0.0,-1.88863]},"Q7o":{"weight":1.0,"played":[1.0,0.0],"evs":[0.0,-2.32306]},"K7o":{"weight":1.0,"played":[1.0,0.0],"evs":[0.0,-1.44611]},"A7o":{"weight":1.0,"played":[0.0,1.0],"evs":[0.0,4.03876]},"82s":{"weight":1.0,"played":[1.0,0.0],"evs":[0.0,-3.94245]},"83s":{"weight":1.0,"played":[1.0,0.0],"evs":[0.0,-3.38066]},"84s":{"weight":1.0,"played":[1.0,0.0],"evs":[0.0,-2.2197]},"85s":{"weight":1.0,"played":[1.0,0.0],"evs":[0.0,-1.25091]},"86s":{"weight":1.0,"played":[1.0,0.0],"evs":[0.0,-0.64782]},"87s":{"weight":1.0,"played":[0.011,0.989],"evs":[0.0,0.07396]},"88":{"weight":1.0,"played":[0.0,1.0],"evs":[0.0,9.97907]},"98o":{"weight":1.0,"played":[1.0,0.0],"evs":[0.0,-0.61823]},"T8o":{"weight":1.0,"played":[1.0,0.0],"evs":[0.0,-0.85219]},"J8o":{"weight":1.0,"played":[1.0,0.0],"evs":[0.0,-1.29059]},"Q8o":{"weight":1.0,"played":[1.0,0.0],"evs":[0.0,-1.68311]},"K8o":{"weight":1.0,"played":[1.0,0.0],"evs":[0.0,-1.30584]},"A8o":{"weight":1.0,"played":[0.0,1.0],"evs":[0.0,5.4142]},"92s":{"weight":1.0,"played":[1.0,0.0],"evs":[0.0,-3.63542]},"93s":{"weight":1.0,"played":[1.0,0.0],"evs":[0.0,-3.05202]},"94s":{"weight":1.0,"played":[1.0,0.0],"evs":[0.0,-2.44749]},"95s":{"weight":1.0,"played":[1.0,0.0],"evs":[0.0,-1.44796]},"96s":{"weight":1.0,"played":[1.0,0.0],"evs":[0.0,-0.813]},"97s":{"weight":1.0,"played":[0.454,0.546],"evs":[0.0,-0.00917]},"98s":{"weight":1.0,"played":[0.0,1.0],"evs":[0.0,0.6124]},"99":{"weight":1.0,"played":[0.0,1.0],"evs":[0.0,10.38199]},"T9o":{"weight":1.0,"played":[0.9999,1.0E-4],"evs":[0.0,-0.26646]},"J9o":{"weight":1.0,"played":[1.0,0.0],"evs":[0.0,-0.71178]},"Q9o":{"weight":1.0,"played":[1.0,0.0],"evs":[0.0,-1.10476]},"K9o":{"weight":1.0,"played":[1.0,0.0],"evs":[0.0,-0.76495]},"A9o":{"weight":1.0,"played":[0.0,1.0],"evs":[0.0,6.39656]},"T2s":{"weight":1.0,"played":[1.0,0.0],"evs":[0.0,-3.35422]},"T3s":{"weight":1.0,"played":[1.0,0.0],"evs":[0.0,-2.70497]},"T4s":{"weight":1.0,"played":[1.0,0.0],"evs":[0.0,-2.03631]},"T5s":{"weight":1.0,"played":[1.0,0.0],"evs":[0.0,-1.52965]},"T6s":{"weight":1.0,"played":[1.0,0.0],"evs":[0.0,-0.88458]},"T7s":{"weight":1.0,"played":[0.9986,0.0014],"evs":[0.0,-0.10315]},"T8s":{"weight":1.0,"played":[0.0,1.0],"evs":[0.0,0.43507]},"T9s":{"weight":1.0,"played":[0.0,1.0],"evs":[0.0,0.93086]},"TT":{"weight":1.0,"played":[0.0,1.0],"evs":[0.0,10.71932]},"JTo":{"weight":1.0,"played":[0.1474,0.8526],"evs":[0.0,0.00332]},"QTo":{"weight":1.0,"played":[0.9997,3.0E-4],"evs":[0.0,-0.27841]},"KTo":{"weight":1.0,"played":[0.3328,0.6672],"evs":[0.0,-0.00985]},"ATo":{"weight":1.0,"played":[0.0,1.0],"evs":[0.0,7.49402]},"J2s":{"weight":1.0,"played":[1.0,0.0],"evs":[0.0,-3.36756]},"J3s":{"weight":1.0,"played":[1.0,0.0],"evs":[0.0,-2.76366]},"J4s":{"weight":1.0,"played":[1.0,0.0],"evs":[0.0,-2.12214]},"J5s":{"weight":1.0,"played":[1.0,0.0],"evs":[0.0,-1.47773]},"J6s":{"weight":1.0,"played":[1.0,0.0],"evs":[0.0,-1.31746]},"J7s":{"weight":1.0,"played":[0.9999,1.0E-4],"evs":[0.0,-0.58468]},"J8s":{"weight":1.0,"played":[0.7307,0.2693],"evs":[0.0,-0.01278]},"J9s":{"weight":1.0,"played":[0.0,1.0],"evs":[0.0,0.52503]},"JTs":{"weight":1.0,"played":[0.0,1.0],"evs":[0.0,1.21285]},"JJ":{"weight":1.0,"played":[0.0,1.0],"evs":[0.0,10.9957]},"QJo":{"weight":1.0,"played":[0.0992,0.9008],"evs":[0.0,0.03017]},"KJo":{"weight":1.0,"played":[0.0132,0.9868],"evs":[0.0,0.03567]},"AJo":{"weight":1.0,"played":[0.0,1.0],"evs":[0.0,8.04476]},"Q2s":{"weight":1.0,"played":[1.0,0.0],"evs":[0.0,-3.44808]},"Q3s":{"weight":1.0,"played":[1.0,0.0],"evs":[0.0,-2.77579]},"Q4s":{"weight":1.0,"played":[1.0,0.0],"evs":[0.0,-2.12782]},"Q5s":{"weight":1.0,"played":[1.0,0.0],"evs":[0.0,-1.51151]},"Q6s":{"weight":1.0,"played":[1.0,0.0],"evs":[0.0,-1.28763]},"Q7s":{"weight":1.0,"played":[1.0,0.0],"evs":[0.0,-1.01339]},"Q8s":{"weight":1.0,"played":[0.9998,2.0E-4],"evs":[0.0,-0.35263]},"Q9s":{"weight":1.0,"played":[0.0035,0.9965],"evs":[0.0,0.22084]},"QTs":{"weight":1.0,"played":[0.0,1.0],"evs":[0.0,0.92695]},"QJs":{"weight":1.0,"played":[0.0,1.0],"evs":[0.0,1.24549]},"QQ":{"weight":1.0,"played":[0.0,1.0],"evs":[0.0,11.29911]},"KQo":{"weight":1.0,"played":[0.602,0.398],"evs":[0.0,0.00621]},"AQo":{"weight":1.0,"played":[0.0,1.0],"evs":[0.0,8.34901]},"K2s":{"weight":1.0,"played":[1.0,0.0],"evs":[0.0,-2.77155]},"K3s":{"weight":1.0,"played":[1.0,0.0],"evs":[0.0,-2.15314]},"K4s":{"weight":1.0,"played":[1.0,0.0],"evs":[0.0,-1.48944]},"K5s":{"weight":1.0,"played":[1.0,0.0],"evs":[0.0,-0.90348]},"K6s":{"weight":1.0,"played":[1.0,0.0],"evs":[0.0,-0.54772]},"K7s":{"weight":1.0,"played":[0.9974,0.0026],"evs":[0.0,-0.15972]},"K8s":{"weight":1.0,"played":[0.2202,0.7798],"evs":[0.0,0.01829]},"K9s":{"weight":1.0,"played":[0.0,1.0],"evs":[0.0,0.46662]},"KTs":{"weight":1.0,"played":[0.0,1.0],"evs":[0.0,1.20364]},"KJs":{"weight":1.0,"played":[0.0,1.0],"evs":[0.0,1.2734]},"KQs":{"weight":1.0,"played":[0.0,1.0],"evs":[0.0,1.20688]},"KK":{"weight":1.0,"played":[0.0,1.0],"evs":[0.0,11.52134]},"AKo":{"weight":1.0,"played":[0.0,1.0],"evs":[0.0,8.30563]},"A2s":{"weight":1.0,"played":[0.0,1.0],"evs":[0.0,0.21277]},"A3s":{"weight":1.0,"played":[0.0,1.0],"evs":[0.0,1.14606]},"A4s":{"weight":1.0,"played":[0.0,1.0],"evs":[0.0,1.85454]},"A5s":{"weight":1.0,"played":[0.0,1.0],"evs":[0.0,2.65746]},"A6s":{"weight":1.0,"played":[0.0,1.0],"evs":[0.0,3.38755]},"A7s":{"weight":1.0,"played":[0.0,1.0],"evs":[0.0,4.9414]},"A8s":{"weight":1.0,"played":[0.0,1.0],"evs":[0.0,6.26084]},"A9s":{"weight":1.0,"played":[0.0,1.0],"evs":[0.0,7.20599]},"ATs":{"weight":1.0,"played":[0.0,1.0],"evs":[0.0,8.16948]},"AJs":{"weight":1.0,"played":[0.0,1.0],"evs":[0.0,8.72443]},"AQs":{"weight":1.0,"played":[0.0,1.0],"evs":[0.0,9.00555]},"AKs":{"weight":1.0,"played":[0.0,1.0],"evs":[0.0,8.95804]},"AA":{"weight":1.0,"played":[0.0,1.0],"evs":[0.0,16.96616]}}}