{"player":1,"street":0,"children":2,"sequence":[{"player":0,"type":"R","amount":200000,"street":0}],"actions":[{"type":"F","amount":0},{"type":"C","amount":190000}],"hands":{"22":{"weight":1.0,"played":[0.0,1.0],"evs":[0.0,0.74413]},"32o":{"weight":1.0,"played":[1.0,0.0],"evs":[0.0,-7.24921]},"42o":{"weight":1.0,"played":[1.0,0.0],"evs":[0.0,-6.25438]},"52o":{"weight":1.0,"played":[1.0,0.0],"evs":[0.0,-5.30229]},"62o":{"weight":1.0,"played":[1.0,0.0],"evs":[0.0,-5.72751]},"72o":{"weight":1.0,"played":[1.0,0.0],"evs":[0.0,-5.77076]},"82o":{"weight":1.0,"played":[1.0,0.0],"evs":[0.0,-5.44679]},"92o":{"weight":1.0,"played":[1.0,0.0],"evs":[0.0,-5.24505]},"T2o":{"weight":1.0,"played":[1.0,0.0],"evs":[0.0,-5.18894]},"J2o":{"weight":1.0,"played":[1.0,0.0],"evs":[0.0,-5.3212]},"Q2o":{"weight":1.0,"played":[1.0,0.0],"evs":[0.0,-5.05145]},"K2o":{"weight":1.0,"played":[1.0,0.0],"evs":[0.0,-4.42992]},"A2o":{"weight":1.0,"played":[1.0,0.0],"evs":[0.0,-1.09922]},"32s":{"weight":1.0,"played":[1.0,0.0],"evs":[0.0,-5.58015]},"33":{"weight":1.0,"played":[0.0,1.0],"evs":[0.0,4.61568]},"43o":{"weight":1.0,"played":[1.0,0.0],"evs":[0.0,-5.02558]},"53o":{"weight":1.0,"played":[1.0,0.0],"evs":[0.0,-4.13677]},"63o":{"weight":1.0,"played":[1.0,0.0],"evs":[0.0,-4.52382]},"73o":{"weight":1.0,"played":[1.0,0.0],"evs":[0.0,-4.61823]},"83o":{"weight":1.0,"played":[1.0,0.0],"evs":[0.0,-4.92759]},"93o":{"weight":1.0,"played":[1.0,0.0],"evs":[0.0,-4.60703]},"T3o":{"weight":1.0,"played":[1.0,0.0],"evs":[0.0,-4.53706]},"J3o":{"weight":1.0,"played":[1.0,0.0],"evs":[0.0,-4.64469]},"Q3o":{"weight":1.0,"played":[1.0,0.0],"evs":[0.0,-4.39766]},"K3o":{"weight":1.0,"played":[1.0,0.0],"evs":[0.0,-3.77429]},"A3o":{"weight":1.0,"played":[0.0,1.0],"evs":[0.0,0.02712]},"42s":{"weight":1.0,"played":[1.0,0.0],"evs":[0.0,-4.66671]},"43s":{"weight":1.0,"played":[1.0,0.0],"evs":[0.0,-3.51523]},"44":{"weight":1.0,"played":[0.0,1.0],"evs":[0.0,7.83871]},"54o":{"weight":1.0,"played":[1.0,0.0],"evs":[0.0,-2.78457]},"64o":{"weight":1.0,"played":[1.0,0.0],"evs":[0.0,-3.15865]},"74o":{"weight":1.0,"played":[1.0,0.0],"evs":[0.0,-3.26165]},"84o":{"weight":1.0,"played":[1.0,0.0],"evs":[0.0,-3.52924]},"94o":{"weight":1.0,"played":[1.0,0.0],"evs":[0.0,-3.83604]},"T4o":{"weight":1.0,"played":[1.0,0.0],"evs":[0.0,-3.6405]},"J4o":{"weight":1.0,"played":[1.0,0.0],"evs":[0.0,-3.72241]},"Q4o":{"weight":1.0,"played":[1.0,0.0],"evs":[0.0,-3.50401]},"K4o":{"weight":1.0,"played":[1.0,0.0],"evs":[0.0,-2.91171]},"A4o":{"weight":1.0,"played":[0.0,1.0],"evs":[0.0,0.98003]},"52s":{"weight":1.0,"played":[1.0,0.0],"evs":[0.0,-3.77477]},"53s":{"weight":1.0,"played":[1.0,0.0],"evs":[0.0,-2.67182]},"54s":{"weight":1.0,"played":[1.0,0.0],"evs":[0.0,-1.43839]},"55":{"weight":1.0,"played":[0.0,1.0],"evs":[0.0,8.90165]},"65o":{"weight":1.0,"played":[1.0,0.0],"evs":[0.0,-1.87069]},"75o":{"weight":1.0,"played":[1.0,0.0],"evs":[0.0,-1.97298]},"85o":{"weight":1.0,"played":[1.0,0.0],"evs":[0.0,-2.19875]},"95o":{"weight":1.0,"played":[1.0,0.0],"evs":[0.0,-2.4581]},"T5o":{"weight":1.0,"played":[1.0,0.0],"evs":[0.0,-2.807]},"J5o":{"weight":1.0,"played":[1.0,0.0],"evs":[0.0,-2.77089]},"Q5o":{"weight":1.0,"played":[1.0,0.0],"evs":[0.0,-2.56273]},"K5o":{"weight":1.0,"played":[1.0,0.0],"evs":[0.0,-2.02652]},"A5o":{"weight":1.0,"played":[0.0,1.0],"evs":[0.0,1.94148]},"62s":{"weight":1.0,"played":[1.0,0.0],"evs":[0.0,-4.15768]},"63s":{"weight":1.0,"played":[1.0,0.0],"evs":[0.0,-3.03328]},"64s":{"weight":1.0,"played":[1.0,0.0],"evs":[0.0,-1.76264]},"65s":{"weight":1.0,"played":[1.0,0.0],"evs":[0.0,-0.58763]},"66":{"weight":1.0,"played":[0.0,1.0],"evs":[0.0,9.38866]},"76o":{"weight":1.0,"played":[1.0,0.0],"evs":[0.0,-1.33892]},"86o":{"weight":1.0,"played":[1.0,0.0],"evs":[0.0,-1.56296]},"96o":{"weight":1.0,"played":[1.0,0.0],"evs":[0.0,-1.81526]},"T6o":{"weight":1.0,"played":[1.0,0.0],"evs":[0.0,-2.1607]},"J6o":{"weight":1.0,"played":[1.0,0.0],"evs":[0.0,-2.65487]},"Q6o":{"weight":1.0,"played":[1.0,0.0],"evs":[0.0,-2.30299]},"K6o":{"weight":1.0,"played":[1.0,0.0],"evs":[0.0,-1.75421]},"A6o":{"weight":1.0,"played":[0.0,1.0],"evs":[0.0,2.64509]},"72s":{"weight":1.0,"played":[1.0,0.0],"evs":[0.0,-4.21153]},"73s":{"weight":1.0,"played":[1.0,0.0],"evs":[0.0,-3.11984]},"74s":{"weight":1.0,"played":[1.0,0.0],"evs":[0.0,-1.85861]},"75s":{"weight":1.0,"played":[1.0,0.0],"evs":[0.0,-0.66186]},"76s":{"weight":1.0,"played":[0.9996,4.0E-4],"evs":[0.0,-0.03576]},"77":{"weight":1.0,"played":[0.0,1.0],"evs":[0.0,9.81776]},"87o":{"weight":1.0,"played":[1.0,0.0],"evs":[0.0,-0.75724]},"97o":{"weight":1.0,"played":[1.0,0.0],"evs":[0.0,-0.98862]},"T7o":{"weight":1.0,"played":[1.0,0.0],"evs":[0.0,-1.31425]},"J7o":{"weight":1.0,"played":[1.0,0.0],"evs":[0.0,-1.81042]},"Q7o":{"weight":1.0,"played":[1.0,0.0],"evs":[0.0,-1.97218]},"K7o":{"weight":1.0,"played":[1.0,0.0],"evs":[0.0,-1.31576]},"A7o":{"weight":1.0,"played":[0.0,1.0],"evs":[0.0,4.20003]},"82s":{"weight":1.0,"played":[1.0,0.0],"evs":[0.0,-3.89629]},"83s":{"weight":1.0,"played":[1.0,0.0],"evs":[0.0,-3.3982]},"84s":{"weight":1.0,"played":[1.0,0.0],"evs":[0.0,-2.10628]},"85s":{"weight":1.0,"played":[1.0,0.0],"evs":[0.0,-0.86915]},"86s":{"weight":1.0,"played":[1.0,0.0],"evs":[0.0,-0.27325]},"87s":{"weight":1.0,"played":[0.0,1.0],"evs":[0.0,0.4911]},"88":{"weight":1.0,"played":[0.0,1.0],"evs":[0.0,10.18224]},"98o":{"weight":1.0,"played":[1.0,0.0],"evs":[0.0,-0.42198]},"T8o":{"weight":1.0,"played":[1.0,0.0],"evs":[0.0,-0.80979]},"J8o":{"weight":1.0,"played":[1.0,0.0],"evs":[0.0,-1.28849]},"Q8o":{"weight":1.0,"played":[1.0,0.0],"evs":[0.0,-1.44379]},"K8o":{"weight":1.0,"played":[1.0,0.0],"evs":[0.0,-1.27897]},"A8o":{"weight":1.0,"played":[0.0,1.0],"evs":[0.0,5.34074]},"92s":{"weight":1.0,"played":[1.0,0.0],"evs":[0.0,-3.70315]},"93s":{"weight":1.0,"played":[1.0,0.0],"evs":[0.0,-3.09939]},"94s":{"weight":1.0,"played":[1.0,0.0],"evs":[0.0,-2.37855]},"95s":{"weight":1.0,"played":[1.0,0.0],"evs":[0.0,-1.10444]},"96s":{"weight":1.0,"played":[1.0,0.0],"evs":[0.0,-0.51197]},"97s":{"weight":1.0,"played":[1.0E-4,0.9999],"evs":[0.0,0.26719]},"98s":{"weight":1.0,"played":[0.0,1.0],"evs":[0.0,0.78364]},"99":{"weight":1.0,"played":[0.0,1.0],"evs":[0.0,10.32828]},"T9o":{"weight":1.0,"played":[1.0,0.0],"evs":[0.0,-0.26567]},"J9o":{"weight":1.0,"played":[1.0,0.0],"evs":[0.0,-0.75287]},"Q9o":{"weight":1.0,"played":[1.0,0.0],"evs":[0.0,-0.91132]},"K9o":{"weight":1.0,"played":[1.0,0.0],"evs":[0.0,-0.72096]},"A9o":{"weight":1.0,"played":[0.0,1.0],"evs":[0.0,6.05625]},"T2s":{"weight":1.0,"played":[1.0,0.0],"evs":[0.0,-3.62838]},"T3s":{"weight":1.0,"played":[1.0,0.0],"evs":[0.0,-3.03959]},"T4s":{"weight":1.0,"played":[1.0,0.0],"evs":[0.0,-2.19766]},"T5s":{"weight":1.0,"played":[1.0,0.0],"evs":[0.0,-1.45156]},"T6s":{"weight":1.0,"played":[1.0,0.0],"evs":[0.0,-0.83362]},"T7s":{"weight":1.0,"played":[0.9984,0.0016],"evs":[0.0,-0.05409]},"T8s":{"weight":1.0,"played":[0.0,1.0],"evs":[0.0,0.44605]},"T9s":{"weight":1.0,"played":[0.0,1.0],"evs":[0.0,0.94979]},"TT":{"weight":1.0,"played":[0.0,1.0],"evs":[0.0,10.78226]},"JTo":{"weight":1.0,"played":[0.3507,0.6493],"evs":[0.0,-0.00264]},"QTo":{"weight":1.0,"played":[0.9998,2.0E-4],"evs":[0.0,-0.18627]},"KTo":{"weight":1.0,"played":[0.1981,0.8019],"evs":[0.0,0.00301]},"ATo":{"weight":1.0,"played":[0.0,1.0],"evs":[0.0,7.1147]},"J2s":{"weight":1.0,"played":[1.0,0.0],"evs":[0.0,-3.75779]},"J3s":{"weight":1.0,"played":[1.0,0.0],"evs":[0.0,-3.13935]},"J4s":{"weight":1.0,"played":[1.0,0.0],"evs":[0.0,-2.28905]},"J5s":{"weight":1.0,"played":[1.0,0.0],"evs":[0.0,-1.3804]},"J6s":{"weight":1.0,"played":[1.0,0.0],"evs":[0.0,-1.29193]},"J7s":{"weight":1.0,"played":[1.0,0.0],"evs":[0.0,-0.49153]},"J8s":{"weight":1.0,"played":[0.715,0.285],"evs":[0.0,-0.00397]},"J9s":{"weight":1.0,"played":[0.0,1.0],"evs":[0.0,0.48242]},"JTs":{"weight":1.0,"played":[0.0,1.0],"evs":[0.0,1.18518]},"JJ":{"weight":1.0,"played":[0.0,1.0],"evs":[0.0,11.26337]},"QJo":{"weight":1.0,"played":[1.0E-4,0.9999],"evs":[0.0,0.12505]},"KJo":{"weight":1.0,"played":[1.0E-4,0.9999],"evs":[0.0,0.02515]},"AJo":{"weight":1.0,"played":[0.0,1.0],"evs":[0.0,7.68849]},"Q2s":{"weight":1.0,"played":[1.0,0.0],"evs":[0.0,-3.51454]},"Q3s":{"weight":1.0,"played":[1.0,0.0],"evs":[0.0,-2.9061]},"Q4s":{"weight":1.0,"played":[1.0,0.0],"evs":[0.0,-2.05374]},"Q5s":{"weight":1.0,"played":[1.0,0.0],"evs":[0.0,-1.19523]},"Q6s":{"weight":1.0,"played":[1.0,0.0],"evs":[0.0,-0.94626]},"Q7s":{"weight":1.0,"played":[1.0,0.0],"evs":[0.0,-0.63391]},"Q8s":{"weight":1.0,"played":[0.999,0.001],"evs":[0.0,-0.15106]},"Q9s":{"weight":1.0,"played":[0.0,1.0],"evs":[0.0,0.34854]},"QTs":{"weight":1.0,"played":[0.0,1.0],"evs":[0.0,1.0199]},"QJs":{"weight":1.0,"played":[0.0,1.0],"evs":[0.0,1.30294]},"QQ":{"weight":1.0,"played":[0.0,1.0],"evs":[0.0,11.57757]},"KQo":{"weight":1.0,"played":[0.9999,1.0E-4],"evs":[0.0,-0.0785]},"AQo":{"weight":1.0,"played":[0.0,1.0],"evs":[0.0,7.83236]},"K2s":{"weight":1.0,"played":[1.0,0.0],"evs":[0.0,-2.89935]},"K3s":{"weight":1.0,"played":[1.0,0.0],"evs":[0.0,-2.31915]},"K4s":{"weight":1.0,"played":[1.0,0.0],"evs":[0.0,-1.52156]},"K5s":{"weight":1.0,"played":[1.0,0.0],"evs":[0.0,-0.70593]},"K6s":{"weight":1.0,"played":[1.0,0.0],"evs":[0.0,-0.45064]},"K7s":{"weight":1.0,"played":[0.9985,0.0015],"evs":[0.0,-0.01819]},"K8s":{"weight":1.0,"played":[0.1254,0.8746],"evs":[0.0,0.0283]},"K9s":{"weight":1.0,"played":[0.0,1.0],"evs":[0.0,0.55021]},"KTs":{"weight":1.0,"played":[0.0,1.0],"evs":[0.0,1.19677]},"KJs":{"weight":1.0,"played":[0.0,1.0],"evs":[0.0,1.25551]},"KQs":{"weight":1.0,"played":[0.0,1.0],"evs":[0.0,1.14604]},"KK":{"weight":1.0,"played":[0.0,1.0],"evs":[0.0,11.66189]},"AKo":{"weight":1.0,"played":[0.0,1.0],"evs":[0.0,7.71026]},"A2s":{"weight":1.0,"played":[0.0,1.0],"evs":[0.0,0.11683]},"A3s":{"weight":1.0,"played":[0.0,1.0],"evs":[0.0,1.17412]},"A4s":{"weight":1.0,"played":[0.0,1.0],"evs":[0.0,2.05972]},"A5s":{"weight":1.0,"played":[0.0,1.0],"evs":[0.0,2.98562]},"A6s":{"weight":1.0,"played":[0.0,1.0],"evs":[0.0,3.64022]},"A7s":{"weight":1.0,"played":[0.0,1.0],"evs":[0.0,5.08717]},"A8s":{"weight":1.0,"played":[0.0,1.0],"evs":[0.0,6.15892]},"A9s":{"weight":1.0,"played":[0.0,1.0],"evs":[0.0,6.8114]},"ATs":{"weight":1.0,"played":[0.0,1.0],"evs":[0.0,7.80622]},"AJs":{"weight":1.0,"played":[0.0,1.0],"evs":[0.0,8.34854]},"AQs":{"weight":1.0,"played":[0.0,1.0],"evs":[0.0,8.4867]},"AKs":{"weight":1.0,"played":[0.0,1.0],"evs":[0.0,8.38246]},"AA":{"weight":1.0,"played":[0.0,1.0],"evs":[0.0,16.88342]}}}