{"player":0,"street":0,"children":3,"sequence":[],"actions":[{"type":"F","amount":0},{"type":"C","amount":5000,"node":1},{"type":"R","amount":150000,"node":5}],"hands":{"22":{"weight":1.0,"played":[0.0,0.0,1.0],"evs":[0.0,1.0866,1.46598]},"32o":{"weight":1.0,"played":[0.0,1.0,0.0],"evs":[0.0,0.07718,-0.41893]},"42o":{"weight":1.0,"played":[0.0,1.0,0.0],"evs":[0.0,0.10682,-0.33645]},"52o":{"weight":1.0,"played":[0.0,1.0,0.0],"evs":[0.0,0.14174,-0.25703]},"62o":{"weight":1.0,"played":[0.0,1.0,0.0],"evs":[0.0,0.1169,-0.37682]},"72o":{"weight":1.0,"played":[0.0,1.0,0.0],"evs":[0.0,0.0997,-0.46918]},"82o":{"weight":1.0,"played":[0.0,1.0,0.0],"evs":[0.0,0.12311,-0.38055]},"92o":{"weight":1.0,"played":[0.0,1.0,0.0],"evs":[0.0,0.15341,-0.32808]},"T2o":{"weight":1.0,"played":[0.0,1.0,0.0],"evs":[0.0,0.19392,-0.22831]},"J2o":{"weight":1.0,"played":[0.0,1.0,0.0],"evs":[0.0,0.24766,-0.10674]},"Q2o":{"weight":1.0,"played":[0.0,1.0,0.0],"evs":[0.0,0.3344,0.0645]},"K2o":{"weight":1.0,"played":[0.0,1.0,0.0],"evs":[0.0,0.51357,0.43158]},"A2o":{"weight":1.0,"played":[0.0,0.0,1.0],"evs":[0.0,1.24462,1.41784]},"32s":{"weight":1.0,"played":[0.0,1.0,0.0],"evs":[0.0,0.21715,0.01028]},"33":{"weight":1.0,"played":[0.0,0.0,1.0],"evs":[0.0,1.50451,1.69399]},"43o":{"weight":1.0,"played":[0.0,1.0,0.0],"evs":[0.0,0.16332,-0.14322]},"53o":{"weight":1.0,"played":[0.0,1.0,0.0],"evs":[0.0,0.20485,-0.05976]},"63o":{"weight":1.0,"played":[0.0,1.0,0.0],"evs":[0.0,0.17988,-0.16696]},"73o":{"weight":1.0,"played":[0.0,1.0,0.0],"evs":[0.0,0.15976,-0.26667]},"83o":{"weight":1.0,"played":[0.0,1.0,0.0],"evs":[0.0,0.14365,-0.34326]},"93o":{"weight":1.0,"played":[0.0,1.0,0.0],"evs":[0.0,0.17643,-0.25056]},"T3o":{"weight":1.0,"played":[0.0,1.0,0.0],"evs":[0.0,0.21692,-0.1528]},"J3o":{"weight":1.0,"played":[0.0,1.0,0.0],"evs":[0.0,0.26692,-0.03826]},"Q3o":{"weight":1.0,"played":[0.0,1.0,0.0],"evs":[0.0,0.35643,0.13629]},"K3o":{"weight":1.0,"played":[0.0,1.0,0.0],"evs":[0.0,0.55211,0.49519]},"A3o":{"weight":1.0,"played":[0.0,0.0,1.0],"evs":[0.0,1.37722,1.48357]},"42s":{"weight":1.0,"played":[0.0,1.0,0.0],"evs":[0.0,0.23871,0.08925]},"43s":{"weight":1.0,"played":[0.0,0.9999,1.0E-4],"evs":[0.0,0.34085,0.27476]},"44":{"weight":1.0,"played":[0.0,1.0E-4,0.9999],"evs":[0.0,1.92618,1.93402]},"54o":{"weight":1.0,"played":[0.0,1.0,0.0],"evs":[0.0,0.26379,0.13551]},"64o":{"weight":1.0,"played":[0.0,1.0,0.0],"evs":[0.0,0.24391,0.03033]},"74o":{"weight":1.0,"played":[0.0,1.0,0.0],"evs":[0.0,0.22062,-0.07356]},"84o":{"weight":1.0,"played":[0.0,1.0,0.0],"evs":[0.0,0.20449,-0.14446]},"94o":{"weight":1.0,"played":[0.0,1.0,0.0],"evs":[0.0,0.19678,-0.21625]},"T4o":{"weight":1.0,"played":[0.0,1.0,0.0],"evs":[0.0,0.23857,-0.09069]},"J4o":{"weight":1.0,"played":[0.0,1.0,0.0],"evs":[0.0,0.28859,0.03562]},"Q4o":{"weight":1.0,"played":[0.0,1.0,0.0],"evs":[0.0,0.37568,0.20596]},"K4o":{"weight":1.0,"played":[0.0,1.0,0.0],"evs":[0.0,0.59092,0.56835]},"A4o":{"weight":1.0,"played":[0.0,0.0,1.0],"evs":[0.0,1.50207,1.56137]},"52s":{"weight":1.0,"played":[0.0,1.0,0.0],"evs":[0.0,0.29359,0.16515]},"53s":{"weight":1.0,"played":[0.0,0.9995,5.0E-4],"evs":[0.0,0.40157,0.35067]},"54s":{"weight":1.0,"played":[0.0,0.0,1.0],"evs":[0.0,0.49256,0.53061]},"55":{"weight":1.0,"played":[0.0,1.0,0.0],"evs":[0.0,2.35168,2.18095]},"65o":{"weight":1.0,"played":[0.0,1.0,0.0],"evs":[0.0,0.31619,0.21252]},"75o":{"weight":1.0,"played":[0.0,1.0,0.0],"evs":[0.0,0.29609,0.12752]},"85o":{"weight":1.0,"played":[0.0,1.0,0.0],"evs":[0.0,0.27767,0.05076]},"95o":{"weight":1.0,"played":[0.0,1.0,0.0],"evs":[0.0,0.26545,-0.02744]},"T5o":{"weight":1.0,"played":[0.0,1.0,0.0],"evs":[0.0,0.26923,-0.04656]},"J5o":{"weight":1.0,"played":[0.0,1.0,0.0],"evs":[0.0,0.31937,0.1034]},"Q5o":{"weight":1.0,"played":[0.0,1.0,0.0],"evs":[0.0,0.41092,0.27522]},"K5o":{"weight":1.0,"played":[0.0,0.6901,0.3099],"evs":[0.0,0.63645,0.63528]},"A5o":{"weight":1.0,"played":[0.0,0.3926,0.6074],"evs":[0.0,1.66075,1.66077]},"62s":{"weight":1.0,"played":[0.0,1.0,0.0],"evs":[0.0,0.25737,0.05528]},"63s":{"weight":1.0,"played":[0.0,1.0,0.0],"evs":[0.0,0.3384,0.24156]},"64s":{"weight":1.0,"played":[0.0,0.9695,0.0305],"evs":[0.0,0.43748,0.42625]},"65s":{"weight":1.0,"played":[0.0,0.0,1.0],"evs":[0.0,0.54762,0.60646]},"66":{"weight":1.0,"played":[0.0,1.0,0.0],"evs":[0.0,2.79681,2.38923]},"76o":{"weight":1.0,"played":[0.0,1.0,0.0],"evs":[0.0,0.35969,0.29684]},"86o":{"weight":1.0,"played":[0.0,1.0,0.0],"evs":[0.0,0.34654,0.2264]},"96o":{"weight":1.0,"played":[0.0,1.0,0.0],"evs":[0.0,0.3335,0.15591]},"T6o":{"weight":1.0,"played":[0.0,1.0,0.0],"evs":[0.0,0.32814,0.12763]},"J6o":{"weight":1.0,"played":[0.0,1.0,0.0],"evs":[0.0,0.34944,0.13182]},"Q6o":{"weight":1.0,"played":[0.0,1.0,0.0],"evs":[0.0,0.4523,0.32585]},"K6o":{"weight":1.0,"played":[0.0,0.0,1.0],"evs":[0.0,0.69097,0.7238]},"A6o":{"weight":1.0,"played":[0.0,0.1433,0.8567],"evs":[0.0,1.68275,1.68412]},"72s":{"weight":1.0,"played":[0.0,1.0,0.0],"evs":[0.0,0.24057,-0.03634]},"73s":{"weight":1.0,"played":[0.0,1.0,0.0],"evs":[0.0,0.29983,0.1543]},"74s":{"weight":1.0,"played":[0.0,0.9999,1.0E-4],"evs":[0.0,0.3788,0.34384]},"75s":{"weight":1.0,"played":[0.0,0.0,1.0],"evs":[0.0,0.48922,0.51758]},"76s":{"weight":1.0,"played":[0.0,0.0,1.0],"evs":[0.0,0.58918,0.68785]},"77":{"weight":1.0,"played":[0.0,1.0,0.0],"evs":[0.0,3.22059,2.62422]},"87o":{"weight":1.0,"played":[0.0,0.9998,2.0E-4],"evs":[0.0,0.40939,0.3607]},"97o":{"weight":1.0,"played":[0.0,1.0,0.0],"evs":[0.0,0.39887,0.29593]},"T7o":{"weight":1.0,"played":[0.0,1.0,0.0],"evs":[0.0,0.40106,0.27377]},"J7o":{"weight":1.0,"played":[0.0,1.0,0.0],"evs":[0.0,0.41851,0.27607]},"Q7o":{"weight":1.0,"played":[0.0,1.0,0.0],"evs":[0.0,0.48972,0.33546]},"K7o":{"weight":1.0,"played":[0.0,0.0,1.0],"evs":[0.0,0.79869,0.82789]},"A7o":{"weight":1.0,"played":[0.0,0.0601,0.9399],"evs":[0.0,1.88466,1.8858]},"82s":{"weight":1.0,"played":[0.0,1.0,0.0],"evs":[0.0,0.26514,0.05096]},"83s":{"weight":1.0,"played":[0.0,1.0,0.0],"evs":[0.0,0.28474,0.08424]},"84s":{"weight":1.0,"played":[0.0,0.9999,1.0E-4],"evs":[0.0,0.34015,0.26829]},"85s":{"weight":1.0,"played":[0.0,0.3912,0.6088],"evs":[0.0,0.45109,0.45318]},"86s":{"weight":1.0,"played":[0.0,0.0,1.0],"evs":[0.0,0.56208,0.62021]},"87s":{"weight":1.0,"played":[0.0,0.3114,0.6886],"evs":[0.0,0.74094,0.74293]},"88":{"weight":1.0,"played":[0.0,1.0,0.0],"evs":[0.0,3.63054,2.90642]},"98o":{"weight":1.0,"played":[0.0,0.9994,6.0E-4],"evs":[0.0,0.49981,0.45517]},"T8o":{"weight":1.0,"played":[0.0,1.0,0.0],"evs":[0.0,0.51576,0.45396]},"J8o":{"weight":1.0,"played":[0.0,1.0,0.0],"evs":[0.0,0.54082,0.46652]},"Q8o":{"weight":1.0,"played":[0.0,1.0,0.0],"evs":[0.0,0.6174,0.54046]},"K8o":{"weight":1.0,"played":[0.0,0.0,1.0],"evs":[0.0,0.95402,0.99577]},"A8o":{"weight":1.0,"played":[0.0,0.0,1.0],"evs":[0.0,2.10775,2.12208]},"92s":{"weight":1.0,"played":[0.0,1.0,0.0],"evs":[0.0,0.2964,0.09521]},"93s":{"weight":1.0,"played":[0.0,1.0,0.0],"evs":[0.0,0.31391,0.17966]},"94s":{"weight":1.0,"played":[0.0,1.0,0.0],"evs":[0.0,0.33826,0.20231]},"95s":{"weight":1.0,"played":[0.0,1.0,0.0],"evs":[0.0,0.43731,0.3811]},"96s":{"weight":1.0,"played":[0.0,0.0765,0.9235],"evs":[0.0,0.54301,0.54941]},"97s":{"weight":1.0,"played":[0.0,0.6182,0.3818],"evs":[0.0,0.68484,0.68673]},"98s":{"weight":1.0,"played":[0.0,1.0,0.0],"evs":[0.0,0.90975,0.83453]},"99":{"weight":1.0,"played":[0.0,1.0,0.0],"evs":[0.0,4.06339,3.23674]},"T9o":{"weight":1.0,"played":[0.0,0.7392,0.2608],"evs":[0.0,0.66289,0.66105]},"J9o":{"weight":1.0,"played":[0.0,1.0,0.0],"evs":[0.0,0.69722,0.67085]},"Q9o":{"weight":1.0,"played":[0.0,0.5287,0.4713],"evs":[0.0,0.7847,0.78397]},"K9o":{"weight":1.0,"played":[0.0,0.5169,0.4831],"evs":[0.0,1.32102,1.32102]},"A9o":{"weight":1.0,"played":[0.0,0.0,1.0],"evs":[0.0,2.32991,2.36519]},"T2s":{"weight":1.0,"played":[0.0,1.0,0.0],"evs":[0.0,0.35583,0.18511]},"T3s":{"weight":1.0,"played":[0.0,1.0,0.0],"evs":[0.0,0.38257,0.26354]},"T4s":{"weight":1.0,"played":[0.0,1.0,0.0],"evs":[0.0,0.40742,0.31767]},"T5s":{"weight":1.0,"played":[0.0,1.0,0.0],"evs":[0.0,0.44506,0.36676]},"T6s":{"weight":1.0,"played":[0.0,0.9815,0.0185],"evs":[0.0,0.54368,0.51009]},"T7s":{"weight":1.0,"played":[0.0,0.2694,0.7306],"evs":[0.0,0.65314,0.6561]},"T8s":{"weight":1.0,"played":[0.0,1.0,0.0],"evs":[0.0,0.8938,0.81928]},"T9s":{"weight":1.0,"played":[0.0,1.0,0.0],"evs":[0.0,1.16308,1.01601]},"TT":{"weight":1.0,"played":[0.0,1.0,0.0],"evs":[0.0,4.56682,3.65139]},"JTo":{"weight":1.0,"played":[0.0,0.4374,0.5626],"evs":[0.0,0.97287,0.9731]},"QTo":{"weight":1.0,"played":[0.0,0.9532,0.0468],"evs":[0.0,1.14702,1.14309]},"KTo":{"weight":1.0,"played":[0.0,1.0,0.0],"evs":[0.0,1.73177,1.68791]},"ATo":{"weight":1.0,"played":[0.0,0.3783,0.6217],"evs":[0.0,2.73968,2.74015]},"J2s":{"weight":1.0,"played":[0.0,1.0,0.0],"evs":[0.0,0.44497,0.3172]},"J3s":{"weight":1.0,"played":[0.0,1.0,0.0],"evs":[0.0,0.47078,0.37573]},"J4s":{"weight":1.0,"played":[0.0,0.9999,1.0E-4],"evs":[0.0,0.50536,0.44715]},"J5s":{"weight":1.0,"played":[0.0,1.0,0.0],"evs":[0.0,0.53912,0.51345]},"J6s":{"weight":1.0,"played":[0.0,0.9999,1.0E-4],"evs":[0.0,0.57802,0.52995]},"J7s":{"weight":1.0,"played":[0.0,0.3571,0.6429],"evs":[0.0,0.66993,0.66978]},"J8s":{"weight":1.0,"played":[0.0,0.9999,1.0E-4],"evs":[0.0,0.89529,0.8417]},"J9s":{"weight":1.0,"played":[0.0,1.0,0.0],"evs":[0.0,1.14827,1.03103]},"JTs":{"weight":1.0,"played":[0.0,1.0,0.0],"evs":[0.0,1.46851,1.30486]},"JJ":{"weight":1.0,"played":[0.0,1.0,0.0],"evs":[0.0,5.04636,4.01929]},"QJo":{"weight":1.0,"played":[0.0,0.1855,0.8145],"evs":[0.0,1.31191,1.31272]},"KJo":{"weight":1.0,"played":[0.0,1.0,0.0],"evs":[0.0,1.94285,1.87037]},"AJo":{"weight":1.0,"played":[0.0,0.9998,2.0E-4],"evs":[0.0,2.95346,2.93891]},"Q2s":{"weight":1.0,"played":[0.0,1.0,0.0],"evs":[0.0,0.57344,0.47532]},"Q3s":{"weight":1.0,"played":[0.0,1.0,0.0],"evs":[0.0,0.60538,0.53136]},"Q4s":{"weight":1.0,"played":[0.0,1.0,0.0],"evs":[0.0,0.62996,0.60568]},"Q5s":{"weight":1.0,"played":[0.0,0.9598,0.0402],"evs":[0.0,0.67182,0.66124]},"Q6s":{"weight":1.0,"played":[0.0,0.2996,0.7004],"evs":[0.0,0.71927,0.72047]},"Q7s":{"weight":1.0,"played":[0.0,1.0,0.0],"evs":[0.0,0.79049,0.73192]},"Q8s":{"weight":1.0,"played":[0.0,1.0,0.0],"evs":[0.0,1.03999,0.9039]},"Q9s":{"weight":1.0,"played":[0.0,1.0,0.0],"evs":[0.0,1.31309,1.13889]},"QTs":{"weight":1.0,"played":[0.0,1.0,0.0],"evs":[0.0,1.66018,1.47762]},"QJs":{"weight":1.0,"played":[0.0,1.0,0.0],"evs":[0.0,1.82449,1.64422]},"QQ":{"weight":1.0,"played":[0.0,1.0,0.0],"evs":[0.0,5.5734,4.36425]},"KQo":{"weight":1.0,"played":[0.0,1.0,0.0],"evs":[0.0,2.19859,2.07801]},"AQo":{"weight":1.0,"played":[0.0,1.0,0.0],"evs":[0.0,3.21161,3.16056]},"K2s":{"weight":1.0,"played":[0.0,0.0218,0.9782],"evs":[0.0,0.80397,0.81441]},"K3s":{"weight":1.0,"played":[0.0,1.0E-4,0.9999],"evs":[0.0,0.83851,0.8804]},"K4s":{"weight":1.0,"played":[0.0,1.0E-4,0.9999],"evs":[0.0,0.91319,0.9393]},"K5s":{"weight":1.0,"played":[0.0,1.0,0.0],"evs":[0.0,1.05485,1.01165]},"K6s":{"weight":1.0,"played":[0.0,1.0,0.0],"evs":[0.0,1.20629,1.09367]},"K7s":{"weight":1.0,"played":[0.0,1.0,0.0],"evs":[0.0,1.33843,1.1897]},"K8s":{"weight":1.0,"played":[0.0,1.0,0.0],"evs":[0.0,1.47611,1.34541]},"K9s":{"weight":1.0,"played":[0.0,1.0,0.0],"evs":[0.0,1.79534,1.63076]},"KTs":{"weight":1.0,"played":[0.0,1.0,0.0],"evs":[0.0,2.18538,1.97996]},"KJs":{"weight":1.0,"played":[0.0,1.0,0.0],"evs":[0.0,2.39905,2.15557]},"KQs":{"weight":1.0,"played":[0.0,1.0,0.0],"evs":[0.0,2.62013,2.34298]},"KK":{"weight":1.0,"played":[0.0,1.0,0.0],"evs":[0.0,6.19069,4.76127]},"AKo":{"weight":1.0,"played":[0.0,1.0,0.0],"evs":[0.0,3.54321,3.45135]},"A2s":{"weight":1.0,"played":[0.0,0.9621,0.0379],"evs":[0.0,1.74329,1.73482]},"A3s":{"weight":1.0,"played":[0.0,1.0,0.0],"evs":[0.0,1.87074,1.80313]},"A4s":{"weight":1.0,"played":[0.0,1.0,0.0],"evs":[0.0,1.98149,1.87172]},"A5s":{"weight":1.0,"played":[0.0,1.0,0.0],"evs":[0.0,2.14171,1.96376]},"A6s":{"weight":1.0,"played":[0.0,1.0,0.0],"evs":[0.0,2.15347,1.9912]},"A7s":{"weight":1.0,"played":[0.0,1.0,0.0],"evs":[0.0,2.34021,2.17425]},"A8s":{"weight":1.0,"played":[0.0,1.0,0.0],"evs":[0.0,2.54187,2.3856]},"A9s":{"weight":1.0,"played":[0.0,1.0,0.0],"evs":[0.0,2.74764,2.60668]},"ATs":{"weight":1.0,"played":[0.0,1.0,0.0],"evs":[0.0,3.13572,2.96058]},"AJs":{"weight":1.0,"played":[0.0,1.0,0.0],"evs":[0.0,3.32498,3.14333]},"AQs":{"weight":1.0,"played":[0.0,1.0,0.0],"evs":[0.0,3.56712,3.35895]},"AKs":{"weight":1.0,"played":[0.0,1.0,0.0],"evs":[0.0,3.86073,3.60792]},"AA":{"weight":1.0,"played":[0.0,1.0,0.0],"evs":[0.0,6.91637,5.37932]}}}