{"player":0,"street":0,"children":3,"sequence":[],"actions":[{"type":"F","amount":0},{"type":"C","amount":5000,"node":1},{"type":"R","amount":150000,"node":5}],"hands":{"22":{"weight":1.0,"played":[0.0,0.0,1.0],"evs":[0.0,1.07345,1.4635]},"32o":{"weight":1.0,"played":[0.0,1.0,0.0],"evs":[0.0,0.08239,-0.4059]},"42o":{"weight":1.0,"played":[0.0,1.0,0.0],"evs":[0.0,0.11316,-0.32684]},"52o":{"weight":1.0,"played":[0.0,1.0,0.0],"evs":[0.0,0.14369,-0.24864]},"62o":{"weight":1.0,"played":[0.0,1.0,0.0],"evs":[0.0,0.11971,-0.35881]},"72o":{"weight":1.0,"played":[0.0,1.0,0.0],"evs":[0.0,0.10958,-0.45353]},"82o":{"weight":1.0,"played":[0.0,1.0,0.0],"evs":[0.0,0.13522,-0.36941]},"92o":{"weight":1.0,"played":[0.0,1.0,0.0],"evs":[0.0,0.16655,-0.31003]},"T2o":{"weight":1.0,"played":[0.0,1.0,0.0],"evs":[0.0,0.20076,-0.21307]},"J2o":{"weight":1.0,"played":[0.0,1.0,0.0],"evs":[0.0,0.25363,-0.09073]},"Q2o":{"weight":1.0,"played":[0.0,1.0,0.0],"evs":[0.0,0.34097,0.08254]},"K2o":{"weight":1.0,"played":[0.0,1.0,0.0],"evs":[0.0,0.52905,0.43407]},"A2o":{"weight":1.0,"played":[0.0,0.0,1.0],"evs":[0.0,1.22578,1.41088]},"32s":{"weight":1.0,"played":[0.0,1.0,0.0],"evs":[0.0,0.22473,0.02253]},"33":{"weight":1.0,"played":[0.0,0.0,1.0],"evs":[0.0,1.49307,1.6959]},"43o":{"weight":1.0,"played":[0.0,1.0,0.0],"evs":[0.0,0.17362,-0.12825]},"53o":{"weight":1.0,"played":[0.0,1.0,0.0],"evs":[0.0,0.21116,-0.04751]},"63o":{"weight":1.0,"played":[0.0,1.0,0.0],"evs":[0.0,0.184,-0.15561]},"73o":{"weight":1.0,"played":[0.0,1.0,0.0],"evs":[0.0,0.16705,-0.25555]},"83o":{"weight":1.0,"played":[0.0,1.0,0.0],"evs":[0.0,0.1554,-0.32852]},"93o":{"weight":1.0,"played":[0.0,1.0,0.0],"evs":[0.0,0.19134,-0.23645]},"T3o":{"weight":1.0,"played":[0.0,1.0,0.0],"evs":[0.0,0.2292,-0.1387]},"J3o":{"weight":1.0,"played":[0.0,1.0,0.0],"evs":[0.0,0.2802,-0.01732]},"Q3o":{"weight":1.0,"played":[0.0,1.0,0.0],"evs":[0.0,0.36509,0.15261]},"K3o":{"weight":1.0,"played":[0.0,1.0,0.0],"evs":[0.0,0.56609,0.5011]},"A3o":{"weight":1.0,"played":[0.0,0.0,1.0],"evs":[0.0,1.36377,1.48037]},"42s":{"weight":1.0,"played":[0.0,1.0,0.0],"evs":[0.0,0.25418,0.1016]},"43s":{"weight":1.0,"played":[0.0,1.0,0.0],"evs":[0.0,0.34318,0.28228]},"44":{"weight":1.0,"played":[0.0,0.0,1.0],"evs":[0.0,1.91985,1.93386]},"54o":{"weight":1.0,"played":[0.0,1.0,0.0],"evs":[0.0,0.2716,0.14217]},"64o":{"weight":1.0,"played":[0.0,1.0,0.0],"evs":[0.0,0.2524,0.03631]},"74o":{"weight":1.0,"played":[0.0,1.0,0.0],"evs":[0.0,0.23504,-0.06145]},"84o":{"weight":1.0,"played":[0.0,1.0,0.0],"evs":[0.0,0.21694,-0.13541]},"94o":{"weight":1.0,"played":[0.0,1.0,0.0],"evs":[0.0,0.21573,-0.20121]},"T4o":{"weight":1.0,"played":[0.0,1.0,0.0],"evs":[0.0,0.25512,-0.06943]},"J4o":{"weight":1.0,"played":[0.0,1.0,0.0],"evs":[0.0,0.30394,0.04957]},"Q4o":{"weight":1.0,"played":[0.0,1.0,0.0],"evs":[0.0,0.38758,0.21833]},"K4o":{"weight":1.0,"played":[0.0,1.0,0.0],"evs":[0.0,0.60524,0.57015]},"A4o":{"weight":1.0,"played":[0.0,0.0,1.0],"evs":[0.0,1.49479,1.55384]},"52s":{"weight":1.0,"played":[0.0,1.0,0.0],"evs":[0.0,0.28869,0.16834]},"53s":{"weight":1.0,"played":[0.0,1.0,0.0],"evs":[0.0,0.39209,0.36157]},"54s":{"weight":1.0,"played":[0.0,0.0,1.0],"evs":[0.0,0.4822,0.5384]},"55":{"weight":1.0,"played":[0.0,1.0,0.0],"evs":[0.0,2.37606,2.17634]},"65o":{"weight":1.0,"played":[0.0,1.0,0.0],"evs":[0.0,0.31893,0.22774]},"75o":{"weight":1.0,"played":[0.0,1.0,0.0],"evs":[0.0,0.31107,0.13563]},"85o":{"weight":1.0,"played":[0.0,1.0,0.0],"evs":[0.0,0.29296,0.06257]},"95o":{"weight":1.0,"played":[0.0,1.0,0.0],"evs":[0.0,0.28134,-0.0069]},"T5o":{"weight":1.0,"played":[0.0,1.0,0.0],"evs":[0.0,0.2847,-0.02962]},"J5o":{"weight":1.0,"played":[0.0,1.0,0.0],"evs":[0.0,0.33425,0.12049]},"Q5o":{"weight":1.0,"played":[0.0,1.0,0.0],"evs":[0.0,0.42219,0.28992]},"K5o":{"weight":1.0,"played":[0.0,0.9242,0.0758],"evs":[0.0,0.64621,0.64433]},"A5o":{"weight":1.0,"played":[0.0,0.5131,0.4869],"evs":[0.0,1.65559,1.6556]},"62s":{"weight":1.0,"played":[0.0,1.0,0.0],"evs":[0.0,0.26032,0.07043]},"63s":{"weight":1.0,"played":[0.0,1.0,0.0],"evs":[0.0,0.3438,0.2571]},"64s":{"weight":1.0,"played":[0.0,0.9327,0.0673],"evs":[0.0,0.4426,0.44125]},"65s":{"weight":1.0,"played":[0.0,0.0,1.0],"evs":[0.0,0.53963,0.61766]},"66":{"weight":1.0,"played":[0.0,1.0,0.0],"evs":[0.0,2.83741,2.38649]},"76o":{"weight":1.0,"played":[0.0,1.0,0.0],"evs":[0.0,0.37103,0.30663]},"86o":{"weight":1.0,"played":[0.0,1.0,0.0],"evs":[0.0,0.36529,0.23633]},"96o":{"weight":1.0,"played":[0.0,1.0,0.0],"evs":[0.0,0.35433,0.16938]},"T6o":{"weight":1.0,"played":[0.0,1.0,0.0],"evs":[0.0,0.349,0.14153]},"J6o":{"weight":1.0,"played":[0.0,1.0,0.0],"evs":[0.0,0.36765,0.14724]},"Q6o":{"weight":1.0,"played":[0.0,1.0,0.0],"evs":[0.0,0.47021,0.34853]},"K6o":{"weight":1.0,"played":[0.0,0.0,1.0],"evs":[0.0,0.69993,0.72491]},"A6o":{"weight":1.0,"played":[0.0,0.3452,0.6548],"evs":[0.0,1.67535,1.67592]},"72s":{"weight":1.0,"played":[0.0,1.0,0.0],"evs":[0.0,0.2498,-0.02359]},"73s":{"weight":1.0,"played":[0.0,1.0,0.0],"evs":[0.0,0.30847,0.16179]},"74s":{"weight":1.0,"played":[0.0,1.0,0.0],"evs":[0.0,0.3867,0.35033]},"75s":{"weight":1.0,"played":[0.0,0.0,1.0],"evs":[0.0,0.49642,0.53103]},"76s":{"weight":1.0,"played":[0.0,0.0,1.0],"evs":[0.0,0.5912,0.69026]},"77":{"weight":1.0,"played":[0.0,1.0,0.0],"evs":[0.0,3.25308,2.614]},"87o":{"weight":1.0,"played":[0.0,1.0,0.0],"evs":[0.0,0.43475,0.37546]},"97o":{"weight":1.0,"played":[0.0,1.0,0.0],"evs":[0.0,0.43109,0.30973]},"T7o":{"weight":1.0,"played":[0.0,1.0,0.0],"evs":[0.0,0.42742,0.28547]},"J7o":{"weight":1.0,"played":[0.0,1.0,0.0],"evs":[0.0,0.44273,0.29206]},"Q7o":{"weight":1.0,"played":[0.0,1.0,0.0],"evs":[0.0,0.50988,0.35243]},"K7o":{"weight":1.0,"played":[0.0,0.0,1.0],"evs":[0.0,0.79376,0.82662]},"A7o":{"weight":1.0,"played":[0.0,0.1241,0.8759],"evs":[0.0,1.88204,1.88306]},"82s":{"weight":1.0,"played":[0.0,1.0,0.0],"evs":[0.0,0.27886,0.06333]},"83s":{"weight":1.0,"played":[0.0,1.0,0.0],"evs":[0.0,0.29892,0.10166]},"84s":{"weight":1.0,"played":[0.0,1.0,0.0],"evs":[0.0,0.3582,0.2786]},"85s":{"weight":1.0,"played":[0.0,0.8874,0.1126],"evs":[0.0,0.46219,0.46087]},"86s":{"weight":1.0,"played":[0.0,0.0,1.0],"evs":[0.0,0.57628,0.62688]},"87s":{"weight":1.0,"played":[0.0,0.7515,0.2485],"evs":[0.0,0.75767,0.75584]},"88":{"weight":1.0,"played":[0.0,1.0,0.0],"evs":[0.0,3.66319,2.89746]},"98o":{"weight":1.0,"played":[0.0,1.0,0.0],"evs":[0.0,0.53346,0.46765]},"T8o":{"weight":1.0,"played":[0.0,1.0,0.0],"evs":[0.0,0.54709,0.46463]},"J8o":{"weight":1.0,"played":[0.0,1.0,0.0],"evs":[0.0,0.57646,0.48648]},"Q8o":{"weight":1.0,"played":[0.0,1.0,0.0],"evs":[0.0,0.63802,0.55869]},"K8o":{"weight":1.0,"played":[0.0,0.0,1.0],"evs":[0.0,0.95769,0.99814]},"A8o":{"weight":1.0,"played":[0.0,0.0,1.0],"evs":[0.0,2.10101,2.116]},"92s":{"weight":1.0,"played":[0.0,1.0,0.0],"evs":[0.0,0.31035,0.1154]},"93s":{"weight":1.0,"played":[0.0,1.0,0.0],"evs":[0.0,0.33461,0.18066]},"94s":{"weight":1.0,"played":[0.0,1.0,0.0],"evs":[0.0,0.35791,0.21492]},"95s":{"weight":1.0,"played":[0.0,1.0,0.0],"evs":[0.0,0.45102,0.3982]},"96s":{"weight":1.0,"played":[0.0,0.1407,0.8593],"evs":[0.0,0.5649,0.56483]},"97s":{"weight":1.0,"played":[0.0,0.9981,0.0019],"evs":[0.0,0.70454,0.69787]},"98s":{"weight":1.0,"played":[0.0,1.0,0.0],"evs":[0.0,0.92267,0.83905]},"99":{"weight":1.0,"played":[0.0,1.0,0.0],"evs":[0.0,4.12064,3.23171]},"T9o":{"weight":1.0,"played":[0.0,1.0,0.0],"evs":[0.0,0.68842,0.67293]},"J9o":{"weight":1.0,"played":[0.0,1.0,0.0],"evs":[0.0,0.72421,0.68932]},"Q9o":{"weight":1.0,"played":[0.0,0.6436,0.3564],"evs":[0.0,0.79681,0.79632]},"K9o":{"weight":1.0,"played":[0.0,0.7381,0.2619],"evs":[0.0,1.30718,1.30729]},"A9o":{"weight":1.0,"played":[0.0,0.0,1.0],"evs":[0.0,2.3219,2.3562]},"T2s":{"weight":1.0,"played":[0.0,1.0,0.0],"evs":[0.0,0.37397,0.20782]},"T3s":{"weight":1.0,"played":[0.0,1.0,0.0],"evs":[0.0,0.39807,0.27227]},"T4s":{"weight":1.0,"played":[0.0,1.0,0.0],"evs":[0.0,0.42515,0.33736]},"T5s":{"weight":1.0,"played":[0.0,1.0,0.0],"evs":[0.0,0.45792,0.37426]},"T6s":{"weight":1.0,"played":[0.0,0.9999,1.0E-4],"evs":[0.0,0.56133,0.53602]},"T7s":{"weight":1.0,"played":[0.0,0.2677,0.7323],"evs":[0.0,0.66487,0.66546]},"T8s":{"weight":1.0,"played":[0.0,1.0,0.0],"evs":[0.0,0.91532,0.83184]},"T9s":{"weight":1.0,"played":[0.0,1.0,0.0],"evs":[0.0,1.1796,1.02531]},"TT":{"weight":1.0,"played":[0.0,1.0,0.0],"evs":[0.0,4.66598,3.64677]},"JTo":{"weight":1.0,"played":[0.0,0.5311,0.4689],"evs":[0.0,0.98176,0.98154]},"QTo":{"weight":1.0,"played":[0.0,1.0,0.0],"evs":[0.0,1.16089,1.14476]},"KTo":{"weight":1.0,"played":[0.0,1.0,0.0],"evs":[0.0,1.73167,1.68332]},"ATo":{"weight":1.0,"played":[0.0,0.4874,0.5126],"evs":[0.0,2.73647,2.73681]},"J2s":{"weight":1.0,"played":[0.0,1.0,0.0],"evs":[0.0,0.4578,0.32761]},"J3s":{"weight":1.0,"played":[0.0,1.0,0.0],"evs":[0.0,0.48574,0.39102]},"J4s":{"weight":1.0,"played":[0.0,1.0,0.0],"evs":[0.0,0.5121,0.45725]},"J5s":{"weight":1.0,"played":[0.0,1.0,0.0],"evs":[0.0,0.54729,0.52307]},"J6s":{"weight":1.0,"played":[0.0,1.0,0.0],"evs":[0.0,0.59138,0.54741]},"J7s":{"weight":1.0,"played":[0.0,0.4697,0.5303],"evs":[0.0,0.67999,0.67949]},"J8s":{"weight":1.0,"played":[0.0,1.0,0.0],"evs":[0.0,0.89635,0.85662]},"J9s":{"weight":1.0,"played":[0.0,1.0,0.0],"evs":[0.0,1.16286,1.04468]},"JTs":{"weight":1.0,"played":[0.0,1.0,0.0],"evs":[0.0,1.49216,1.31675]},"JJ":{"weight":1.0,"played":[0.0,1.0,0.0],"evs":[0.0,5.18302,4.01302]},"QJo":{"weight":1.0,"played":[0.0,0.3805,0.6195],"evs":[0.0,1.318,1.31773]},"KJo":{"weight":1.0,"played":[0.0,1.0,0.0],"evs":[0.0,1.94504,1.86606]},"AJo":{"weight":1.0,"played":[0.0,1.0,0.0],"evs":[0.0,2.94708,2.93233]},"Q2s":{"weight":1.0,"played":[0.0,1.0,0.0],"evs":[0.0,0.58114,0.48976]},"Q3s":{"weight":1.0,"played":[0.0,1.0,0.0],"evs":[0.0,0.61309,0.55441]},"Q4s":{"weight":1.0,"played":[0.0,0.9999,1.0E-4],"evs":[0.0,0.64161,0.61593]},"Q5s":{"weight":1.0,"played":[0.0,2.0E-4,0.9998],"evs":[0.0,0.67674,0.68337]},"Q6s":{"weight":1.0,"played":[0.0,0.0,1.0],"evs":[0.0,0.72357,0.73939]},"Q7s":{"weight":1.0,"played":[0.0,0.9999,1.0E-4],"evs":[0.0,0.77607,0.74026]},"Q8s":{"weight":1.0,"played":[0.0,1.0,0.0],"evs":[0.0,1.04845,0.92503]},"Q9s":{"weight":1.0,"played":[0.0,1.0,0.0],"evs":[0.0,1.33056,1.1487]},"QTs":{"weight":1.0,"played":[0.0,1.0,0.0],"evs":[0.0,1.67783,1.47805]},"QJs":{"weight":1.0,"played":[0.0,1.0,0.0],"evs":[0.0,1.81657,1.63357]},"QQ":{"weight":1.0,"played":[0.0,1.0,0.0],"evs":[0.0,5.72903,4.35497]},"KQo":{"weight":1.0,"played":[0.0,1.0,0.0],"evs":[0.0,2.20858,2.06951]},"AQo":{"weight":1.0,"played":[0.0,1.0,0.0],"evs":[0.0,3.21379,3.155]},"K2s":{"weight":1.0,"played":[0.0,6.0E-4,0.9994],"evs":[0.0,0.80323,0.81777]},"K3s":{"weight":1.0,"played":[0.0,0.0,1.0],"evs":[0.0,0.84055,0.88049]},"K4s":{"weight":1.0,"played":[0.0,0.0,1.0],"evs":[0.0,0.89509,0.94694]},"K5s":{"weight":1.0,"played":[0.0,1.0,0.0],"evs":[0.0,1.03687,1.01274]},"K6s":{"weight":1.0,"played":[0.0,1.0,0.0],"evs":[0.0,1.1805,1.08671]},"K7s":{"weight":1.0,"played":[0.0,1.0,0.0],"evs":[0.0,1.32275,1.17996]},"K8s":{"weight":1.0,"played":[0.0,1.0,0.0],"evs":[0.0,1.47465,1.33546]},"K9s":{"weight":1.0,"played":[0.0,1.0,0.0],"evs":[0.0,1.80009,1.62382]},"KTs":{"weight":1.0,"played":[0.0,1.0,0.0],"evs":[0.0,2.19567,1.9731]},"KJs":{"weight":1.0,"played":[0.0,1.0,0.0],"evs":[0.0,2.40044,2.14378]},"KQs":{"weight":1.0,"played":[0.0,1.0,0.0],"evs":[0.0,2.63374,2.33407]},"KK":{"weight":1.0,"played":[0.0,1.0,0.0],"evs":[0.0,6.32754,4.7462]},"AKo":{"weight":1.0,"played":[0.0,1.0,0.0],"evs":[0.0,3.5402,3.43983]},"A2s":{"weight":1.0,"played":[0.0,0.8169,0.1831],"evs":[0.0,1.7332,1.73278]},"A3s":{"weight":1.0,"played":[0.0,1.0,0.0],"evs":[0.0,1.856,1.79108]},"A4s":{"weight":1.0,"played":[0.0,1.0,0.0],"evs":[0.0,1.98044,1.86194]},"A5s":{"weight":1.0,"played":[0.0,1.0,0.0],"evs":[0.0,2.13305,1.95665]},"A6s":{"weight":1.0,"played":[0.0,1.0,0.0],"evs":[0.0,2.14671,1.97652]},"A7s":{"weight":1.0,"played":[0.0,1.0,0.0],"evs":[0.0,2.3382,2.16737]},"A8s":{"weight":1.0,"played":[0.0,1.0,0.0],"evs":[0.0,2.54606,2.37946]},"A9s":{"weight":1.0,"played":[0.0,1.0,0.0],"evs":[0.0,2.75225,2.60246]},"ATs":{"weight":1.0,"played":[0.0,1.0,0.0],"evs":[0.0,3.13242,2.95237]},"AJs":{"weight":1.0,"played":[0.0,1.0,0.0],"evs":[0.0,3.33233,3.13924]},"AQs":{"weight":1.0,"played":[0.0,1.0,0.0],"evs":[0.0,3.57386,3.34309]},"AKs":{"weight":1.0,"played":[0.0,1.0,0.0],"evs":[0.0,3.8737,3.60395]},"AA":{"weight":1.0,"played":[0.0,1.0,0.0],"evs":[0.0,7.06525,5.35742]}}}