{"player":0,"street":0,"children":3,"sequence":[{"player":0,"type":"C","amount":5000,"street":0},{"player":1,"type":"R","amount":35000,"street":0}],"actions":[{"type":"F","amount":0},{"type":"C","amount":25000},{"type":"R","amount":150000,"node":3}],"hands":{"22":{"weight":0.0,"played":[0.0,0.0,1.0],"evs":[0.0,0.36616,0.86788]},"32o":{"weight":1.0,"played":[1.0,0.0,0.0],"evs":[0.0,-0.53538,-1.23131]},"42o":{"weight":1.0,"played":[1.0,0.0,0.0],"evs":[0.0,-0.48174,-1.1551]},"52o":{"weight":1.0,"played":[1.0,0.0,0.0],"evs":[0.0,-0.4463,-1.12352]},"62o":{"weight":1.0,"played":[1.0,0.0,0.0],"evs":[0.0,-0.61632,-1.24543]},"72o":{"weight":1.0,"played":[1.0,0.0,0.0],"evs":[0.0,-0.79132,-1.37465]},"82o":{"weight":1.0,"played":[1.0,0.0,0.0],"evs":[0.0,-0.68328,-1.18256]},"92o":{"weight":1.0,"played":[1.0,0.0,0.0],"evs":[0.0,-0.54736,-0.99601]},"T2o":{"weight":1.0,"played":[1.0,0.0,0.0],"evs":[0.0,-0.45368,-0.78618]},"J2o":{"weight":1.0,"played":[1.0,0.0,0.0],"evs":[0.0,-0.29664,-0.55954]},"Q2o":{"weight":1.0,"played":[1.0,0.0,0.0],"evs":[0.0,-0.12756,-0.29446]},"K2o":{"weight":1.0,"played":[0.0,0.6526,0.3474],"evs":[0.0,0.27415,0.27264]},"A2o":{"weight":0.0,"played":[0.0,0.0,1.0],"evs":[0.0,1.56054,1.72273]},"32s":{"weight":1.0,"played":[1.0,0.0,0.0],"evs":[0.0,-0.03987,-0.60039]},"33":{"weight":0.0,"played":[0.0,0.0,1.0],"evs":[0.0,0.64697,0.95345]},"43o":{"weight":1.0,"played":[1.0,0.0,0.0],"evs":[0.0,-0.27254,-0.90686]},"53o":{"weight":1.0,"played":[1.0,0.0,0.0],"evs":[0.0,-0.21205,-0.86422]},"63o":{"weight":1.0,"played":[1.0,0.0,0.0],"evs":[0.0,-0.37946,-0.95759]},"73o":{"weight":1.0,"played":[1.0,0.0,0.0],"evs":[0.0,-0.58115,-1.09118]},"83o":{"weight":1.0,"played":[1.0,0.0,0.0],"evs":[0.0,-0.65902,-1.1694]},"93o":{"weight":1.0,"played":[1.0,0.0,0.0],"evs":[0.0,-0.51381,-0.90646]},"T3o":{"weight":1.0,"played":[1.0,0.0,0.0],"evs":[0.0,-0.40775,-0.68257]},"J3o":{"weight":1.0,"played":[1.0,0.0,0.0],"evs":[0.0,-0.24832,-0.47743]},"Q3o":{"weight":1.0,"played":[1.0,0.0,0.0],"evs":[0.0,-0.07886,-0.21937]},"K3o":{"weight":1.0,"played":[0.0,0.9247,0.0753],"evs":[0.0,0.34259,0.32832]},"A3o":{"weight":0.0,"played":[0.0,0.0,1.0],"evs":[0.0,1.65554,1.78988]},"42s":{"weight":1.0,"played":[0.5184,0.4816,0.0],"evs":[0.0,-0.00558,-0.55004]},"43s":{"weight":0.9999,"played":[0.0,1.0,0.0],"evs":[0.0,0.23018,-0.27426]},"44":{"weight":1.0E-4,"played":[0.0,0.0,1.0],"evs":[0.0,0.95249,1.10145]},"54o":{"weight":1.0,"played":[0.9984,0.0016,0.0],"evs":[0.0,-0.00533,-0.61829]},"64o":{"weight":1.0,"played":[1.0,0.0,0.0],"evs":[0.0,-0.1761,-0.71643]},"74o":{"weight":1.0,"played":[1.0,0.0,0.0],"evs":[0.0,-0.38479,-0.85133]},"84o":{"weight":1.0,"played":[1.0,0.0,0.0],"evs":[0.0,-0.50126,-0.91213]},"94o":{"weight":1.0,"played":[1.0,0.0,0.0],"evs":[0.0,-0.50169,-0.89737]},"T4o":{"weight":1.0,"played":[1.0,0.0,0.0],"evs":[0.0,-0.38704,-0.61942]},"J4o":{"weight":1.0,"played":[1.0,0.0,0.0],"evs":[0.0,-0.2259,-0.3967]},"Q4o":{"weight":1.0,"played":[1.0,0.0,0.0],"evs":[0.0,-0.0471,-0.14903]},"K4o":{"weight":1.0,"played":[0.0,0.9235,0.0765],"evs":[0.0,0.41455,0.4]},"A4o":{"weight":0.0,"played":[0.0,0.0,1.0],"evs":[0.0,1.74181,1.83046]},"52s":{"weight":1.0,"played":[1.0E-4,0.9999,0.0],"evs":[0.0,0.06694,-0.50768]},"53s":{"weight":0.9995,"played":[0.0,1.0,0.0],"evs":[0.0,0.32706,-0.23701]},"54s":{"weight":0.0,"played":[0.0,1.0,0.0],"evs":[0.0,0.52406,-0.0057]},"55":{"weight":1.0,"played":[0.0,0.6568,0.3432],"evs":[0.0,1.22169,1.20947]},"65o":{"weight":1.0,"played":[0.7937,0.2063,0.0],"evs":[0.0,0.00148,-0.52903]},"75o":{"weight":1.0,"played":[1.0,0.0,0.0],"evs":[0.0,-0.18513,-0.63165]},"85o":{"weight":1.0,"played":[1.0,0.0,0.0],"evs":[0.0,-0.30747,-0.70354]},"95o":{"weight":1.0,"played":[1.0,0.0,0.0],"evs":[0.0,-0.33568,-0.67103]},"T5o":{"weight":1.0,"played":[1.0,0.0,0.0],"evs":[0.0,-0.36014,-0.63178]},"J5o":{"weight":1.0,"played":[1.0,0.0,0.0],"evs":[0.0,-0.18442,-0.37429]},"Q5o":{"weight":1.0,"played":[0.9718,0.0282,0.0],"evs":[0.0,-0.01421,-0.12185]},"K5o":{"weight":0.6901,"played":[0.0,0.9998,2.0E-4],"evs":[0.0,0.4716,0.4405]},"A5o":{"weight":0.3926,"played":[0.0,0.0147,0.9853],"evs":[0.0,1.87038,1.8926]},"62s":{"weight":1.0,"played":[1.0,0.0,0.0],"evs":[0.0,-0.11832,-0.6343]},"63s":{"weight":1.0,"played":[0.003,0.997,0.0],"evs":[0.0,0.11049,-0.36672]},"64s":{"weight":0.9695,"played":[0.0,1.0,0.0],"evs":[0.0,0.3373,-0.13033]},"65s":{"weight":0.0,"played":[0.0,1.0,0.0],"evs":[0.0,0.55922,0.07892]},"66":{"weight":1.0,"played":[0.0,0.9704,0.0296],"evs":[0.0,1.54636,1.53093]},"76o":{"weight":1.0,"played":[0.1577,0.8423,0.0],"evs":[0.0,0.0042,-0.32901]},"86o":{"weight":1.0,"played":[0.9999,1.0E-4,0.0],"evs":[0.0,-0.07947,-0.38791]},"96o":{"weight":1.0,"played":[1.0,0.0,0.0],"evs":[0.0,-0.11177,-0.3665]},"T6o":{"weight":1.0,"played":[1.0,0.0,0.0],"evs":[0.0,-0.14011,-0.31788]},"J6o":{"weight":1.0,"played":[0.9999,1.0E-4,0.0],"evs":[0.0,-0.1272,-0.28006]},"Q6o":{"weight":1.0,"played":[0.0,0.9725,0.0275],"evs":[0.0,0.03266,0.01612]},"K6o":{"weight":0.0,"played":[0.0,0.1089,0.8911],"evs":[0.0,0.57306,0.60766]},"A6o":{"weight":0.1433,"played":[0.0,0.0,1.0],"evs":[0.0,1.70997,1.85949]},"72s":{"weight":1.0,"played":[1.0,0.0,0.0],"evs":[0.0,-0.27859,-0.74624]},"73s":{"weight":1.0,"played":[0.9998,2.0E-4,0.0],"evs":[0.0,-0.09501,-0.48905]},"74s":{"weight":0.9999,"played":[1.0E-4,0.9999,0.0],"evs":[0.0,0.13316,-0.219]},"75s":{"weight":0.0,"played":[0.0,1.0,0.0],"evs":[0.0,0.33262,-0.07048]},"76s":{"weight":0.0,"played":[0.0,1.0,0.0],"evs":[0.0,0.54327,0.26171]},"77":{"weight":1.0,"played":[0.0,0.8112,0.1888],"evs":[0.0,1.97716,1.96604]},"87o":{"weight":0.9998,"played":[0.2531,0.7469,0.0],"evs":[0.0,0.003,-0.19644]},"97o":{"weight":1.0,"played":[0.2681,0.7319,1.0E-4],"evs":[0.0,5.4E-4,-0.15864]},"T7o":{"weight":1.0,"played":[0.7059,0.2941,0.0],"evs":[0.0,0.00372,-0.07213]},"J7o":{"weight":1.0,"played":[0.3952,0.6023,0.0025],"evs":[0.0,0.00306,-0.04547]},"Q7o":{"weight":1.0,"played":[1.0E-4,0.7722,0.2277],"evs":[0.0,0.06471,0.06043]},"K7o":{"weight":0.0,"played":[0.0,0.1264,0.8736],"evs":[0.0,0.63382,0.65304]},"A7o":{"weight":0.0601,"played":[0.0,0.0,1.0],"evs":[0.0,1.86493,2.03045]},"82s":{"weight":1.0,"played":[1.0,0.0,0.0],"evs":[0.0,-0.1805,-0.54053]},"83s":{"weight":1.0,"played":[1.0,0.0,0.0],"evs":[0.0,-0.15574,-0.53717]},"84s":{"weight":0.9999,"played":[0.1634,0.8366,0.0],"evs":[0.0,0.01855,-0.30374]},"85s":{"weight":0.3912,"played":[0.0,1.0,0.0],"evs":[0.0,0.21091,-0.09863]},"86s":{"weight":0.0,"played":[0.0,1.0,0.0],"evs":[0.0,0.45393,0.21949]},"87s":{"weight":0.3114,"played":[0.0,1.0,0.0],"evs":[0.0,0.56826,0.39338]},"88":{"weight":1.0,"played":[0.0,0.9285,0.0715],"evs":[0.0,2.68423,2.68031]},"98o":{"weight":0.9994,"played":[0.0,1.0,0.0],"evs":[0.0,0.20265,0.13355]},"T8o":{"weight":1.0,"played":[0.0,0.9994,6.0E-4],"evs":[0.0,0.23567,0.20593]},"J8o":{"weight":1.0,"played":[0.0,0.8034,0.1966],"evs":[0.0,0.25525,0.24645]},"Q8o":{"weight":1.0,"played":[0.0,0.5571,0.4429],"evs":[0.0,0.32936,0.33305]},"K8o":{"weight":0.0,"played":[0.0,0.0,1.0],"evs":[0.0,0.77024,0.81976]},"A8o":{"weight":0.0,"played":[0.0,0.0,1.0],"evs":[0.0,2.03137,2.33227]},"92s":{"weight":1.0,"played":[0.9971,0.0029,0.0],"evs":[0.0,-0.03869,-0.36596]},"93s":{"weight":1.0,"played":[0.4147,0.5853,0.0],"evs":[0.0,-0.00186,-0.26415]},"94s":{"weight":1.0,"played":[0.7422,0.2578,0.0],"evs":[0.0,-0.0021,-0.27617]},"95s":{"weight":1.0,"played":[0.0,1.0,0.0],"evs":[0.0,0.1905,-0.07575]},"96s":{"weight":0.0765,"played":[0.0,1.0,0.0],"evs":[0.0,0.42572,0.2072]},"97s":{"weight":0.6182,"played":[0.0,0.9998,2.0E-4],"evs":[0.0,0.5544,0.44018]},"98s":{"weight":1.0,"played":[0.0,0.9981,0.0019],"evs":[0.0,0.77485,0.72184]},"99":{"weight":1.0,"played":[0.0,1.0,0.0],"evs":[0.0,3.57301,3.5463]},"T9o":{"weight":0.7392,"played":[0.0,1.0,0.0],"evs":[0.0,0.614,0.57974]},"J9o":{"weight":1.0,"played":[0.0,0.9974,0.0026],"evs":[0.0,0.65009,0.58891]},"Q9o":{"weight":0.5287,"played":[0.0,0.9847,0.0153],"evs":[0.0,0.77569,0.76894]},"K9o":{"weight":0.5169,"played":[0.0,0.0,1.0],"evs":[0.0,1.24716,1.36209]},"A9o":{"weight":0.0,"played":[0.0,0.0,1.0],"evs":[0.0,2.23889,2.68026]},"T2s":{"weight":1.0,"played":[4.0E-4,0.9995,1.0E-4],"evs":[0.0,0.066,-0.15046]},"T3s":{"weight":1.0,"played":[0.0,1.0,0.0],"evs":[0.0,0.11917,-0.05579]},"T4s":{"weight":1.0,"played":[1.0E-4,0.9999,0.0],"evs":[0.0,0.13534,2.5E-4]},"T5s":{"weight":1.0,"played":[0.0,1.0,0.0],"evs":[0.0,0.17312,-0.01815]},"T6s":{"weight":0.9815,"played":[0.0,1.0,0.0],"evs":[0.0,0.40101,0.26363]},"T7s":{"weight":0.2694,"played":[0.0,0.9729,0.0271],"evs":[0.0,0.57007,0.51286]},"T8s":{"weight":1.0,"played":[0.0,0.9979,0.0021],"evs":[0.0,0.80595,0.75838]},"T9s":{"weight":1.0,"played":[0.0,0.997,0.003],"evs":[0.0,1.18461,1.13271]},"TT":{"weight":1.0,"played":[0.0,1.0,0.0],"evs":[0.0,4.69302,4.47556]},"JTo":{"weight":0.4374,"played":[0.0,1.0,0.0],"evs":[0.0,1.11,1.01418]},"QTo":{"weight":0.9532,"played":[0.0,0.9995,5.0E-4],"evs":[0.0,1.29103,1.28139]},"KTo":{"weight":1.0,"played":[0.0,0.0,1.0],"evs":[0.0,1.76126,1.86611]},"ATo":{"weight":0.3783,"played":[0.0,0.0,1.0],"evs":[0.0,2.69327,3.13485]},"J2s":{"weight":1.0,"played":[0.0,1.0,0.0],"evs":[0.0,0.24576,0.07955]},"J3s":{"weight":1.0,"played":[0.0,0.9999,1.0E-4],"evs":[0.0,0.28828,0.1321]},"J4s":{"weight":0.9999,"played":[0.0,1.0,0.0],"evs":[0.0,0.34173,0.21071]},"J5s":{"weight":1.0,"played":[0.0,1.0,0.0],"evs":[0.0,0.37049,0.22671]},"J6s":{"weight":0.9999,"played":[0.0,0.9999,1.0E-4],"evs":[0.0,0.43689,0.3117]},"J7s":{"weight":0.3571,"played":[0.0,0.9606,0.0394],"evs":[0.0,0.59141,0.56914]},"J8s":{"weight":0.9999,"played":[0.0,1.0,0.0],"evs":[0.0,0.87007,0.82997]},"J9s":{"weight":1.0,"played":[0.0,0.9999,1.0E-4],"evs":[0.0,1.25253,1.16216]},"JTs":{"weight":1.0,"played":[0.0,1.0,0.0],"evs":[0.0,1.67077,1.55144]},"JJ":{"weight":1.0,"played":[0.0,1.0,0.0],"evs":[0.0,5.91858,5.32205]},"QJo":{"weight":0.1855,"played":[0.0,0.9999,1.0E-4],"evs":[0.0,1.60646,1.53061]},"KJo":{"weight":1.0,"played":[0.0,0.0,1.0],"evs":[0.0,2.11309,2.17126]},"AJo":{"weight":0.9998,"played":[0.0,0.0,1.0],"evs":[0.0,2.97927,3.35639]},"Q2s":{"weight":1.0,"played":[0.0,1.0,0.0],"evs":[0.0,0.43016,0.30462]},"Q3s":{"weight":1.0,"played":[0.0,1.0,0.0],"evs":[0.0,0.49247,0.36698]},"Q4s":{"weight":1.0,"played":[0.0,1.0,0.0],"evs":[0.0,0.5292,0.43741]},"Q5s":{"weight":0.9598,"played":[0.0,1.0,0.0],"evs":[0.0,0.59053,0.50225]},"Q6s":{"weight":0.2996,"played":[0.0,0.9603,0.0397],"evs":[0.0,0.64825,0.62156]},"Q7s":{"weight":1.0,"played":[0.0,1.0,0.0],"evs":[0.0,0.68576,0.65233]},"Q8s":{"weight":1.0,"played":[0.0,0.9997,3.0E-4],"evs":[0.0,0.98168,0.89458]},"Q9s":{"weight":1.0,"played":[0.0,1.0,0.0],"evs":[0.0,1.41016,1.33232]},"QTs":{"weight":1.0,"played":[0.0,1.0,0.0],"evs":[0.0,1.90679,1.82128]},"QJs":{"weight":1.0,"played":[0.0,0.9999,1.0E-4],"evs":[0.0,2.22131,2.07179]},"QQ":{"weight":1.0,"played":[0.0,1.0,0.0],"evs":[0.0,7.38385,6.35924]},"KQo":{"weight":1.0,"played":[0.0,0.0,1.0],"evs":[0.0,2.71242,2.94128]},"AQo":{"weight":1.0,"played":[0.0,0.0,1.0],"evs":[0.0,3.4523,3.9281]},"K2s":{"weight":0.0218,"played":[0.0,0.9869,0.0131],"evs":[0.0,0.94914,0.87759]},"K3s":{"weight":1.0E-4,"played":[0.0,0.9816,0.0184],"evs":[0.0,1.00668,0.96206]},"K4s":{"weight":1.0E-4,"played":[0.0,0.9998,2.0E-4],"evs":[0.0,1.08218,0.99513]},"K5s":{"weight":1.0,"played":[0.0,1.0,0.0],"evs":[0.0,1.11618,1.02288]},"K6s":{"weight":1.0,"played":[0.0,0.9999,1.0E-4],"evs":[0.0,1.22063,1.1708]},"K7s":{"weight":1.0,"played":[0.0,0.9987,0.0013],"evs":[0.0,1.32041,1.24369]},"K8s":{"weight":1.0,"played":[0.0,0.987,0.013],"evs":[0.0,1.44169,1.39668]},"K9s":{"weight":1.0,"played":[0.0,0.1454,0.8546],"evs":[0.0,1.85955,1.86567]},"KTs":{"weight":1.0,"played":[0.0,0.8882,0.1118],"evs":[0.0,2.36234,2.34908]},"KJs":{"weight":1.0,"played":[0.0,0.9966,0.0034],"evs":[0.0,2.7059,2.66149]},"KQs":{"weight":1.0,"played":[0.0,0.0,1.0],"evs":[0.0,3.27094,3.36073]},"KK":{"weight":1.0,"played":[0.0,1.0,0.0],"evs":[0.0,8.78867,7.52485]},"AKo":{"weight":1.0,"played":[0.0,0.0,1.0],"evs":[0.0,3.83956,4.3783]},"A2s":{"weight":0.9621,"played":[0.0,0.0,1.0],"evs":[0.0,2.17658,2.27287]},"A3s":{"weight":1.0,"played":[0.0,0.0045,0.9955],"evs":[0.0,2.28109,2.33976]},"A4s":{"weight":1.0,"played":[0.0,0.2098,0.7902],"evs":[0.0,2.37371,2.37887]},"A5s":{"weight":1.0,"played":[0.0,0.9986,0.0014],"evs":[0.0,2.47315,2.43913]},"A6s":{"weight":1.0,"played":[0.0,0.0,1.0],"evs":[0.0,2.31893,2.40469]},"A7s":{"weight":1.0,"played":[0.0,0.0,1.0],"evs":[0.0,2.42982,2.52146]},"A8s":{"weight":1.0,"played":[0.0,0.0,1.0],"evs":[0.0,2.61061,2.81597]},"A9s":{"weight":1.0,"played":[0.0,0.0,1.0],"evs":[0.0,2.81987,3.13371]},"ATs":{"weight":1.0,"played":[0.0,0.0,1.0],"evs":[0.0,3.24139,3.54309]},"AJs":{"weight":1.0,"played":[0.0,0.0,1.0],"evs":[0.0,3.51419,3.7806]},"AQs":{"weight":1.0,"played":[0.0,0.0,1.0],"evs":[0.0,3.95487,4.30596]},"AKs":{"weight":1.0,"played":[0.0,0.0,1.0],"evs":[0.0,4.28953,4.69909]},"AA":{"weight":1.0,"played":[0.0,1.0,0.0],"evs":[0.0,9.69146,8.55583]}}}