{"player":0,"street":0,"children":3,"sequence":[{"player":0,"type":"C","amount":5000,"street":0},{"player":1,"type":"R","amount":35000,"street":0}],"actions":[{"type":"F","amount":0},{"type":"C","amount":25000},{"type":"R","amount":150000,"node":3}],"hands":{"22":{"weight":0.0,"played":[0.0,0.0,1.0],"evs":[0.0,0.40389,0.7598]},"32o":{"weight":1.0,"played":[1.0,0.0,0.0],"evs":[0.0,-0.52557,-1.16796]},"42o":{"weight":1.0,"played":[1.0,0.0,0.0],"evs":[0.0,-0.47811,-1.10817]},"52o":{"weight":1.0,"played":[1.0,0.0,0.0],"evs":[0.0,-0.4396,-1.04666]},"62o":{"weight":1.0,"played":[1.0,0.0,0.0],"evs":[0.0,-0.5711,-1.15625]},"72o":{"weight":1.0,"played":[1.0,0.0,0.0],"evs":[0.0,-0.75207,-1.30015]},"82o":{"weight":1.0,"played":[1.0,0.0,0.0],"evs":[0.0,-0.64596,-1.08501]},"92o":{"weight":1.0,"played":[1.0,0.0,0.0],"evs":[0.0,-0.49315,-0.89476]},"T2o":{"weight":1.0,"played":[1.0,0.0,0.0],"evs":[0.0,-0.35836,-0.70838]},"J2o":{"weight":1.0,"played":[1.0,0.0,0.0],"evs":[0.0,-0.21933,-0.50045]},"Q2o":{"weight":1.0,"played":[1.0,0.0,0.0],"evs":[0.0,-0.08155,-0.26928]},"K2o":{"weight":1.0,"played":[0.0,0.939,0.061],"evs":[0.0,0.30847,0.3059]},"A2o":{"weight":0.0,"played":[0.0,0.0,1.0],"evs":[0.0,1.51935,1.71961]},"32s":{"weight":1.0,"played":[1.0,0.0,0.0],"evs":[0.0,-0.05964,-0.53705]},"33":{"weight":0.0,"played":[0.0,0.0,1.0],"evs":[0.0,0.62292,0.84929]},"43o":{"weight":1.0,"played":[1.0,0.0,0.0],"evs":[0.0,-0.29268,-0.87091]},"53o":{"weight":1.0,"played":[1.0,0.0,0.0],"evs":[0.0,-0.2313,-0.81401]},"63o":{"weight":1.0,"played":[1.0,0.0,0.0],"evs":[0.0,-0.37908,-0.92357]},"73o":{"weight":1.0,"played":[1.0,0.0,0.0],"evs":[0.0,-0.5867,-1.05812]},"83o":{"weight":1.0,"played":[1.0,0.0,0.0],"evs":[0.0,-0.65174,-1.08961]},"93o":{"weight":1.0,"played":[1.0,0.0,0.0],"evs":[0.0,-0.48715,-0.84158]},"T3o":{"weight":1.0,"played":[1.0,0.0,0.0],"evs":[0.0,-0.36262,-0.64977]},"J3o":{"weight":1.0,"played":[1.0,0.0,0.0],"evs":[0.0,-0.1996,-0.43677]},"Q3o":{"weight":1.0,"played":[1.0,0.0,0.0],"evs":[0.0,-0.0338,-0.21887]},"K3o":{"weight":1.0,"played":[0.0,0.9992,8.0E-4],"evs":[0.0,0.3763,0.34736]},"A3o":{"weight":0.0,"played":[0.0,0.0,1.0],"evs":[0.0,1.63151,1.76269]},"42s":{"weight":1.0,"played":[0.8835,0.1165,0.0],"evs":[0.0,-0.00476,-0.48457]},"43s":{"weight":1.0,"played":[0.0,1.0,0.0],"evs":[0.0,0.18222,-0.27776]},"44":{"weight":0.0,"played":[0.0,0.0,1.0],"evs":[0.0,0.86555,0.9171]},"54o":{"weight":1.0,"played":[1.0,0.0,0.0],"evs":[0.0,-0.05164,-0.59054]},"64o":{"weight":1.0,"played":[1.0,0.0,0.0],"evs":[0.0,-0.18185,-0.69659]},"74o":{"weight":1.0,"played":[1.0,0.0,0.0],"evs":[0.0,-0.40876,-0.83116]},"84o":{"weight":1.0,"played":[1.0,0.0,0.0],"evs":[0.0,-0.50392,-0.84672]},"94o":{"weight":1.0,"played":[1.0,0.0,0.0],"evs":[0.0,-0.49827,-0.84187]},"T4o":{"weight":1.0,"played":[1.0,0.0,0.0],"evs":[0.0,-0.36258,-0.5946]},"J4o":{"weight":1.0,"played":[1.0,0.0,0.0],"evs":[0.0,-0.19003,-0.37916]},"Q4o":{"weight":1.0,"played":[0.8176,0.1824,0.0],"evs":[0.0,-0.00131,-0.15312]},"K4o":{"weight":1.0,"played":[0.0,0.9994,6.0E-4],"evs":[0.0,0.44816,0.40176]},"A4o":{"weight":0.0,"played":[0.0,0.0,1.0],"evs":[0.0,1.73204,1.80026]},"52s":{"weight":1.0,"played":[8.0E-4,0.9992,0.0],"evs":[0.0,0.03461,-0.44393]},"53s":{"weight":1.0,"played":[0.0,1.0,0.0],"evs":[0.0,0.24618,-0.21281]},"54s":{"weight":0.0,"played":[0.0,1.0,0.0],"evs":[0.0,0.43722,-0.0138]},"55":{"weight":1.0,"played":[0.0,1.0,0.0],"evs":[0.0,1.14952,1.04032]},"65o":{"weight":1.0,"played":[0.9678,0.0322,0.0],"evs":[0.0,-7.7E-4,-0.48027]},"75o":{"weight":1.0,"played":[1.0,0.0,0.0],"evs":[0.0,-0.20326,-0.59596]},"85o":{"weight":1.0,"played":[1.0,0.0,0.0],"evs":[0.0,-0.30461,-0.61251]},"95o":{"weight":1.0,"played":[1.0,0.0,0.0],"evs":[0.0,-0.32759,-0.60502]},"T5o":{"weight":1.0,"played":[1.0,0.0,0.0],"evs":[0.0,-0.32196,-0.58074]},"J5o":{"weight":1.0,"played":[1.0,0.0,0.0],"evs":[0.0,-0.15638,-0.33658]},"Q5o":{"weight":1.0,"played":[0.4433,0.5567,0.0],"evs":[0.0,-0.00216,-0.10291]},"K5o":{"weight":0.9242,"played":[0.0,0.9204,0.0796],"evs":[0.0,0.47096,0.4712]},"A5o":{"weight":0.5131,"played":[0.0,2.0E-4,0.9998],"evs":[0.0,1.81022,1.87147]},"62s":{"weight":1.0,"played":[1.0,0.0,0.0],"evs":[0.0,-0.0944,-0.54236]},"63s":{"weight":1.0,"played":[0.0,1.0,0.0],"evs":[0.0,0.10751,-0.32134]},"64s":{"weight":0.9327,"played":[0.0,1.0,0.0],"evs":[0.0,0.3116,-0.10409]},"65s":{"weight":0.0,"played":[0.0,1.0,0.0],"evs":[0.0,0.50031,0.10472]},"66":{"weight":1.0,"played":[0.0,1.0,0.0],"evs":[0.0,1.46538,1.33369]},"76o":{"weight":1.0,"played":[0.2355,0.7645,0.0],"evs":[0.0,-6.0E-5,-0.31543]},"86o":{"weight":1.0,"played":[1.0,0.0,0.0],"evs":[0.0,-0.06462,-0.32463]},"96o":{"weight":1.0,"played":[1.0,0.0,0.0],"evs":[0.0,-0.08108,-0.30453]},"T6o":{"weight":1.0,"played":[1.0,0.0,0.0],"evs":[0.0,-0.09413,-0.28043]},"J6o":{"weight":1.0,"played":[1.0,0.0,0.0],"evs":[0.0,-0.07809,-0.24458]},"Q6o":{"weight":1.0,"played":[0.0,0.9942,0.0058],"evs":[0.0,0.06501,0.03739]},"K6o":{"weight":0.0,"played":[0.0,0.0,1.0],"evs":[0.0,0.53267,0.59932]},"A6o":{"weight":0.3452,"played":[0.0,0.0,1.0],"evs":[0.0,1.63023,1.82174]},"72s":{"weight":1.0,"played":[1.0,0.0,0.0],"evs":[0.0,-0.29028,-0.68744]},"73s":{"weight":1.0,"played":[1.0,0.0,0.0],"evs":[0.0,-0.10039,-0.45442]},"74s":{"weight":1.0,"played":[0.0,1.0,0.0],"evs":[0.0,0.08415,-0.22514]},"75s":{"weight":0.0,"played":[0.0,1.0,0.0],"evs":[0.0,0.30303,-0.01429]},"76s":{"weight":0.0,"played":[0.0,1.0,0.0],"evs":[0.0,0.52147,0.26975]},"77":{"weight":1.0,"played":[0.0,0.9999,1.0E-4],"evs":[0.0,1.81137,1.74133]},"87o":{"weight":1.0,"played":[0.2963,0.7037,0.0],"evs":[0.0,3.8E-4,-0.13779]},"97o":{"weight":1.0,"played":[0.3324,0.6676,0.0],"evs":[0.0,5.3E-4,-0.10766]},"T7o":{"weight":1.0,"played":[0.5059,0.4941,0.0],"evs":[0.0,-7.5E-4,-0.07141]},"J7o":{"weight":1.0,"played":[0.0486,0.9514,0.0],"evs":[0.0,0.00292,-0.01668]},"Q7o":{"weight":1.0,"played":[0.0,0.5258,0.4742],"evs":[0.0,0.07417,0.07283]},"K7o":{"weight":0.0,"played":[0.0,1.0E-4,0.9999],"evs":[0.0,0.6148,0.66945]},"A7o":{"weight":0.1241,"played":[0.0,0.0,1.0],"evs":[0.0,1.77476,1.96887]},"82s":{"weight":1.0,"played":[1.0,0.0,0.0],"evs":[0.0,-0.16504,-0.4635]},"83s":{"weight":1.0,"played":[1.0,0.0,0.0],"evs":[0.0,-0.16129,-0.4604]},"84s":{"weight":1.0,"played":[0.0102,0.9898,0.0],"evs":[0.0,0.00713,-0.24123]},"85s":{"weight":0.8874,"played":[0.0,1.0,0.0],"evs":[0.0,0.20897,-0.02026]},"86s":{"weight":0.0,"played":[0.0,1.0,0.0],"evs":[0.0,0.46571,0.24623]},"87s":{"weight":0.7515,"played":[0.0,1.0,0.0],"evs":[0.0,0.52434,0.42851]},"88":{"weight":1.0,"played":[0.0,1.0,0.0],"evs":[0.0,2.50873,2.46819]},"98o":{"weight":1.0,"played":[0.0,1.0,0.0],"evs":[0.0,0.2156,0.18364]},"T8o":{"weight":1.0,"played":[0.0,0.996,0.004],"evs":[0.0,0.24679,0.232]},"J8o":{"weight":1.0,"played":[0.0,0.8298,0.1702],"evs":[0.0,0.28413,0.28195]},"Q8o":{"weight":1.0,"played":[0.0,0.6797,0.3203],"evs":[0.0,0.3384,0.33645]},"K8o":{"weight":0.0,"played":[0.0,1.0E-4,0.9999],"evs":[0.0,0.73322,0.80606]},"A8o":{"weight":0.0,"played":[0.0,0.0,1.0],"evs":[0.0,1.90478,2.19146]},"92s":{"weight":1.0,"played":[1.0,0.0,0.0],"evs":[0.0,-0.00944,-0.27633]},"93s":{"weight":1.0,"played":[0.6946,0.3054,0.0],"evs":[0.0,-0.00297,-0.2292]},"94s":{"weight":1.0,"played":[0.2221,0.7779,0.0],"evs":[0.0,0.0,-0.22441]},"95s":{"weight":1.0,"played":[0.0,1.0,0.0],"evs":[0.0,0.18262,-0.01292]},"96s":{"weight":0.1407,"played":[0.0,1.0,0.0],"evs":[0.0,0.44527,0.27872]},"97s":{"weight":0.9981,"played":[0.0,1.0,0.0],"evs":[0.0,0.54451,0.4702]},"98s":{"weight":1.0,"played":[0.0,0.9814,0.0186],"evs":[0.0,0.74369,0.7318]},"99":{"weight":1.0,"played":[0.0,1.0,0.0],"evs":[0.0,3.42012,3.32178]},"T9o":{"weight":1.0,"played":[0.0,0.8798,0.1202],"evs":[0.0,0.57011,0.56873]},"J9o":{"weight":1.0,"played":[0.0,1.0,0.0],"evs":[0.0,0.62793,0.59375]},"Q9o":{"weight":0.6436,"played":[0.0,0.9987,0.0013],"evs":[0.0,0.72339,0.70425]},"K9o":{"weight":0.7381,"played":[0.0,0.0,1.0],"evs":[0.0,1.15378,1.26207]},"A9o":{"weight":0.0,"played":[0.0,0.0,1.0],"evs":[0.0,2.10356,2.48095]},"T2s":{"weight":1.0,"played":[0.0,1.0,0.0],"evs":[0.0,0.13857,-0.08822]},"T3s":{"weight":1.0,"played":[0.0,1.0,0.0],"evs":[0.0,0.13461,-0.03757]},"T4s":{"weight":1.0,"played":[0.0,1.0,0.0],"evs":[0.0,0.14114,3.2E-4]},"T5s":{"weight":1.0,"played":[0.0,1.0,0.0],"evs":[0.0,0.18467,0.01519]},"T6s":{"weight":0.9999,"played":[0.0,1.0,0.0],"evs":[0.0,0.42464,0.29284]},"T7s":{"weight":0.2677,"played":[0.0,0.9981,0.0019],"evs":[0.0,0.53702,0.49277]},"T8s":{"weight":1.0,"played":[0.0,0.9695,0.0305],"evs":[0.0,0.78677,0.77997]},"T9s":{"weight":1.0,"played":[0.0,0.9062,0.0938],"evs":[0.0,1.11774,1.10778]},"TT":{"weight":1.0,"played":[0.0,1.0,0.0],"evs":[0.0,4.56885,4.25704]},"JTo":{"weight":0.5311,"played":[0.0,1.0,0.0],"evs":[0.0,1.02691,0.95853]},"QTo":{"weight":1.0,"played":[0.0,0.9592,0.0408],"evs":[0.0,1.21134,1.20225]},"KTo":{"weight":1.0,"played":[0.0,0.0,1.0],"evs":[0.0,1.70308,1.8083]},"ATo":{"weight":0.4874,"played":[0.0,0.0,1.0],"evs":[0.0,2.51837,2.90375]},"J2s":{"weight":1.0,"played":[0.0,1.0,0.0],"evs":[0.0,0.29249,0.12074]},"J3s":{"weight":1.0,"played":[0.0,1.0,0.0],"evs":[0.0,0.31486,0.16251]},"J4s":{"weight":1.0,"played":[0.0,1.0,0.0],"evs":[0.0,0.33444,0.20529]},"J5s":{"weight":1.0,"played":[0.0,1.0,0.0],"evs":[0.0,0.37967,0.26525]},"J6s":{"weight":1.0,"played":[0.0,1.0,0.0],"evs":[0.0,0.46109,0.34823]},"J7s":{"weight":0.4697,"played":[0.0,0.9796,0.0204],"evs":[0.0,0.56481,0.55851]},"J8s":{"weight":1.0,"played":[0.0,0.9971,0.0029],"evs":[0.0,0.86195,0.84294]},"J9s":{"weight":1.0,"played":[0.0,1.0,0.0],"evs":[0.0,1.21331,1.14725]},"JTs":{"weight":1.0,"played":[0.0,1.0,0.0],"evs":[0.0,1.60871,1.4946]},"JJ":{"weight":1.0,"played":[0.0,1.0,0.0],"evs":[0.0,5.81311,5.13028]},"QJo":{"weight":0.3805,"played":[0.0,0.9936,0.0064],"evs":[0.0,1.52877,1.50592]},"KJo":{"weight":1.0,"played":[0.0,0.0,1.0],"evs":[0.0,2.05313,2.10913]},"AJo":{"weight":1.0,"played":[0.0,0.0,1.0],"evs":[0.0,2.78419,3.1362]},"Q2s":{"weight":1.0,"played":[0.0,1.0,0.0],"evs":[0.0,0.47078,0.33867]},"Q3s":{"weight":1.0,"played":[0.0,1.0,0.0],"evs":[0.0,0.52619,0.38892]},"Q4s":{"weight":0.9999,"played":[0.0,1.0,0.0],"evs":[0.0,0.56481,0.43619]},"Q5s":{"weight":2.0E-4,"played":[0.0,0.9998,2.0E-4],"evs":[0.0,0.57488,0.49265]},"Q6s":{"weight":0.0,"played":[0.0,1.0,0.0],"evs":[0.0,0.64421,0.62053]},"Q7s":{"weight":0.9999,"played":[0.0,0.9999,1.0E-4],"evs":[0.0,0.67661,0.63754]},"Q8s":{"weight":1.0,"played":[0.0,1.0,0.0],"evs":[0.0,0.97196,0.90231]},"Q9s":{"weight":1.0,"played":[0.0,1.0,0.0],"evs":[0.0,1.34667,1.24646]},"QTs":{"weight":1.0,"played":[0.0,1.0,0.0],"evs":[0.0,1.82878,1.72507]},"QJs":{"weight":1.0,"played":[0.0,1.0,0.0],"evs":[0.0,2.12693,2.01115]},"QQ":{"weight":1.0,"played":[0.0,1.0,0.0],"evs":[0.0,7.36468,6.23495]},"KQo":{"weight":1.0,"played":[0.0,0.0,1.0],"evs":[0.0,2.71495,2.92573]},"AQo":{"weight":1.0,"played":[0.0,0.0,1.0],"evs":[0.0,3.29208,3.76729]},"K2s":{"weight":6.0E-4,"played":[0.0,0.9998,2.0E-4],"evs":[0.0,0.91519,0.89377]},"K3s":{"weight":0.0,"played":[0.0,1.0,0.0],"evs":[0.0,0.98708,0.93731]},"K4s":{"weight":0.0,"played":[0.0,0.9999,1.0E-4],"evs":[0.0,1.07885,0.9877]},"K5s":{"weight":1.0,"played":[0.0,1.0,0.0],"evs":[0.0,1.10439,1.04136]},"K6s":{"weight":1.0,"played":[0.0,0.4819,0.5181],"evs":[0.0,1.1676,1.16567]},"K7s":{"weight":1.0,"played":[0.0,1.0,0.0],"evs":[0.0,1.2623,1.22902]},"K8s":{"weight":1.0,"played":[0.0,0.9992,8.0E-4],"evs":[0.0,1.38848,1.36719]},"K9s":{"weight":1.0,"played":[0.0,0.5542,0.4458],"evs":[0.0,1.78448,1.78317]},"KTs":{"weight":1.0,"played":[0.0,0.9217,0.0783],"evs":[0.0,2.29838,2.29518]},"KJs":{"weight":1.0,"played":[0.0,1.0,0.0],"evs":[0.0,2.62986,2.57782]},"KQs":{"weight":1.0,"played":[0.0,0.0,1.0],"evs":[0.0,3.25972,3.34347]},"KK":{"weight":1.0,"played":[0.0,1.0,0.0],"evs":[0.0,8.8141,7.46733]},"AKo":{"weight":1.0,"played":[0.0,0.0,1.0],"evs":[0.0,3.6726,4.21021]},"A2s":{"weight":0.8169,"played":[0.0,0.0,1.0],"evs":[0.0,2.11559,2.25536]},"A3s":{"weight":1.0,"played":[0.0,0.0,1.0],"evs":[0.0,2.21371,2.2878]},"A4s":{"weight":1.0,"played":[0.0,0.0,1.0],"evs":[0.0,2.3237,2.33122]},"A5s":{"weight":1.0,"played":[0.0,0.9556,0.0444],"evs":[0.0,2.39282,2.39274]},"A6s":{"weight":1.0,"played":[0.0,0.0,1.0],"evs":[0.0,2.2297,2.34848]},"A7s":{"weight":1.0,"played":[0.0,0.0,1.0],"evs":[0.0,2.36797,2.48063]},"A8s":{"weight":1.0,"played":[0.0,0.0,1.0],"evs":[0.0,2.50553,2.67878]},"A9s":{"weight":1.0,"played":[0.0,0.0,1.0],"evs":[0.0,2.68974,2.95275]},"ATs":{"weight":1.0,"played":[0.0,0.0,1.0],"evs":[0.0,3.08655,3.34932]},"AJs":{"weight":1.0,"played":[0.0,0.0,1.0],"evs":[0.0,3.33306,3.56541]},"AQs":{"weight":1.0,"played":[0.0,0.0,1.0],"evs":[0.0,3.80354,4.13109]},"AKs":{"weight":1.0,"played":[0.0,0.0,1.0],"evs":[0.0,4.16429,4.55023]},"AA":{"weight":1.0,"played":[0.0,1.0,0.0],"evs":[0.0,9.62725,8.45768]}}}