{"player":1,"street":0,"children":2,"sequence":[{"player":0,"type":"C","amount":5000,"street":0},{"player":1,"type":"R","amount":35000,"street":0},{"player":0,"type":"R","amount":150000,"street":0}],"actions":[{"type":"F","amount":0},{"type":"C","amount":115000}],"hands":{"22":{"weight":0.0,"played":[0.0,1.0],"evs":[0.0,4.38961]},"32o":{"weight":0.001,"played":[1.0,0.0],"evs":[0.0,-1.2884]},"42o":{"weight":1.0E-4,"played":[1.0,0.0],"evs":[0.0,-1.13932]},"52o":{"weight":0.0746,"played":[1.0,0.0],"evs":[0.0,-1.06819]},"62o":{"weight":0.26,"played":[1.0,0.0],"evs":[0.0,-1.44693]},"72o":{"weight":0.1685,"played":[1.0,0.0],"evs":[0.0,-1.7653]},"82o":{"weight":0.3186,"played":[1.0,0.0],"evs":[0.0,-1.60256]},"92o":{"weight":0.3533,"played":[1.0,0.0],"evs":[0.0,-1.68804]},"T2o":{"weight":0.3303,"played":[1.0,0.0],"evs":[0.0,-1.75022]},"J2o":{"weight":0.0037,"played":[1.0,0.0],"evs":[0.0,-1.65677]},"Q2o":{"weight":0.0,"played":[1.0,0.0],"evs":[0.0,-1.49313]},"K2o":{"weight":0.0,"played":[1.0,0.0],"evs":[0.0,-1.20098]},"A2o":{"weight":0.0,"played":[0.0,1.0],"evs":[0.0,2.25513]},"32s":{"weight":0.0,"played":[1.0,0.0],"evs":[0.0,-0.15264]},"33":{"weight":0.0,"played":[0.0,1.0],"evs":[0.0,4.74471]},"43o":{"weight":0.0,"played":[1.0,0.0],"evs":[0.0,-0.69649]},"53o":{"weight":0.0,"played":[1.0,0.0],"evs":[0.0,-0.60567]},"63o":{"weight":1.0E-4,"played":[1.0,0.0],"evs":[0.0,-0.97802]},"73o":{"weight":0.4149,"played":[1.0,0.0],"evs":[0.0,-1.30472]},"83o":{"weight":0.0777,"played":[1.0,0.0],"evs":[0.0,-1.56916]},"93o":{"weight":0.273,"played":[1.0,0.0],"evs":[0.0,-1.55534]},"T3o":{"weight":0.2294,"played":[1.0,0.0],"evs":[0.0,-1.5975]},"J3o":{"weight":0.6108,"played":[1.0,0.0],"evs":[0.0,-1.51427]},"Q3o":{"weight":0.0096,"played":[1.0,0.0],"evs":[0.0,-1.35263]},"K3o":{"weight":0.0,"played":[1.0,0.0],"evs":[0.0,-1.06788]},"A3o":{"weight":0.0,"played":[0.0,1.0],"evs":[0.0,2.37188]},"42s":{"weight":0.0,"played":[0.9997,3.0E-4],"evs":[0.0,-0.02639]},"43s":{"weight":0.0,"played":[0.0,1.0],"evs":[0.0,0.40749]},"44":{"weight":0.0,"played":[0.0,1.0],"evs":[0.0,5.04968]},"54o":{"weight":0.0,"played":[1.0,0.0],"evs":[0.0,-0.15794]},"64o":{"weight":0.0,"played":[1.0,0.0],"evs":[0.0,-0.50928]},"74o":{"weight":0.0,"played":[1.0,0.0],"evs":[0.0,-0.84542]},"84o":{"weight":0.3692,"played":[1.0,0.0],"evs":[0.0,-1.12112]},"94o":{"weight":0.0869,"played":[1.0,0.0],"evs":[0.0,-1.5221]},"T4o":{"weight":0.2391,"played":[1.0,0.0],"evs":[0.0,-1.48569]},"J4o":{"weight":0.6569,"played":[1.0,0.0],"evs":[0.0,-1.39199]},"Q4o":{"weight":0.3155,"played":[1.0,0.0],"evs":[0.0,-1.22848]},"K4o":{"weight":0.0206,"played":[1.0,0.0],"evs":[0.0,-0.92367]},"A4o":{"weight":0.0,"played":[0.0,1.0],"evs":[0.0,2.49365]},"52s":{"weight":0.0,"played":[0.0016,0.9984],"evs":[0.0,0.03947]},"53s":{"weight":0.0,"played":[0.0,1.0],"evs":[0.0,0.45639]},"54s":{"weight":0.0,"played":[0.0,1.0],"evs":[0.0,0.88661]},"55":{"weight":1.0E-4,"played":[0.0,1.0],"evs":[0.0,5.42108]},"65o":{"weight":0.0,"played":[1.0,0.0],"evs":[0.0,-0.12704]},"75o":{"weight":0.0,"played":[1.0,0.0],"evs":[0.0,-0.44943]},"85o":{"weight":0.0929,"played":[1.0,0.0],"evs":[0.0,-0.7074]},"95o":{"weight":0.3047,"played":[1.0,0.0],"evs":[0.0,-1.13032]},"T5o":{"weight":0.4363,"played":[1.0,0.0],"evs":[0.0,-1.51502]},"J5o":{"weight":0.0872,"played":[1.0,0.0],"evs":[0.0,-1.34248]},"Q5o":{"weight":1.0E-4,"played":[1.0,0.0],"evs":[0.0,-1.17319]},"K5o":{"weight":0.5879,"played":[1.0,0.0],"evs":[0.0,-0.84343]},"A5o":{"weight":0.0,"played":[0.0,1.0],"evs":[0.0,2.71526]},"62s":{"weight":0.0,"played":[1.0,0.0],"evs":[0.0,-0.32165]},"63s":{"weight":0.0,"played":[0.0,1.0],"evs":[0.0,0.15233]},"64s":{"weight":0.0,"played":[0.0,1.0],"evs":[0.0,0.56091]},"65s":{"weight":0.1595,"played":[0.0,1.0],"evs":[0.0,0.9174]},"66":{"weight":0.4249,"played":[0.0,1.0],"evs":[0.0,5.76941]},"76o":{"weight":0.0,"played":[1.0,0.0],"evs":[0.0,-0.06883]},"86o":{"weight":0.0,"played":[1.0,0.0],"evs":[0.0,-0.33434]},"96o":{"weight":0.1554,"played":[1.0,0.0],"evs":[0.0,-0.73077]},"T6o":{"weight":0.2842,"played":[1.0,0.0],"evs":[0.0,-1.10426]},"J6o":{"weight":0.0695,"played":[1.0,0.0],"evs":[0.0,-1.36556]},"Q6o":{"weight":9.0E-4,"played":[1.0,0.0],"evs":[0.0,-1.10338]},"K6o":{"weight":0.0334,"played":[1.0,0.0],"evs":[0.0,-0.70719]},"A6o":{"weight":0.0,"played":[0.0,1.0],"evs":[0.0,2.73801]},"72s":{"weight":0.0,"played":[1.0,0.0],"evs":[0.0,-0.62002]},"73s":{"weight":0.0,"played":[1.0,0.0],"evs":[0.0,-0.18097]},"74s":{"weight":0.0,"played":[0.0,1.0],"evs":[0.0,0.25424]},"75s":{"weight":0.0,"played":[0.0,1.0],"evs":[0.0,0.60622]},"76s":{"weight":0.3899,"played":[0.0,1.0],"evs":[0.0,0.98962]},"77":{"weight":1.0,"played":[0.0,1.0],"evs":[0.0,6.16834]},"87o":{"weight":0.0,"played":[0.9949,0.0051],"evs":[0.0,-0.03025]},"97o":{"weight":0.0,"played":[1.0,0.0],"evs":[0.0,-0.38583]},"T7o":{"weight":0.0666,"played":[1.0,0.0],"evs":[0.0,-0.73958]},"J7o":{"weight":0.1632,"played":[1.0,0.0],"evs":[0.0,-0.97403]},"Q7o":{"weight":0.6175,"played":[1.0,0.0],"evs":[0.0,-0.97574]},"K7o":{"weight":0.0587,"played":[1.0,0.0],"evs":[0.0,-0.48986]},"A7o":{"weight":0.0,"played":[0.0,1.0],"evs":[0.0,3.26898]},"82s":{"weight":0.0,"played":[1.0,0.0],"evs":[0.0,-0.47017]},"83s":{"weight":0.0,"played":[1.0,0.0],"evs":[0.0,-0.4073]},"84s":{"weight":0.0,"played":[0.4526,0.5474],"evs":[0.0,0.01308]},"85s":{"weight":0.0,"played":[0.0,1.0],"evs":[0.0,0.35875]},"86s":{"weight":0.0,"played":[0.0,1.0],"evs":[0.0,0.7049]},"87s":{"weight":0.4855,"played":[0.0,1.0],"evs":[0.0,1.01172]},"88":{"weight":1.0,"played":[0.0,1.0],"evs":[0.0,6.5848]},"98o":{"weight":0.0,"played":[0.9993,7.0E-4],"evs":[0.0,-0.05979]},"T8o":{"weight":0.0,"played":[1.0,0.0],"evs":[0.0,-0.33936]},"J8o":{"weight":0.2725,"played":[1.0,0.0],"evs":[0.0,-0.50515]},"Q8o":{"weight":0.2502,"played":[1.0,0.0],"evs":[0.0,-0.35982]},"K8o":{"weight":0.0117,"played":[1.0,0.0],"evs":[0.0,-0.44373]},"A8o":{"weight":0.0,"played":[0.0,1.0],"evs":[0.0,3.68136]},"92s":{"weight":0.0,"played":[1.0,0.0],"evs":[0.0,-0.54524]},"93s":{"weight":0.0,"played":[1.0,0.0],"evs":[0.0,-0.40803]},"94s":{"weight":0.0,"played":[1.0,0.0],"evs":[0.0,-0.36561]},"95s":{"weight":0.0,"played":[0.9739,0.0261],"evs":[0.0,-0.00604]},"96s":{"weight":0.0,"played":[0.0,1.0],"evs":[0.0,0.37257]},"97s":{"weight":0.0,"played":[0.0,1.0],"evs":[0.0,0.68877]},"98s":{"weight":0.5375,"played":[0.0,1.0],"evs":[0.0,1.00961]},"99":{"weight":1.0,"played":[0.0,1.0],"evs":[0.0,7.12315]},"T9o":{"weight":0.0,"played":[0.0662,0.9338],"evs":[0.0,0.00921]},"J9o":{"weight":0.0102,"played":[0.9997,3.0E-4],"evs":[0.0,-0.18593]},"Q9o":{"weight":0.1314,"played":[0.9928,0.0072],"evs":[0.0,-0.0463]},"K9o":{"weight":0.0,"played":[0.0,1.0],"evs":[0.0,0.08997]},"A9o":{"weight":0.0,"played":[0.0,1.0],"evs":[0.0,4.23228]},"T2s":{"weight":0.0,"played":[1.0,0.0],"evs":[0.0,-0.58296]},"T3s":{"weight":0.0,"played":[1.0,0.0],"evs":[0.0,-0.45818]},"T4s":{"weight":0.0,"played":[1.0,0.0],"evs":[0.0,-0.32325]},"T5s":{"weight":0.0,"played":[1.0,0.0],"evs":[0.0,-0.38387]},"T6s":{"weight":0.0,"played":[0.762,0.238],"evs":[0.0,-0.00633]},"T7s":{"weight":0.0,"played":[0.0,1.0],"evs":[0.0,0.3496]},"T8s":{"weight":0.0,"played":[0.0,1.0],"evs":[0.0,0.73055]},"T9s":{"weight":0.7884,"played":[0.0,1.0],"evs":[0.0,1.06554]},"TT":{"weight":1.0,"played":[0.0,1.0],"evs":[0.0,8.04311]},"JTo":{"weight":0.0,"played":[0.0,1.0],"evs":[0.0,0.24043]},"QTo":{"weight":0.0237,"played":[0.0,1.0],"evs":[0.0,0.4291]},"KTo":{"weight":0.0,"played":[0.0,1.0],"evs":[0.0,1.21297]},"ATo":{"weight":0.0,"played":[0.0,1.0],"evs":[0.0,5.29904]},"J2s":{"weight":0.0,"played":[1.0,0.0],"evs":[0.0,-0.48343]},"J3s":{"weight":0.0,"played":[1.0,0.0],"evs":[0.0,-0.38411]},"J4s":{"weight":0.0,"played":[1.0,0.0],"evs":[0.0,-0.24797]},"J5s":{"weight":0.0,"played":[1.0,0.0],"evs":[0.0,-0.21875]},"J6s":{"weight":0.0,"played":[0.9999,1.0E-4],"evs":[0.0,-0.21794]},"J7s":{"weight":0.0,"played":[0.0,1.0],"evs":[0.0,0.12822]},"J8s":{"weight":0.0,"played":[0.0,1.0],"evs":[0.0,0.56823]},"J9s":{"weight":0.0064,"played":[0.0,1.0],"evs":[0.0,0.87777]},"JTs":{"weight":0.3881,"played":[0.0,1.0],"evs":[0.0,1.28754]},"JJ":{"weight":1.0,"played":[0.0,1.0],"evs":[0.0,8.89619]},"QJo":{"weight":0.0013,"played":[0.0,1.0],"evs":[0.0,0.44703]},"KJo":{"weight":0.0,"played":[0.0,1.0],"evs":[0.0,2.0563]},"AJo":{"weight":0.0,"played":[0.0,1.0],"evs":[0.0,6.42594]},"Q2s":{"weight":0.0,"played":[1.0,0.0],"evs":[0.0,-0.35063]},"Q3s":{"weight":0.0,"played":[0.9997,3.0E-4],"evs":[0.0,-0.21818]},"Q4s":{"weight":0.0,"played":[0.9985,0.0015],"evs":[0.0,-0.08291]},"Q5s":{"weight":0.0,"played":[0.9928,0.0072],"evs":[0.0,-0.03725]},"Q6s":{"weight":0.0,"played":[0.0204,0.9796],"evs":[0.0,0.0478]},"Q7s":{"weight":0.0,"played":[0.0,1.0],"evs":[0.0,0.13873]},"Q8s":{"weight":0.0,"played":[0.0,1.0],"evs":[0.0,0.71618]},"Q9s":{"weight":0.5456,"played":[0.0,1.0],"evs":[0.0,0.98853]},"QTs":{"weight":0.9982,"played":[0.0,1.0],"evs":[0.0,1.43343]},"QJs":{"weight":0.9767,"played":[0.0,1.0],"evs":[0.0,1.46566]},"QQ":{"weight":1.0,"played":[0.0,1.0],"evs":[0.0,10.0455]},"KQo":{"weight":1.0,"played":[0.0,1.0],"evs":[0.0,3.31596]},"AQo":{"weight":0.0,"played":[0.0,1.0],"evs":[0.0,8.10378]},"K2s":{"weight":0.0,"played":[0.9998,2.0E-4],"evs":[0.0,-0.07367]},"K3s":{"weight":0.0,"played":[0.0,1.0],"evs":[0.0,0.07286]},"K4s":{"weight":0.0,"played":[0.0,1.0],"evs":[0.0,0.19847]},"K5s":{"weight":0.0,"played":[0.0,1.0],"evs":[0.0,0.27782]},"K6s":{"weight":0.0,"played":[0.0,1.0],"evs":[0.0,0.39922]},"K7s":{"weight":0.0,"played":[0.0,1.0],"evs":[0.0,0.58401]},"K8s":{"weight":0.156,"played":[0.0,1.0],"evs":[0.0,0.63819]},"K9s":{"weight":1.0,"played":[0.0,1.0],"evs":[0.0,1.13079]},"KTs":{"weight":1.0,"played":[0.0,1.0],"evs":[0.0,2.16185]},"KJs":{"weight":1.0,"played":[0.0,1.0],"evs":[0.0,2.95543]},"KQs":{"weight":1.0,"played":[0.0,1.0],"evs":[0.0,4.13948]},"KK":{"weight":1.0,"played":[0.0,1.0],"evs":[0.0,11.98403]},"AKo":{"weight":0.0,"played":[0.0,1.0],"evs":[0.0,10.31097]},"A2s":{"weight":0.0,"played":[0.0,1.0],"evs":[0.0,3.22735]},"A3s":{"weight":0.0,"played":[0.0,1.0],"evs":[0.0,3.31056]},"A4s":{"weight":0.0037,"played":[0.0,1.0],"evs":[0.0,3.43516]},"A5s":{"weight":0.3898,"played":[0.0,1.0],"evs":[0.0,3.60633]},"A6s":{"weight":0.0,"played":[0.0,1.0],"evs":[0.0,3.65025]},"A7s":{"weight":2.0E-4,"played":[0.0,1.0],"evs":[0.0,4.13564]},"A8s":{"weight":0.4264,"played":[0.0,1.0],"evs":[0.0,4.5299]},"A9s":{"weight":0.0118,"played":[0.0,1.0],"evs":[0.0,5.03708]},"ATs":{"weight":0.0511,"played":[0.0,1.0],"evs":[0.0,6.00669]},"AJs":{"weight":0.9997,"played":[0.0,1.0],"evs":[0.0,7.0763]},"AQs":{"weight":1.0,"played":[0.0,1.0],"evs":[0.0,8.6501]},"AKs":{"weight":1.0,"played":[0.0,1.0],"evs":[0.0,10.67824]},"AA":{"weight":1.0,"played":[0.0,1.0],"evs":[0.0,15.75045]}}}