{"player":1,"street":0,"children":2,"sequence":[{"player":0,"type":"C","amount":5000,"street":0},{"player":1,"type":"R","amount":35000,"street":0},{"player":0,"type":"R","amount":150000,"street":0}],"actions":[{"type":"F","amount":0},{"type":"C","amount":115000}],"hands":{"22":{"weight":0.0,"played":[0.0,1.0],"evs":[0.0,4.20209]},"32o":{"weight":0.3882,"played":[1.0,0.0],"evs":[0.0,-1.51742]},"42o":{"weight":0.1489,"played":[1.0,0.0],"evs":[0.0,-1.33184]},"52o":{"weight":0.2138,"played":[1.0,0.0],"evs":[0.0,-1.18316]},"62o":{"weight":0.2439,"played":[1.0,0.0],"evs":[0.0,-1.53558]},"72o":{"weight":0.0719,"played":[1.0,0.0],"evs":[0.0,-1.83274]},"82o":{"weight":0.1909,"played":[1.0,0.0],"evs":[0.0,-1.7536]},"92o":{"weight":0.2805,"played":[1.0,0.0],"evs":[0.0,-1.78265]},"T2o":{"weight":0.0476,"played":[1.0,0.0],"evs":[0.0,-1.88124]},"J2o":{"weight":0.3469,"played":[1.0,0.0],"evs":[0.0,-1.8859]},"Q2o":{"weight":0.0032,"played":[1.0,0.0],"evs":[0.0,-1.69175]},"K2o":{"weight":0.0,"played":[1.0,0.0],"evs":[0.0,-1.3431]},"A2o":{"weight":0.0,"played":[0.0,1.0],"evs":[0.0,2.25558]},"32s":{"weight":0.0,"played":[1.0,0.0],"evs":[0.0,-0.38062]},"33":{"weight":0.0,"played":[0.0,1.0],"evs":[0.0,4.5741]},"43o":{"weight":0.0,"played":[1.0,0.0],"evs":[0.0,-0.80648]},"53o":{"weight":0.0,"played":[1.0,0.0],"evs":[0.0,-0.6342]},"63o":{"weight":9.0E-4,"played":[1.0,0.0],"evs":[0.0,-0.99222]},"73o":{"weight":0.3531,"played":[1.0,0.0],"evs":[0.0,-1.31632]},"83o":{"weight":6.0E-4,"played":[1.0,0.0],"evs":[0.0,-1.62218]},"93o":{"weight":0.0906,"played":[1.0,0.0],"evs":[0.0,-1.55134]},"T3o":{"weight":0.4274,"played":[1.0,0.0],"evs":[0.0,-1.59013]},"J3o":{"weight":0.3606,"played":[1.0,0.0],"evs":[0.0,-1.64753]},"Q3o":{"weight":0.051,"played":[1.0,0.0],"evs":[0.0,-1.46611]},"K3o":{"weight":0.0,"played":[1.0,0.0],"evs":[0.0,-1.1571]},"A3o":{"weight":0.0,"played":[0.0,1.0],"evs":[0.0,2.36814]},"42s":{"weight":0.0,"played":[1.0,0.0],"evs":[0.0,-0.23147]},"43s":{"weight":0.0,"played":[0.0014,0.9986],"evs":[0.0,0.3117]},"44":{"weight":0.0,"played":[0.0,1.0],"evs":[0.0,4.90223]},"54o":{"weight":0.0,"played":[1.0,0.0],"evs":[0.0,-0.18639]},"64o":{"weight":0.0,"played":[1.0,0.0],"evs":[0.0,-0.47165]},"74o":{"weight":1.0E-4,"played":[1.0,0.0],"evs":[0.0,-0.79629]},"84o":{"weight":0.3193,"played":[1.0,0.0],"evs":[0.0,-1.13423]},"94o":{"weight":0.0026,"played":[1.0,0.0],"evs":[0.0,-1.46408]},"T4o":{"weight":0.3116,"played":[1.0,0.0],"evs":[0.0,-1.46871]},"J4o":{"weight":0.3843,"played":[1.0,0.0],"evs":[0.0,-1.4999]},"Q4o":{"weight":0.1884,"played":[1.0,0.0],"evs":[0.0,-1.293]},"K4o":{"weight":0.1437,"played":[1.0,0.0],"evs":[0.0,-0.98219]},"A4o":{"weight":0.0,"played":[0.0,1.0],"evs":[0.0,2.47553]},"52s":{"weight":0.0,"played":[0.9978,0.0022],"evs":[0.0,-0.12191]},"53s":{"weight":0.0,"played":[1.0E-4,0.9999],"evs":[0.0,0.43589]},"54s":{"weight":0.0,"played":[0.0,1.0],"evs":[0.0,0.84865]},"55":{"weight":1.0E-4,"played":[0.0,1.0],"evs":[0.0,5.41132]},"65o":{"weight":0.0,"played":[0.9959,0.0041],"evs":[0.0,-0.05377]},"75o":{"weight":0.0,"played":[1.0,0.0],"evs":[0.0,-0.37163]},"85o":{"weight":0.1318,"played":[1.0,0.0],"evs":[0.0,-0.689]},"95o":{"weight":0.5244,"played":[1.0,0.0],"evs":[0.0,-1.05094]},"T5o":{"weight":0.3031,"played":[1.0,0.0],"evs":[0.0,-1.44829]},"J5o":{"weight":0.1828,"played":[1.0,0.0],"evs":[0.0,-1.35393]},"Q5o":{"weight":0.0285,"played":[1.0,0.0],"evs":[0.0,-1.17401]},"K5o":{"weight":0.3549,"played":[1.0,0.0],"evs":[0.0,-0.84989]},"A5o":{"weight":0.0,"played":[0.0,1.0],"evs":[0.0,2.67335]},"62s":{"weight":0.0,"played":[1.0,0.0],"evs":[0.0,-0.38821]},"63s":{"weight":0.0,"played":[0.0319,0.9681],"evs":[0.0,0.15002]},"64s":{"weight":0.0,"played":[1.0E-4,0.9999],"evs":[0.0,0.57905]},"65s":{"weight":0.2252,"played":[0.0,1.0],"evs":[0.0,1.012]},"66":{"weight":0.6051,"played":[0.0,1.0],"evs":[0.0,5.83315]},"76o":{"weight":0.0,"played":[0.1225,0.8775],"evs":[0.0,0.07253]},"86o":{"weight":0.0,"played":[1.0,0.0],"evs":[0.0,-0.2366]},"96o":{"weight":0.2912,"played":[1.0,0.0],"evs":[0.0,-0.58477]},"T6o":{"weight":0.3266,"played":[1.0,0.0],"evs":[0.0,-1.00512]},"J6o":{"weight":0.0972,"played":[1.0,0.0],"evs":[0.0,-1.34533]},"Q6o":{"weight":0.076,"played":[1.0,0.0],"evs":[0.0,-1.07119]},"K6o":{"weight":0.0906,"played":[1.0,0.0],"evs":[0.0,-0.66701]},"A6o":{"weight":0.0,"played":[0.0,1.0],"evs":[0.0,2.63788]},"72s":{"weight":0.0,"played":[1.0,0.0],"evs":[0.0,-0.6723]},"73s":{"weight":0.0,"played":[1.0,0.0],"evs":[0.0,-0.14465]},"74s":{"weight":0.0,"played":[0.0,1.0],"evs":[0.0,0.29711]},"75s":{"weight":0.0059,"played":[0.0,1.0],"evs":[0.0,0.67972]},"76s":{"weight":0.1925,"played":[0.0,1.0],"evs":[0.0,1.1096]},"77":{"weight":1.0,"played":[0.0,1.0],"evs":[0.0,6.2078]},"87o":{"weight":0.0,"played":[0.1569,0.8431],"evs":[0.0,0.0516]},"97o":{"weight":2.0E-4,"played":[0.9996,4.0E-4],"evs":[0.0,-0.26631]},"T7o":{"weight":0.1441,"played":[1.0,0.0],"evs":[0.0,-0.63358]},"J7o":{"weight":0.4161,"played":[1.0,0.0],"evs":[0.0,-1.00274]},"Q7o":{"weight":0.5388,"played":[1.0,0.0],"evs":[0.0,-1.04401]},"K7o":{"weight":0.0821,"played":[1.0,0.0],"evs":[0.0,-0.55934]},"A7o":{"weight":0.0,"played":[0.0,1.0],"evs":[0.0,3.1031]},"82s":{"weight":0.0,"played":[1.0,0.0],"evs":[0.0,-0.60502]},"83s":{"weight":0.0,"played":[1.0,0.0],"evs":[0.0,-0.45622]},"84s":{"weight":0.0,"played":[0.9984,0.0016],"evs":[0.0,-0.05434]},"85s":{"weight":0.0,"played":[1.0E-4,0.9999],"evs":[0.0,0.36917]},"86s":{"weight":3.0E-4,"played":[0.0,1.0],"evs":[0.0,0.7915]},"87s":{"weight":0.3637,"played":[0.0,1.0],"evs":[0.0,1.05616]},"88":{"weight":1.0,"played":[0.0,1.0],"evs":[0.0,6.64672]},"98o":{"weight":0.0,"played":[0.9707,0.0293],"evs":[0.0,-0.04133]},"T8o":{"weight":7.0E-4,"played":[0.9998,2.0E-4],"evs":[0.0,-0.3041]},"J8o":{"weight":0.2341,"played":[1.0,0.0],"evs":[0.0,-0.61703]},"Q8o":{"weight":0.5052,"played":[1.0,0.0],"evs":[0.0,-0.46192]},"K8o":{"weight":0.0173,"played":[1.0,0.0],"evs":[0.0,-0.4539]},"A8o":{"weight":0.0,"played":[0.0,1.0],"evs":[0.0,3.54709]},"92s":{"weight":0.0,"played":[0.9999,1.0E-4],"evs":[0.0,-0.57855]},"93s":{"weight":0.0,"played":[1.0,0.0],"evs":[0.0,-0.42355]},"94s":{"weight":0.0,"played":[1.0,0.0],"evs":[0.0,-0.29532]},"95s":{"weight":0.0,"played":[0.0048,0.9952],"evs":[0.0,0.07008]},"96s":{"weight":0.0,"played":[0.0,1.0],"evs":[0.0,0.45251]},"97s":{"weight":4.0E-4,"played":[0.0,1.0],"evs":[0.0,0.77566]},"98s":{"weight":0.9967,"played":[0.0,1.0],"evs":[0.0,1.06722]},"99":{"weight":1.0,"played":[0.0,1.0],"evs":[0.0,7.21572]},"T9o":{"weight":1.0E-4,"played":[0.0098,0.9902],"evs":[0.0,0.06163]},"J9o":{"weight":0.01,"played":[0.9992,8.0E-4],"evs":[0.0,-0.23024]},"Q9o":{"weight":0.0901,"played":[0.9737,0.0263],"evs":[0.0,-0.09347]},"K9o":{"weight":0.0,"played":[8.0E-4,0.9992],"evs":[0.0,0.08217]},"A9o":{"weight":0.0,"played":[0.0,1.0],"evs":[0.0,4.05162]},"T2s":{"weight":0.0,"played":[1.0,0.0],"evs":[0.0,-0.66599]},"T3s":{"weight":0.0,"played":[1.0,0.0],"evs":[0.0,-0.45863]},"T4s":{"weight":0.0,"played":[1.0,0.0],"evs":[0.0,-0.3414]},"T5s":{"weight":0.0,"played":[1.0,0.0],"evs":[0.0,-0.33235]},"T6s":{"weight":0.0,"played":[0.004,0.996],"evs":[0.0,0.10478]},"T7s":{"weight":0.0,"played":[0.0,1.0],"evs":[0.0,0.47437]},"T8s":{"weight":0.0058,"played":[0.0,1.0],"evs":[0.0,0.74879]},"T9s":{"weight":0.9927,"played":[0.0,1.0],"evs":[0.0,1.08589]},"TT":{"weight":1.0,"played":[0.0,1.0],"evs":[0.0,8.07448]},"JTo":{"weight":0.0,"played":[0.0,1.0],"evs":[0.0,0.20696]},"QTo":{"weight":0.026,"played":[0.0,1.0],"evs":[0.0,0.32642]},"KTo":{"weight":0.0,"played":[0.0,1.0],"evs":[0.0,1.15397]},"ATo":{"weight":0.0,"played":[0.0,1.0],"evs":[0.0,5.0544]},"J2s":{"weight":0.0,"played":[1.0,0.0],"evs":[0.0,-0.67741]},"J3s":{"weight":0.0,"played":[1.0,0.0],"evs":[0.0,-0.5044]},"J4s":{"weight":0.0,"played":[0.9999,1.0E-4],"evs":[0.0,-0.35224]},"J5s":{"weight":0.0,"played":[1.0,0.0],"evs":[0.0,-0.27139]},"J6s":{"weight":0.0,"played":[0.9998,2.0E-4],"evs":[0.0,-0.20656]},"J7s":{"weight":0.0,"played":[2.0E-4,0.9998],"evs":[0.0,0.15372]},"J8s":{"weight":0.0,"played":[0.0,1.0],"evs":[0.0,0.47511]},"J9s":{"weight":0.003,"played":[0.0,1.0],"evs":[0.0,0.8876]},"JTs":{"weight":0.7708,"played":[0.0,1.0],"evs":[0.0,1.24266]},"JJ":{"weight":1.0,"played":[0.0,1.0],"evs":[0.0,8.90205]},"QJo":{"weight":4.0E-4,"played":[0.0,1.0],"evs":[0.0,0.32081]},"KJo":{"weight":0.1115,"played":[0.0,1.0],"evs":[0.0,2.05704]},"AJo":{"weight":0.0,"played":[0.0,1.0],"evs":[0.0,6.15858]},"Q2s":{"weight":0.0,"played":[0.9999,1.0E-4],"evs":[0.0,-0.57945]},"Q3s":{"weight":0.0,"played":[1.0,0.0],"evs":[0.0,-0.27613]},"Q4s":{"weight":0.0,"played":[0.9991,9.0E-4],"evs":[0.0,-0.2222]},"Q5s":{"weight":0.0,"played":[0.9132,0.0868],"evs":[0.0,-0.09226]},"Q6s":{"weight":0.0,"played":[0.042,0.958],"evs":[0.0,0.03261]},"Q7s":{"weight":0.0,"played":[0.0031,0.9969],"evs":[0.0,0.09037]},"Q8s":{"weight":0.0,"played":[0.0,1.0],"evs":[0.0,0.57591]},"Q9s":{"weight":0.9458,"played":[0.0,1.0],"evs":[0.0,1.00034]},"QTs":{"weight":0.9242,"played":[0.0,1.0],"evs":[0.0,1.36758]},"QJs":{"weight":0.9987,"played":[0.0,1.0],"evs":[0.0,1.35719]},"QQ":{"weight":1.0,"played":[0.0,1.0],"evs":[0.0,10.04474]},"KQo":{"weight":1.0,"played":[0.0,1.0],"evs":[0.0,3.35893]},"AQo":{"weight":0.0,"played":[0.0,1.0],"evs":[0.0,7.80324]},"K2s":{"weight":0.0,"played":[1.0,0.0],"evs":[0.0,-0.17865]},"K3s":{"weight":0.0,"played":[0.9995,5.0E-4],"evs":[0.0,-0.04622]},"K4s":{"weight":0.0,"played":[0.0043,0.9957],"evs":[0.0,0.10523]},"K5s":{"weight":0.0,"played":[7.0E-4,0.9993],"evs":[0.0,0.23445]},"K6s":{"weight":0.0,"played":[0.0,1.0],"evs":[0.0,0.44504]},"K7s":{"weight":1.0E-4,"played":[0.0,1.0],"evs":[0.0,0.51994]},"K8s":{"weight":0.6134,"played":[0.0,1.0],"evs":[0.0,0.63135]},"K9s":{"weight":1.0,"played":[0.0,1.0],"evs":[0.0,1.12915]},"KTs":{"weight":1.0,"played":[0.0,1.0],"evs":[0.0,2.13354]},"KJs":{"weight":1.0,"played":[0.0,1.0],"evs":[0.0,2.9199]},"KQs":{"weight":1.0,"played":[0.0,1.0],"evs":[0.0,4.16023]},"KK":{"weight":1.0,"played":[0.0,1.0],"evs":[0.0,12.08606]},"AKo":{"weight":0.0,"played":[0.0,1.0],"evs":[0.0,10.11428]},"A2s":{"weight":0.0,"played":[0.0,1.0],"evs":[0.0,3.21533]},"A3s":{"weight":0.0,"played":[0.0,1.0],"evs":[0.0,3.27676]},"A4s":{"weight":0.3282,"played":[0.0,1.0],"evs":[0.0,3.41584]},"A5s":{"weight":0.8509,"played":[0.0,1.0],"evs":[0.0,3.60071]},"A6s":{"weight":0.0,"played":[0.0,1.0],"evs":[0.0,3.53383]},"A7s":{"weight":0.0655,"played":[0.0,1.0],"evs":[0.0,4.00762]},"A8s":{"weight":0.9703,"played":[0.0,1.0],"evs":[0.0,4.41425]},"A9s":{"weight":0.0341,"played":[0.0,1.0],"evs":[0.0,4.85707]},"ATs":{"weight":0.3515,"played":[0.0,1.0],"evs":[0.0,5.78255]},"AJs":{"weight":0.9998,"played":[0.0,1.0],"evs":[0.0,6.8491]},"AQs":{"weight":1.0,"played":[0.0,1.0],"evs":[0.0,8.37295]},"AKs":{"weight":1.0,"played":[0.0,1.0],"evs":[0.0,10.51451]},"AA":{"weight":1.0,"played":[0.0,1.0],"evs":[0.0,15.69321]}}}