{"player":0,"street":0,"children":2,"sequence":[{"player":0,"type":"C","amount":5000,"street":0},{"player":1,"type":"R","amount":150000,"street":0}],"actions":[{"type":"F","amount":0},{"type":"C","amount":140000}],"hands":{"22":{"weight":0.0,"played":[0.0,1.0],"evs":[0.0,1.72449]},"32o":{"weight":1.0,"played":[1.0,0.0],"evs":[0.0,-4.14033]},"42o":{"weight":1.0,"played":[1.0,0.0],"evs":[0.0,-3.81464]},"52o":{"weight":1.0,"played":[1.0,0.0],"evs":[0.0,-3.52556]},"62o":{"weight":1.0,"played":[1.0,0.0],"evs":[0.0,-3.69487]},"72o":{"weight":1.0,"played":[1.0,0.0],"evs":[0.0,-3.69084]},"82o":{"weight":1.0,"played":[1.0,0.0],"evs":[0.0,-3.28695]},"92o":{"weight":1.0,"played":[1.0,0.0],"evs":[0.0,-3.09985]},"T2o":{"weight":1.0,"played":[1.0,0.0],"evs":[0.0,-2.96067]},"J2o":{"weight":1.0,"played":[1.0,0.0],"evs":[0.0,-2.79702]},"Q2o":{"weight":1.0,"played":[1.0,0.0],"evs":[0.0,-2.39864]},"K2o":{"weight":1.0,"played":[1.0,0.0],"evs":[0.0,-1.52387]},"A2o":{"weight":0.0,"played":[0.0,1.0],"evs":[0.0,1.23791]},"32s":{"weight":1.0,"played":[1.0,0.0],"evs":[0.0,-2.96407]},"33":{"weight":0.0,"played":[0.0,1.0],"evs":[0.0,2.79293]},"43o":{"weight":1.0,"played":[1.0,0.0],"evs":[0.0,-3.1624]},"53o":{"weight":1.0,"played":[1.0,0.0],"evs":[0.0,-2.84855]},"63o":{"weight":1.0,"played":[1.0,0.0],"evs":[0.0,-2.99824]},"73o":{"weight":1.0,"played":[1.0,0.0],"evs":[0.0,-2.99155]},"83o":{"weight":1.0,"played":[1.0,0.0],"evs":[0.0,-3.01636]},"93o":{"weight":1.0,"played":[1.0,0.0],"evs":[0.0,-2.73774]},"T3o":{"weight":1.0,"played":[1.0,0.0],"evs":[0.0,-2.61631]},"J3o":{"weight":1.0,"played":[1.0,0.0],"evs":[0.0,-2.4409]},"Q3o":{"weight":1.0,"played":[1.0,0.0],"evs":[0.0,-2.04522]},"K3o":{"weight":1.0,"played":[1.0,0.0],"evs":[0.0,-1.20644]},"A3o":{"weight":0.0,"played":[0.0,1.0],"evs":[0.0,1.58347]},"42s":{"weight":1.0,"played":[1.0,0.0],"evs":[0.0,-2.62944]},"43s":{"weight":0.9999,"played":[1.0,0.0],"evs":[0.0,-2.02449]},"44":{"weight":1.0E-4,"played":[0.0,1.0],"evs":[0.0,3.78458]},"54o":{"weight":1.0,"played":[1.0,0.0],"evs":[0.0,-2.1702]},"64o":{"weight":1.0,"played":[1.0,0.0],"evs":[0.0,-2.28558]},"74o":{"weight":1.0,"played":[1.0,0.0],"evs":[0.0,-2.29654]},"84o":{"weight":1.0,"played":[1.0,0.0],"evs":[0.0,-2.30228]},"94o":{"weight":1.0,"played":[1.0,0.0],"evs":[0.0,-2.46763]},"T4o":{"weight":1.0,"played":[1.0,0.0],"evs":[0.0,-2.23359]},"J4o":{"weight":1.0,"played":[1.0,0.0],"evs":[0.0,-2.04913]},"Q4o":{"weight":1.0,"played":[1.0,0.0],"evs":[0.0,-1.63916]},"K4o":{"weight":1.0,"played":[1.0,0.0],"evs":[0.0,-0.85411]},"A4o":{"weight":0.0,"played":[0.0,1.0],"evs":[0.0,1.87302]},"52s":{"weight":1.0,"played":[1.0,0.0],"evs":[0.0,-2.37347]},"53s":{"weight":0.9995,"played":[1.0,0.0],"evs":[0.0,-1.73247]},"54s":{"weight":0.0,"played":[1.0,0.0],"evs":[0.0,-1.11253]},"55":{"weight":1.0,"played":[0.0,1.0],"evs":[0.0,4.86422]},"65o":{"weight":1.0,"played":[1.0,0.0],"evs":[0.0,-1.70823]},"75o":{"weight":1.0,"played":[1.0,0.0],"evs":[0.0,-1.69312]},"85o":{"weight":1.0,"played":[1.0,0.0],"evs":[0.0,-1.71125]},"95o":{"weight":1.0,"played":[1.0,0.0],"evs":[0.0,-1.86181]},"T5o":{"weight":1.0,"played":[1.0,0.0],"evs":[0.0,-2.0385]},"J5o":{"weight":1.0,"played":[1.0,0.0],"evs":[0.0,-1.71841]},"Q5o":{"weight":1.0,"played":[1.0,0.0],"evs":[0.0,-1.26919]},"K5o":{"weight":0.6901,"played":[1.0,0.0],"evs":[0.0,-0.48073]},"A5o":{"weight":0.3926,"played":[0.0,1.0],"evs":[0.0,2.35785]},"62s":{"weight":1.0,"played":[1.0,0.0],"evs":[0.0,-2.52684]},"63s":{"weight":1.0,"played":[1.0,0.0],"evs":[0.0,-1.86869]},"64s":{"weight":0.9695,"played":[1.0,0.0],"evs":[0.0,-1.21054]},"65s":{"weight":0.0,"played":[1.0,0.0],"evs":[0.0,-0.69609]},"66":{"weight":1.0,"played":[0.0,1.0],"evs":[0.0,5.86436]},"76o":{"weight":1.0,"played":[1.0,0.0],"evs":[0.0,-1.15715]},"86o":{"weight":1.0,"played":[1.0,0.0],"evs":[0.0,-1.12408]},"96o":{"weight":1.0,"played":[1.0,0.0],"evs":[0.0,-1.25535]},"T6o":{"weight":1.0,"played":[1.0,0.0],"evs":[0.0,-1.43224]},"J6o":{"weight":1.0,"played":[1.0,0.0],"evs":[0.0,-1.56011]},"Q6o":{"weight":1.0,"played":[1.0,0.0],"evs":[0.0,-1.00077]},"K6o":{"weight":0.0,"played":[1.0,0.0],"evs":[0.0,-0.11667]},"A6o":{"weight":0.1433,"played":[0.0,1.0],"evs":[0.0,2.5519]},"72s":{"weight":1.0,"played":[1.0,0.0],"evs":[0.0,-2.51984]},"73s":{"weight":1.0,"played":[1.0,0.0],"evs":[0.0,-1.87194]},"74s":{"weight":0.9999,"played":[1.0,0.0],"evs":[0.0,-1.22332]},"75s":{"weight":0.0,"played":[1.0,0.0],"evs":[0.0,-0.68059]},"76s":{"weight":0.0,"played":[0.9957,0.0043],"evs":[0.0,-0.14654]},"77":{"weight":1.0,"played":[0.0,1.0],"evs":[0.0,6.60633]},"87o":{"weight":0.9998,"played":[1.0,0.0],"evs":[0.0,-0.63325]},"97o":{"weight":1.0,"played":[1.0,0.0],"evs":[0.0,-0.82168]},"T7o":{"weight":1.0,"played":[1.0,0.0],"evs":[0.0,-0.94607]},"J7o":{"weight":1.0,"played":[1.0,0.0],"evs":[0.0,-1.0615]},"Q7o":{"weight":1.0,"played":[1.0,0.0],"evs":[0.0,-0.87198]},"K7o":{"weight":0.0,"played":[0.0,1.0],"evs":[0.0,0.24269]},"A7o":{"weight":0.0601,"played":[0.0,1.0],"evs":[0.0,3.04976]},"82s":{"weight":1.0,"played":[1.0,0.0],"evs":[0.0,-2.13181]},"83s":{"weight":1.0,"played":[1.0,0.0],"evs":[0.0,-1.88776]},"84s":{"weight":0.9999,"played":[1.0,0.0],"evs":[0.0,-1.23336]},"85s":{"weight":0.3912,"played":[1.0,0.0],"evs":[0.0,-0.66743]},"86s":{"weight":0.0,"played":[0.9997,3.0E-4],"evs":[0.0,-0.12194]},"87s":{"weight":0.3114,"played":[0.0,1.0],"evs":[0.0,0.33673]},"88":{"weight":1.0,"played":[0.0,1.0],"evs":[0.0,7.12039]},"98o":{"weight":0.9994,"played":[1.0,0.0],"evs":[0.0,-0.37868]},"T8o":{"weight":1.0,"played":[1.0,0.0],"evs":[0.0,-0.45508]},"J8o":{"weight":1.0,"played":[1.0,0.0],"evs":[0.0,-0.6448]},"Q8o":{"weight":1.0,"played":[1.0,0.0],"evs":[0.0,-0.38125]},"K8o":{"weight":0.0,"played":[0.0,1.0],"evs":[0.0,0.55387]},"A8o":{"weight":0.0,"played":[0.0,1.0],"evs":[0.0,3.57813]},"92s":{"weight":1.0,"played":[1.0,0.0],"evs":[0.0,-1.96622]},"93s":{"weight":1.0,"played":[1.0,0.0],"evs":[0.0,-1.61513]},"94s":{"weight":1.0,"played":[1.0,0.0],"evs":[0.0,-1.37198]},"95s":{"weight":1.0,"played":[1.0,0.0],"evs":[0.0,-0.79805]},"96s":{"weight":0.0765,"played":[0.9998,2.0E-4],"evs":[0.0,-0.21945]},"97s":{"weight":0.6182,"played":[0.0,1.0],"evs":[0.0,0.16807]},"98s":{"weight":1.0,"played":[0.0,1.0],"evs":[0.0,0.57512]},"99":{"weight":1.0,"played":[0.0,1.0],"evs":[0.0,7.57606]},"T9o":{"weight":0.7392,"played":[1.0,0.0],"evs":[0.0,-0.04238]},"J9o":{"weight":1.0,"played":[1.0,0.0],"evs":[0.0,-0.25161]},"Q9o":{"weight":0.5287,"played":[0.7921,0.2079],"evs":[0.0,-0.00259]},"K9o":{"weight":0.5169,"played":[0.0,1.0],"evs":[0.0,1.23785]},"A9o":{"weight":0.0,"played":[0.0,1.0],"evs":[0.0,4.07102]},"T2s":{"weight":1.0,"played":[1.0,0.0],"evs":[0.0,-1.86249]},"T3s":{"weight":1.0,"played":[1.0,0.0],"evs":[0.0,-1.48904]},"T4s":{"weight":1.0,"played":[1.0,0.0],"evs":[0.0,-1.16761]},"T5s":{"weight":1.0,"played":[1.0,0.0],"evs":[0.0,-0.96692]},"T6s":{"weight":0.9815,"played":[1.0,0.0],"evs":[0.0,-0.46973]},"T7s":{"weight":0.2694,"played":[2.0E-4,0.9998],"evs":[0.0,0.0345]},"T8s":{"weight":1.0,"played":[0.0,1.0],"evs":[0.0,0.47578]},"T9s":{"weight":1.0,"played":[0.0,1.0],"evs":[0.0,0.89028]},"TT":{"weight":1.0,"played":[0.0,1.0],"evs":[0.0,8.13245]},"JTo":{"weight":0.4374,"played":[0.0,1.0],"evs":[0.0,0.29338]},"QTo":{"weight":0.9532,"played":[0.0,1.0],"evs":[0.0,0.56432]},"KTo":{"weight":1.0,"played":[0.0,1.0],"evs":[0.0,2.08598]},"ATo":{"weight":0.3783,"played":[0.0,1.0],"evs":[0.0,5.02068]},"J2s":{"weight":1.0,"played":[1.0,0.0],"evs":[0.0,-1.66369]},"J3s":{"weight":1.0,"played":[1.0,0.0],"evs":[0.0,-1.3383]},"J4s":{"weight":0.9999,"played":[1.0,0.0],"evs":[0.0,-0.9845]},"J5s":{"weight":1.0,"played":[1.0,0.0],"evs":[0.0,-0.66086]},"J6s":{"weight":0.9999,"played":[1.0,0.0],"evs":[0.0,-0.49299]},"J7s":{"weight":0.3571,"played":[0.9997,3.0E-4],"evs":[0.0,-0.03759]},"J8s":{"weight":0.9999,"played":[0.0,1.0],"evs":[0.0,0.33993]},"J9s":{"weight":1.0,"played":[0.0,1.0],"evs":[0.0,0.68238]},"JTs":{"weight":1.0,"played":[0.0,1.0],"evs":[0.0,1.17707]},"JJ":{"weight":1.0,"played":[0.0,1.0],"evs":[0.0,8.56906]},"QJo":{"weight":0.1855,"played":[0.0,1.0],"evs":[0.0,0.74212]},"KJo":{"weight":1.0,"played":[0.0,1.0],"evs":[0.0,2.54906]},"AJo":{"weight":0.9998,"played":[0.0,1.0],"evs":[0.0,5.60603]},"Q2s":{"weight":1.0,"played":[1.0,0.0],"evs":[0.0,-1.28898]},"Q3s":{"weight":1.0,"played":[1.0,0.0],"evs":[0.0,-1.00523]},"Q4s":{"weight":1.0,"played":[1.0,0.0],"evs":[0.0,-0.59252]},"Q5s":{"weight":0.9598,"played":[1.0,0.0],"evs":[0.0,-0.29515]},"Q6s":{"weight":0.2996,"played":[0.9942,0.0058],"evs":[0.0,-0.01372]},"Q7s":{"weight":1.0,"played":[3.0E-4,0.9997],"evs":[0.0,0.12552]},"Q8s":{"weight":1.0,"played":[0.0,1.0],"evs":[0.0,0.54686]},"Q9s":{"weight":1.0,"played":[0.0,1.0],"evs":[0.0,0.91558]},"QTs":{"weight":1.0,"played":[0.0,1.0],"evs":[0.0,1.45493]},"QJs":{"weight":1.0,"played":[0.0,1.0],"evs":[0.0,1.64918]},"QQ":{"weight":1.0,"played":[0.0,1.0],"evs":[0.0,9.07074]},"KQo":{"weight":1.0,"played":[0.0,1.0],"evs":[0.0,2.86174]},"AQo":{"weight":1.0,"played":[0.0,1.0],"evs":[0.0,6.15427]},"K2s":{"weight":0.0218,"played":[1.0,0.0],"evs":[0.0,-0.49816]},"K3s":{"weight":1.0E-4,"played":[1.0,0.0],"evs":[0.0,-0.21932]},"K4s":{"weight":1.0E-4,"played":[5.0E-4,0.9995],"evs":[0.0,0.14213]},"K5s":{"weight":1.0,"played":[0.0,1.0],"evs":[0.0,0.48676]},"K6s":{"weight":1.0,"played":[0.0,1.0],"evs":[0.0,0.84496]},"K7s":{"weight":1.0,"played":[0.0,1.0],"evs":[0.0,1.1397]},"K8s":{"weight":1.0,"played":[0.0,1.0],"evs":[0.0,1.45521]},"K9s":{"weight":1.0,"played":[0.0,1.0],"evs":[0.0,2.06701]},"KTs":{"weight":1.0,"played":[0.0,1.0],"evs":[0.0,2.86889]},"KJs":{"weight":1.0,"played":[0.0,1.0],"evs":[0.0,3.31623]},"KQs":{"weight":1.0,"played":[0.0,1.0],"evs":[0.0,3.6022]},"KK":{"weight":1.0,"played":[0.0,1.0],"evs":[0.0,10.3933]},"AKo":{"weight":1.0,"played":[0.0,1.0],"evs":[0.0,7.23033]},"A2s":{"weight":0.9621,"played":[0.0,1.0],"evs":[0.0,2.09889]},"A3s":{"weight":1.0,"played":[0.0,1.0],"evs":[0.0,2.39915]},"A4s":{"weight":1.0,"played":[0.0,1.0],"evs":[0.0,2.67802]},"A5s":{"weight":1.0,"played":[0.0,1.0],"evs":[0.0,3.13352]},"A6s":{"weight":1.0,"played":[0.0,1.0],"evs":[0.0,3.32773]},"A7s":{"weight":1.0,"played":[0.0,1.0],"evs":[0.0,3.80347]},"A8s":{"weight":1.0,"played":[0.0,1.0],"evs":[0.0,4.25525]},"A9s":{"weight":1.0,"played":[0.0,1.0],"evs":[0.0,4.7093]},"ATs":{"weight":1.0,"played":[0.0,1.0],"evs":[0.0,5.6363]},"AJs":{"weight":1.0,"played":[0.0,1.0],"evs":[0.0,6.15071]},"AQs":{"weight":1.0,"played":[0.0,1.0],"evs":[0.0,6.67942]},"AKs":{"weight":1.0,"played":[0.0,1.0],"evs":[0.0,7.67647]},"AA":{"weight":1.0,"played":[0.0,1.0],"evs":[0.0,13.0784]}}}