{"player":0,"street":0,"children":2,"sequence":[{"player":0,"type":"C","amount":5000,"street":0},{"player":1,"type":"R","amount":150000,"street":0}],"actions":[{"type":"F","amount":0},{"type":"C","amount":140000}],"hands":{"22":{"weight":0.0,"played":[0.0,1.0],"evs":[0.0,1.70214]},"32o":{"weight":1.0,"played":[1.0,0.0],"evs":[0.0,-4.13774]},"42o":{"weight":1.0,"played":[1.0,0.0],"evs":[0.0,-3.82248]},"52o":{"weight":1.0,"played":[1.0,0.0],"evs":[0.0,-3.49287]},"62o":{"weight":1.0,"played":[1.0,0.0],"evs":[0.0,-3.60266]},"72o":{"weight":1.0,"played":[1.0,0.0],"evs":[0.0,-3.58201]},"82o":{"weight":1.0,"played":[1.0,0.0],"evs":[0.0,-3.24595]},"92o":{"weight":1.0,"played":[1.0,0.0],"evs":[0.0,-3.09053]},"T2o":{"weight":1.0,"played":[1.0,0.0],"evs":[0.0,-2.94172]},"J2o":{"weight":1.0,"played":[1.0,0.0],"evs":[0.0,-2.81359]},"Q2o":{"weight":1.0,"played":[1.0,0.0],"evs":[0.0,-2.43994]},"K2o":{"weight":1.0,"played":[1.0,0.0],"evs":[0.0,-1.61022]},"A2o":{"weight":0.0,"played":[0.0,1.0],"evs":[0.0,1.19948]},"32s":{"weight":1.0,"played":[1.0,0.0],"evs":[0.0,-2.95583]},"33":{"weight":0.0,"played":[0.0,1.0],"evs":[0.0,2.76404]},"43o":{"weight":1.0,"played":[1.0,0.0],"evs":[0.0,-3.19172]},"53o":{"weight":1.0,"played":[1.0,0.0],"evs":[0.0,-2.83369]},"63o":{"weight":1.0,"played":[1.0,0.0],"evs":[0.0,-2.9234]},"73o":{"weight":1.0,"played":[1.0,0.0],"evs":[0.0,-2.91073]},"83o":{"weight":1.0,"played":[1.0,0.0],"evs":[0.0,-2.9927]},"93o":{"weight":1.0,"played":[1.0,0.0],"evs":[0.0,-2.75505]},"T3o":{"weight":1.0,"played":[1.0,0.0],"evs":[0.0,-2.60047]},"J3o":{"weight":1.0,"played":[1.0,0.0],"evs":[0.0,-2.46407]},"Q3o":{"weight":1.0,"played":[1.0,0.0],"evs":[0.0,-2.11496]},"K3o":{"weight":1.0,"played":[1.0,0.0],"evs":[0.0,-1.27743]},"A3o":{"weight":0.0,"played":[0.0,1.0],"evs":[0.0,1.57006]},"42s":{"weight":1.0,"played":[1.0,0.0],"evs":[0.0,-2.64007]},"43s":{"weight":1.0,"played":[1.0,0.0],"evs":[0.0,-2.05561]},"44":{"weight":0.0,"played":[0.0,1.0],"evs":[0.0,3.84084]},"54o":{"weight":1.0,"played":[1.0,0.0],"evs":[0.0,-2.16164]},"64o":{"weight":1.0,"played":[1.0,0.0],"evs":[0.0,-2.20867]},"74o":{"weight":1.0,"played":[1.0,0.0],"evs":[0.0,-2.18983]},"84o":{"weight":1.0,"played":[1.0,0.0],"evs":[0.0,-2.26047]},"94o":{"weight":1.0,"played":[1.0,0.0],"evs":[0.0,-2.44923]},"T4o":{"weight":1.0,"played":[1.0,0.0],"evs":[0.0,-2.20065]},"J4o":{"weight":1.0,"played":[1.0,0.0],"evs":[0.0,-2.0546]},"Q4o":{"weight":1.0,"played":[1.0,0.0],"evs":[0.0,-1.72668]},"K4o":{"weight":1.0,"played":[1.0,0.0],"evs":[0.0,-0.93888]},"A4o":{"weight":0.0,"played":[0.0,1.0],"evs":[0.0,1.90124]},"52s":{"weight":1.0,"played":[1.0,0.0],"evs":[0.0,-2.34797]},"53s":{"weight":1.0,"played":[1.0,0.0],"evs":[0.0,-1.72434]},"54s":{"weight":0.0,"played":[1.0,0.0],"evs":[0.0,-1.09498]},"55":{"weight":1.0,"played":[0.0,1.0],"evs":[0.0,4.93691]},"65o":{"weight":1.0,"played":[1.0,0.0],"evs":[0.0,-1.58593]},"75o":{"weight":1.0,"played":[1.0,0.0],"evs":[0.0,-1.57823]},"85o":{"weight":1.0,"played":[1.0,0.0],"evs":[0.0,-1.64554]},"95o":{"weight":1.0,"played":[1.0,0.0],"evs":[0.0,-1.81682]},"T5o":{"weight":1.0,"played":[1.0,0.0],"evs":[0.0,-1.9984]},"J5o":{"weight":1.0,"played":[1.0,0.0],"evs":[0.0,-1.73515]},"Q5o":{"weight":1.0,"played":[1.0,0.0],"evs":[0.0,-1.35083]},"K5o":{"weight":0.9242,"played":[1.0,0.0],"evs":[0.0,-0.55445]},"A5o":{"weight":0.5131,"played":[0.0,1.0],"evs":[0.0,2.33698]},"62s":{"weight":1.0,"played":[1.0,0.0],"evs":[0.0,-2.43782]},"63s":{"weight":1.0,"played":[1.0,0.0],"evs":[0.0,-1.80679]},"64s":{"weight":0.9327,"played":[1.0,0.0],"evs":[0.0,-1.13035]},"65s":{"weight":0.0,"played":[1.0,0.0],"evs":[0.0,-0.56687]},"66":{"weight":1.0,"played":[0.0,1.0],"evs":[0.0,5.95524]},"76o":{"weight":1.0,"played":[1.0,0.0],"evs":[0.0,-1.02465]},"86o":{"weight":1.0,"played":[1.0,0.0],"evs":[0.0,-1.09707]},"96o":{"weight":1.0,"played":[1.0,0.0],"evs":[0.0,-1.28377]},"T6o":{"weight":1.0,"played":[1.0,0.0],"evs":[0.0,-1.45025]},"J6o":{"weight":1.0,"played":[1.0,0.0],"evs":[0.0,-1.61244]},"Q6o":{"weight":1.0,"played":[1.0,0.0],"evs":[0.0,-1.08666]},"K6o":{"weight":0.0,"played":[1.0,0.0],"evs":[0.0,-0.17136]},"A6o":{"weight":0.3452,"played":[0.0,1.0],"evs":[0.0,2.52225]},"72s":{"weight":1.0,"played":[1.0,0.0],"evs":[0.0,-2.42497]},"73s":{"weight":1.0,"played":[1.0,0.0],"evs":[0.0,-1.80043]},"74s":{"weight":1.0,"played":[1.0,0.0],"evs":[0.0,-1.11163]},"75s":{"weight":0.0,"played":[1.0,0.0],"evs":[0.0,-0.56045]},"76s":{"weight":0.0,"played":[0.9999,1.0E-4],"evs":[0.0,-0.04179]},"77":{"weight":1.0,"played":[0.0,1.0],"evs":[0.0,6.65727]},"87o":{"weight":1.0,"played":[1.0,0.0],"evs":[0.0,-0.62707]},"97o":{"weight":1.0,"played":[1.0,0.0],"evs":[0.0,-0.83115]},"T7o":{"weight":1.0,"played":[1.0,0.0],"evs":[0.0,-0.94415]},"J7o":{"weight":1.0,"played":[1.0,0.0],"evs":[0.0,-1.09912]},"Q7o":{"weight":1.0,"played":[1.0,0.0],"evs":[0.0,-0.93678]},"K7o":{"weight":0.0,"played":[0.0,1.0],"evs":[0.0,0.16811]},"A7o":{"weight":0.1241,"played":[0.0,1.0],"evs":[0.0,3.03138]},"82s":{"weight":1.0,"played":[1.0,0.0],"evs":[0.0,-2.09373]},"83s":{"weight":1.0,"played":[1.0,0.0],"evs":[0.0,-1.87008]},"84s":{"weight":1.0,"played":[1.0,0.0],"evs":[0.0,-1.19508]},"85s":{"weight":0.8874,"played":[1.0,0.0],"evs":[0.0,-0.61931]},"86s":{"weight":0.0,"played":[1.0,0.0],"evs":[0.0,-0.09656]},"87s":{"weight":0.7515,"played":[0.0,1.0],"evs":[0.0,0.34335]},"88":{"weight":1.0,"played":[0.0,1.0],"evs":[0.0,7.16282]},"98o":{"weight":1.0,"played":[1.0,0.0],"evs":[0.0,-0.40128]},"T8o":{"weight":1.0,"played":[1.0,0.0],"evs":[0.0,-0.48556]},"J8o":{"weight":1.0,"played":[1.0,0.0],"evs":[0.0,-0.6966]},"Q8o":{"weight":1.0,"played":[1.0,0.0],"evs":[0.0,-0.44553]},"K8o":{"weight":0.0,"played":[0.0,1.0],"evs":[0.0,0.5114]},"A8o":{"weight":0.0,"played":[0.0,1.0],"evs":[0.0,3.54915]},"92s":{"weight":1.0,"played":[1.0,0.0],"evs":[0.0,-1.95557]},"93s":{"weight":1.0,"played":[1.0,0.0],"evs":[0.0,-1.65086]},"94s":{"weight":1.0,"played":[1.0,0.0],"evs":[0.0,-1.36181]},"95s":{"weight":1.0,"played":[1.0,0.0],"evs":[0.0,-0.76899]},"96s":{"weight":0.1407,"played":[1.0,0.0],"evs":[0.0,-0.2708]},"97s":{"weight":0.9981,"played":[0.0,1.0],"evs":[0.0,0.16474]},"98s":{"weight":1.0,"played":[0.0,1.0],"evs":[0.0,0.55294]},"99":{"weight":1.0,"played":[0.0,1.0],"evs":[0.0,7.59354]},"T9o":{"weight":1.0,"played":[1.0,0.0],"evs":[0.0,-0.05685]},"J9o":{"weight":1.0,"played":[1.0,0.0],"evs":[0.0,-0.29322]},"Q9o":{"weight":0.6436,"played":[0.8996,0.1004],"evs":[0.0,-0.00306]},"K9o":{"weight":0.7381,"played":[0.0,1.0],"evs":[0.0,1.18107]},"A9o":{"weight":0.0,"played":[0.0,1.0],"evs":[0.0,4.07813]},"T2s":{"weight":1.0,"played":[1.0,0.0],"evs":[0.0,-1.81355]},"T3s":{"weight":1.0,"played":[1.0,0.0],"evs":[0.0,-1.50751]},"T4s":{"weight":1.0,"played":[1.0,0.0],"evs":[0.0,-1.12666]},"T5s":{"weight":1.0,"played":[1.0,0.0],"evs":[0.0,-0.94321]},"T6s":{"weight":0.9999,"played":[1.0,0.0],"evs":[0.0,-0.42385]},"T7s":{"weight":0.2677,"played":[0.0,1.0],"evs":[0.0,0.03493]},"T8s":{"weight":1.0,"played":[0.0,1.0],"evs":[0.0,0.4689]},"T9s":{"weight":1.0,"played":[0.0,1.0],"evs":[0.0,0.8766]},"TT":{"weight":1.0,"played":[0.0,1.0],"evs":[0.0,8.15116]},"JTo":{"weight":0.5311,"played":[0.0,1.0],"evs":[0.0,0.23914]},"QTo":{"weight":1.0,"played":[0.0,1.0],"evs":[0.0,0.5534]},"KTo":{"weight":1.0,"played":[0.0,1.0],"evs":[0.0,2.02066]},"ATo":{"weight":0.4874,"played":[0.0,1.0],"evs":[0.0,5.03187]},"J2s":{"weight":1.0,"played":[1.0,0.0],"evs":[0.0,-1.68488]},"J3s":{"weight":1.0,"played":[1.0,0.0],"evs":[0.0,-1.37714]},"J4s":{"weight":1.0,"played":[1.0,0.0],"evs":[0.0,-0.98214]},"J5s":{"weight":1.0,"played":[1.0,0.0],"evs":[0.0,-0.69291]},"J6s":{"weight":1.0,"played":[1.0,0.0],"evs":[0.0,-0.57053]},"J7s":{"weight":0.4697,"played":[1.0,0.0],"evs":[0.0,-0.09619]},"J8s":{"weight":1.0,"played":[0.0,1.0],"evs":[0.0,0.27333]},"J9s":{"weight":1.0,"played":[0.0,1.0],"evs":[0.0,0.66029]},"JTs":{"weight":1.0,"played":[0.0,1.0],"evs":[0.0,1.15786]},"JJ":{"weight":1.0,"played":[0.0,1.0],"evs":[0.0,8.51114]},"QJo":{"weight":0.3805,"played":[0.0,1.0],"evs":[0.0,0.66302]},"KJo":{"weight":1.0,"played":[0.0,1.0],"evs":[0.0,2.46157]},"AJo":{"weight":1.0,"played":[0.0,1.0],"evs":[0.0,5.55771]},"Q2s":{"weight":1.0,"played":[1.0,0.0],"evs":[0.0,-1.35633]},"Q3s":{"weight":1.0,"played":[1.0,0.0],"evs":[0.0,-1.0538]},"Q4s":{"weight":0.9999,"played":[1.0,0.0],"evs":[0.0,-0.68248]},"Q5s":{"weight":2.0E-4,"played":[1.0,0.0],"evs":[0.0,-0.3361]},"Q6s":{"weight":0.0,"played":[0.9999,1.0E-4],"evs":[0.0,-0.07858]},"Q7s":{"weight":0.9999,"played":[1.0E-4,0.9999],"evs":[0.0,0.05025]},"Q8s":{"weight":1.0,"played":[0.0,1.0],"evs":[0.0,0.50548]},"Q9s":{"weight":1.0,"played":[0.0,1.0],"evs":[0.0,0.9285]},"QTs":{"weight":1.0,"played":[0.0,1.0],"evs":[0.0,1.461]},"QJs":{"weight":1.0,"played":[0.0,1.0],"evs":[0.0,1.54105]},"QQ":{"weight":1.0,"played":[0.0,1.0],"evs":[0.0,8.96267]},"KQo":{"weight":1.0,"played":[0.0,1.0],"evs":[0.0,2.79938]},"AQo":{"weight":1.0,"played":[0.0,1.0],"evs":[0.0,6.11413]},"K2s":{"weight":6.0E-4,"played":[1.0,0.0],"evs":[0.0,-0.57441]},"K3s":{"weight":0.0,"played":[1.0,0.0],"evs":[0.0,-0.2771]},"K4s":{"weight":0.0,"played":[0.0023,0.9977],"evs":[0.0,0.05467]},"K5s":{"weight":1.0,"played":[0.0,1.0],"evs":[0.0,0.40503]},"K6s":{"weight":1.0,"played":[0.0,1.0],"evs":[0.0,0.75518]},"K7s":{"weight":1.0,"played":[0.0,1.0],"evs":[0.0,1.07288]},"K8s":{"weight":1.0,"played":[0.0,1.0],"evs":[0.0,1.39399]},"K9s":{"weight":1.0,"played":[0.0,1.0],"evs":[0.0,2.02739]},"KTs":{"weight":1.0,"played":[0.0,1.0],"evs":[0.0,2.81196]},"KJs":{"weight":1.0,"played":[0.0,1.0],"evs":[0.0,3.22178]},"KQs":{"weight":1.0,"played":[0.0,1.0],"evs":[0.0,3.53284]},"KK":{"weight":1.0,"played":[0.0,1.0],"evs":[0.0,10.3124]},"AKo":{"weight":1.0,"played":[0.0,1.0],"evs":[0.0,7.22892]},"A2s":{"weight":0.8169,"played":[0.0,1.0],"evs":[0.0,2.06289]},"A3s":{"weight":1.0,"played":[0.0,1.0],"evs":[0.0,2.38767]},"A4s":{"weight":1.0,"played":[0.0,1.0],"evs":[0.0,2.70377]},"A5s":{"weight":1.0,"played":[0.0,1.0],"evs":[0.0,3.11635]},"A6s":{"weight":1.0,"played":[0.0,1.0],"evs":[0.0,3.28502]},"A7s":{"weight":1.0,"played":[0.0,1.0],"evs":[0.0,3.74908]},"A8s":{"weight":1.0,"played":[0.0,1.0],"evs":[0.0,4.24305]},"A9s":{"weight":1.0,"played":[0.0,1.0],"evs":[0.0,4.7326]},"ATs":{"weight":1.0,"played":[0.0,1.0],"evs":[0.0,5.60523]},"AJs":{"weight":1.0,"played":[0.0,1.0],"evs":[0.0,6.12454]},"AQs":{"weight":1.0,"played":[0.0,1.0],"evs":[0.0,6.6418]},"AKs":{"weight":1.0,"played":[0.0,1.0],"evs":[0.0,7.68599]},"AA":{"weight":1.0,"played":[0.0,1.0],"evs":[0.0,13.05772]}}}