{"player":1,"street":0,"children":2,"sequence":[{"player":0,"type":"R","amount":150000,"street":0}],"actions":[{"type":"F","amount":0},{"type":"C","amount":140000}],"hands":{"22":{"weight":1.0,"played":[0.0,1.0],"evs":[0.0,1.49963]},"32o":{"weight":1.0,"played":[1.0,0.0],"evs":[0.0,-4.22099]},"42o":{"weight":1.0,"played":[1.0,0.0],"evs":[0.0,-3.88971]},"52o":{"weight":1.0,"played":[1.0,0.0],"evs":[0.0,-3.59868]},"62o":{"weight":1.0,"played":[1.0,0.0],"evs":[0.0,-3.96017]},"72o":{"weight":1.0,"played":[1.0,0.0],"evs":[0.0,-4.00107]},"82o":{"weight":1.0,"played":[1.0,0.0],"evs":[0.0,-3.52391]},"92o":{"weight":1.0,"played":[1.0,0.0],"evs":[0.0,-3.1793]},"T2o":{"weight":1.0,"played":[1.0,0.0],"evs":[0.0,-2.86511]},"J2o":{"weight":1.0,"played":[1.0,0.0],"evs":[0.0,-2.75645]},"Q2o":{"weight":1.0,"played":[1.0,0.0],"evs":[0.0,-2.47004]},"K2o":{"weight":1.0,"played":[1.0,0.0],"evs":[0.0,-1.57857]},"A2o":{"weight":1.0,"played":[0.0,1.0],"evs":[0.0,1.19906]},"32s":{"weight":1.0,"played":[1.0,0.0],"evs":[0.0,-3.06309]},"33":{"weight":1.0,"played":[0.0,1.0],"evs":[0.0,2.68603]},"43o":{"weight":1.0,"played":[1.0,0.0],"evs":[0.0,-3.21816]},"53o":{"weight":1.0,"played":[1.0,0.0],"evs":[0.0,-2.91943]},"63o":{"weight":1.0,"played":[1.0,0.0],"evs":[0.0,-3.27796]},"73o":{"weight":1.0,"played":[1.0,0.0],"evs":[0.0,-3.31556]},"83o":{"weight":1.0,"played":[1.0,0.0],"evs":[0.0,-3.28252]},"93o":{"weight":1.0,"played":[1.0,0.0],"evs":[0.0,-2.86087]},"T3o":{"weight":1.0,"played":[1.0,0.0],"evs":[0.0,-2.53742]},"J3o":{"weight":1.0,"played":[1.0,0.0],"evs":[0.0,-2.42235]},"Q3o":{"weight":1.0,"played":[1.0,0.0],"evs":[0.0,-2.14105]},"K3o":{"weight":1.0,"played":[1.0,0.0],"evs":[0.0,-1.2462]},"A3o":{"weight":1.0,"played":[0.0,1.0],"evs":[0.0,1.55822]},"42s":{"weight":1.0,"played":[1.0,0.0],"evs":[0.0,-2.74876]},"43s":{"weight":1.0,"played":[1.0,0.0],"evs":[0.0,-2.11704]},"44":{"weight":1.0,"played":[0.0,1.0],"evs":[0.0,3.91981]},"54o":{"weight":1.0,"played":[1.0,0.0],"evs":[0.0,-2.27671]},"64o":{"weight":1.0,"played":[1.0,0.0],"evs":[0.0,-2.59511]},"74o":{"weight":1.0,"played":[1.0,0.0],"evs":[0.0,-2.63813]},"84o":{"weight":1.0,"played":[1.0,0.0],"evs":[0.0,-2.59998]},"94o":{"weight":1.0,"played":[1.0,0.0],"evs":[0.0,-2.60882]},"T4o":{"weight":1.0,"played":[1.0,0.0],"evs":[0.0,-2.20259]},"J4o":{"weight":1.0,"played":[1.0,0.0],"evs":[0.0,-2.08439]},"Q4o":{"weight":1.0,"played":[1.0,0.0],"evs":[0.0,-1.80338]},"K4o":{"weight":1.0,"played":[1.0,0.0],"evs":[0.0,-0.87917]},"A4o":{"weight":1.0,"played":[0.0,1.0],"evs":[0.0,1.97406]},"52s":{"weight":1.0,"played":[1.0,0.0],"evs":[0.0,-2.46116]},"53s":{"weight":1.0,"played":[1.0,0.0],"evs":[0.0,-1.83563]},"54s":{"weight":1.0,"played":[1.0,0.0],"evs":[0.0,-1.20851]},"55":{"weight":1.0,"played":[0.0,1.0],"evs":[0.0,4.84461]},"65o":{"weight":1.0,"played":[1.0,0.0],"evs":[0.0,-1.97354]},"75o":{"weight":1.0,"played":[1.0,0.0],"evs":[0.0,-1.95565]},"85o":{"weight":1.0,"played":[1.0,0.0],"evs":[0.0,-1.90043]},"95o":{"weight":1.0,"played":[1.0,0.0],"evs":[0.0,-1.8884]},"T5o":{"weight":1.0,"played":[1.0,0.0],"evs":[0.0,-1.92512]},"J5o":{"weight":1.0,"played":[1.0,0.0],"evs":[0.0,-1.70191]},"Q5o":{"weight":1.0,"played":[1.0,0.0],"evs":[0.0,-1.37681]},"K5o":{"weight":1.0,"played":[1.0,0.0],"evs":[0.0,-0.40812]},"A5o":{"weight":1.0,"played":[0.0,1.0],"evs":[0.0,2.44015]},"62s":{"weight":1.0,"played":[1.0,0.0],"evs":[0.0,-2.79276]},"63s":{"weight":1.0,"played":[1.0,0.0],"evs":[0.0,-2.15648]},"64s":{"weight":1.0,"played":[1.0,0.0],"evs":[0.0,-1.5303]},"65s":{"weight":1.0,"played":[1.0,0.0],"evs":[0.0,-0.92357]},"66":{"weight":1.0,"played":[0.0,1.0],"evs":[0.0,5.70726]},"76o":{"weight":1.0,"played":[1.0,0.0],"evs":[0.0,-1.59636]},"86o":{"weight":1.0,"played":[1.0,0.0],"evs":[0.0,-1.52734]},"96o":{"weight":1.0,"played":[1.0,0.0],"evs":[0.0,-1.48427]},"T6o":{"weight":1.0,"played":[1.0,0.0],"evs":[0.0,-1.5156]},"J6o":{"weight":1.0,"played":[1.0,0.0],"evs":[0.0,-1.71722]},"Q6o":{"weight":1.0,"played":[1.0,0.0],"evs":[0.0,-1.21624]},"K6o":{"weight":1.0,"played":[0.8541,0.1459],"evs":[0.0,-0.0025]},"A6o":{"weight":1.0,"played":[0.0,1.0],"evs":[0.0,2.82798]},"72s":{"weight":1.0,"played":[1.0,0.0],"evs":[0.0,-2.81775]},"73s":{"weight":1.0,"played":[1.0,0.0],"evs":[0.0,-2.19254]},"74s":{"weight":1.0,"played":[1.0,0.0],"evs":[0.0,-1.54584]},"75s":{"weight":1.0,"played":[1.0,0.0],"evs":[0.0,-0.91648]},"76s":{"weight":1.0,"played":[1.0,0.0],"evs":[0.0,-0.56375]},"77":{"weight":1.0,"played":[0.0,1.0],"evs":[0.0,6.61401]},"87o":{"weight":1.0,"played":[1.0,0.0],"evs":[0.0,-0.98205]},"97o":{"weight":1.0,"played":[1.0,0.0],"evs":[0.0,-1.01442]},"T7o":{"weight":1.0,"played":[1.0,0.0],"evs":[0.0,-1.04578]},"J7o":{"weight":1.0,"played":[1.0,0.0],"evs":[0.0,-1.21686]},"Q7o":{"weight":1.0,"played":[1.0,0.0],"evs":[0.0,-1.09832]},"K7o":{"weight":1.0,"played":[0.0,1.0],"evs":[0.0,0.45945]},"A7o":{"weight":1.0,"played":[0.0,1.0],"evs":[0.0,3.45159]},"82s":{"weight":1.0,"played":[1.0,0.0],"evs":[0.0,-2.37586]},"83s":{"weight":1.0,"played":[1.0,0.0],"evs":[0.0,-2.13909]},"84s":{"weight":1.0,"played":[1.0,0.0],"evs":[0.0,-1.5178]},"85s":{"weight":1.0,"played":[1.0,0.0],"evs":[0.0,-0.86721]},"86s":{"weight":1.0,"played":[1.0,0.0],"evs":[0.0,-0.51081]},"87s":{"weight":1.0,"played":[0.7754,0.2246],"evs":[0.0,-0.00766]},"88":{"weight":1.0,"played":[0.0,1.0],"evs":[0.0,7.38672]},"98o":{"weight":1.0,"played":[1.0,0.0],"evs":[0.0,-0.49878]},"T8o":{"weight":1.0,"played":[1.0,0.0],"evs":[0.0,-0.51321]},"J8o":{"weight":1.0,"played":[1.0,0.0],"evs":[0.0,-0.74007]},"Q8o":{"weight":1.0,"played":[1.0,0.0],"evs":[0.0,-0.64547]},"K8o":{"weight":1.0,"played":[0.0,1.0],"evs":[0.0,0.99819]},"A8o":{"weight":1.0,"played":[0.0,1.0],"evs":[0.0,4.14374]},"92s":{"weight":1.0,"played":[1.0,0.0],"evs":[0.0,-2.04455]},"93s":{"weight":1.0,"played":[1.0,0.0],"evs":[0.0,-1.74229]},"94s":{"weight":1.0,"played":[1.0,0.0],"evs":[0.0,-1.5151]},"95s":{"weight":1.0,"played":[1.0,0.0],"evs":[0.0,-0.84941]},"96s":{"weight":1.0,"played":[1.0,0.0],"evs":[0.0,-0.47023]},"97s":{"weight":1.0,"played":[0.9751,0.0249],"evs":[0.0,-0.02809]},"98s":{"weight":1.0,"played":[0.0,1.0],"evs":[0.0,0.44937]},"99":{"weight":1.0,"played":[0.0,1.0],"evs":[0.0,8.0004]},"T9o":{"weight":1.0,"played":[0.4464,0.5536],"evs":[0.0,1.2E-4]},"J9o":{"weight":1.0,"played":[1.0,0.0],"evs":[0.0,-0.22249]},"Q9o":{"weight":1.0,"played":[0.3913,0.6087],"evs":[0.0,0.00106]},"K9o":{"weight":1.0,"played":[0.0,1.0],"evs":[0.0,1.87564]},"A9o":{"weight":1.0,"played":[0.0,1.0],"evs":[0.0,4.86372]},"T2s":{"weight":1.0,"played":[1.0,0.0],"evs":[0.0,-1.7277]},"T3s":{"weight":1.0,"played":[1.0,0.0],"evs":[0.0,-1.42754]},"T4s":{"weight":1.0,"played":[1.0,0.0],"evs":[0.0,-1.11904]},"T5s":{"weight":1.0,"played":[1.0,0.0],"evs":[0.0,-0.87904]},"T6s":{"weight":1.0,"played":[1.0,0.0],"evs":[0.0,-0.49742]},"T7s":{"weight":1.0,"played":[1.0,0.0],"evs":[0.0,-0.05518]},"T8s":{"weight":1.0,"played":[0.0,1.0],"evs":[0.0,0.4384]},"T9s":{"weight":1.0,"played":[0.0,1.0],"evs":[0.0,0.92791]},"TT":{"weight":1.0,"played":[0.0,1.0],"evs":[0.0,8.46854]},"JTo":{"weight":1.0,"played":[0.0,1.0],"evs":[0.0,0.5781]},"QTo":{"weight":1.0,"played":[0.0,1.0],"evs":[0.0,0.803]},"KTo":{"weight":1.0,"played":[0.0,1.0],"evs":[0.0,2.59084]},"ATo":{"weight":1.0,"played":[0.0,1.0],"evs":[0.0,5.80647]},"J2s":{"weight":1.0,"played":[1.0,0.0],"evs":[0.0,-1.62044]},"J3s":{"weight":1.0,"played":[1.0,0.0],"evs":[0.0,-1.31949]},"J4s":{"weight":1.0,"played":[1.0,0.0],"evs":[0.0,-1.00563]},"J5s":{"weight":1.0,"played":[1.0,0.0],"evs":[0.0,-0.6681]},"J6s":{"weight":1.0,"played":[1.0,0.0],"evs":[0.0,-0.68608]},"J7s":{"weight":1.0,"played":[1.0,0.0],"evs":[0.0,-0.19724]},"J8s":{"weight":1.0,"played":[0.0,1.0],"evs":[0.0,0.24093]},"J9s":{"weight":1.0,"played":[0.0,1.0],"evs":[0.0,0.72643]},"JTs":{"weight":1.0,"played":[0.0,1.0],"evs":[0.0,1.48735]},"JJ":{"weight":1.0,"played":[0.0,1.0],"evs":[0.0,8.74505]},"QJo":{"weight":1.0,"played":[0.0,1.0],"evs":[0.0,1.03658]},"KJo":{"weight":1.0,"played":[0.0,1.0],"evs":[0.0,2.79525]},"AJo":{"weight":1.0,"played":[0.0,1.0],"evs":[0.0,6.18382]},"Q2s":{"weight":1.0,"played":[1.0,0.0],"evs":[0.0,-1.35144]},"Q3s":{"weight":1.0,"played":[1.0,0.0],"evs":[0.0,-1.04807]},"Q4s":{"weight":1.0,"played":[1.0,0.0],"evs":[0.0,-0.73263]},"Q5s":{"weight":1.0,"played":[1.0,0.0],"evs":[0.0,-0.3376]},"Q6s":{"weight":1.0,"played":[1.0,0.0],"evs":[0.0,-0.20214]},"Q7s":{"weight":1.0,"played":[1.0,0.0],"evs":[0.0,-0.08792]},"Q8s":{"weight":1.0,"played":[0.0,1.0],"evs":[0.0,0.35002]},"Q9s":{"weight":1.0,"played":[0.0,1.0],"evs":[0.0,0.94946]},"QTs":{"weight":1.0,"played":[0.0,1.0],"evs":[0.0,1.69601]},"QJs":{"weight":1.0,"played":[0.0,1.0],"evs":[0.0,1.9262]},"QQ":{"weight":1.0,"played":[0.0,1.0],"evs":[0.0,9.10862]},"KQo":{"weight":1.0,"played":[0.0,1.0],"evs":[0.0,2.86351]},"AQo":{"weight":1.0,"played":[0.0,1.0],"evs":[0.0,6.34956]},"K2s":{"weight":1.0,"played":[1.0,0.0],"evs":[0.0,-0.49865]},"K3s":{"weight":1.0,"played":[1.0,0.0],"evs":[0.0,-0.19642]},"K4s":{"weight":1.0,"played":[0.0,1.0],"evs":[0.0,0.15015]},"K5s":{"weight":1.0,"played":[0.0,1.0],"evs":[0.0,0.55249]},"K6s":{"weight":1.0,"played":[0.0,1.0],"evs":[0.0,0.93365]},"K7s":{"weight":1.0,"played":[0.0,1.0],"evs":[0.0,1.37226]},"K8s":{"weight":1.0,"played":[0.0,1.0],"evs":[0.0,1.88479]},"K9s":{"weight":1.0,"played":[0.0,1.0],"evs":[0.0,2.70994]},"KTs":{"weight":1.0,"played":[0.0,1.0],"evs":[0.0,3.38016]},"KJs":{"weight":1.0,"played":[0.0,1.0],"evs":[0.0,3.58307]},"KQs":{"weight":1.0,"played":[0.0,1.0],"evs":[0.0,3.6416]},"KK":{"weight":1.0,"played":[0.0,1.0],"evs":[0.0,10.19445]},"AKo":{"weight":1.0,"played":[0.0,1.0],"evs":[0.0,6.96645]},"A2s":{"weight":1.0,"played":[0.0,1.0],"evs":[0.0,2.08135]},"A3s":{"weight":1.0,"played":[0.0,1.0],"evs":[0.0,2.40695]},"A4s":{"weight":1.0,"played":[0.0,1.0],"evs":[0.0,2.80542]},"A5s":{"weight":1.0,"played":[0.0,1.0],"evs":[0.0,3.23048]},"A6s":{"weight":1.0,"played":[0.0,1.0],"evs":[0.0,3.58815]},"A7s":{"weight":1.0,"played":[0.0,1.0],"evs":[0.0,4.18758]},"A8s":{"weight":1.0,"played":[0.0,1.0],"evs":[0.0,4.84718]},"A9s":{"weight":1.0,"played":[0.0,1.0],"evs":[0.0,5.51088]},"ATs":{"weight":1.0,"played":[0.0,1.0],"evs":[0.0,6.39721]},"AJs":{"weight":1.0,"played":[0.0,1.0],"evs":[0.0,6.73985]},"AQs":{"weight":1.0,"played":[0.0,1.0],"evs":[0.0,6.88997]},"AKs":{"weight":1.0,"played":[0.0,1.0],"evs":[0.0,7.45148]},"AA":{"weight":1.0,"played":[0.0,1.0],"evs":[0.0,12.71713]}}}