{"player":1,"street":0,"children":2,"sequence":[{"player":0,"type":"R","amount":150000,"street":0}],"actions":[{"type":"F","amount":0},{"type":"C","amount":140000}],"hands":{"22":{"weight":1.0,"played":[0.0,1.0],"evs":[0.0,1.51655]},"32o":{"weight":1.0,"played":[1.0,0.0],"evs":[0.0,-4.15636]},"42o":{"weight":1.0,"played":[1.0,0.0],"evs":[0.0,-3.84894]},"52o":{"weight":1.0,"played":[1.0,0.0],"evs":[0.0,-3.60721]},"62o":{"weight":1.0,"played":[1.0,0.0],"evs":[0.0,-3.94209]},"72o":{"weight":1.0,"played":[1.0,0.0],"evs":[0.0,-4.02584]},"82o":{"weight":1.0,"played":[1.0,0.0],"evs":[0.0,-3.53087]},"92o":{"weight":1.0,"played":[1.0,0.0],"evs":[0.0,-3.19263]},"T2o":{"weight":1.0,"played":[1.0,0.0],"evs":[0.0,-2.79934]},"J2o":{"weight":1.0,"played":[1.0,0.0],"evs":[0.0,-2.57963]},"Q2o":{"weight":1.0,"played":[1.0,0.0],"evs":[0.0,-2.32768]},"K2o":{"weight":1.0,"played":[1.0,0.0],"evs":[0.0,-1.46105]},"A2o":{"weight":1.0,"played":[0.0,1.0],"evs":[0.0,1.28235]},"32s":{"weight":1.0,"played":[1.0,0.0],"evs":[0.0,-3.00137]},"33":{"weight":1.0,"played":[0.0,1.0],"evs":[0.0,2.61502]},"43o":{"weight":1.0,"played":[1.0,0.0],"evs":[0.0,-3.20619]},"53o":{"weight":1.0,"played":[1.0,0.0],"evs":[0.0,-2.94051]},"63o":{"weight":1.0,"played":[1.0,0.0],"evs":[0.0,-3.32114]},"73o":{"weight":1.0,"played":[1.0,0.0],"evs":[0.0,-3.3807]},"83o":{"weight":1.0,"played":[1.0,0.0],"evs":[0.0,-3.32812]},"93o":{"weight":1.0,"played":[1.0,0.0],"evs":[0.0,-2.89348]},"T3o":{"weight":1.0,"played":[1.0,0.0],"evs":[0.0,-2.50846]},"J3o":{"weight":1.0,"played":[1.0,0.0],"evs":[0.0,-2.29457]},"Q3o":{"weight":1.0,"played":[1.0,0.0],"evs":[0.0,-2.04262]},"K3o":{"weight":1.0,"played":[1.0,0.0],"evs":[0.0,-1.16246]},"A3o":{"weight":1.0,"played":[0.0,1.0],"evs":[0.0,1.58515]},"42s":{"weight":1.0,"played":[1.0,0.0],"evs":[0.0,-2.69407]},"43s":{"weight":1.0,"played":[1.0,0.0],"evs":[0.0,-2.11686]},"44":{"weight":1.0,"played":[0.0,1.0],"evs":[0.0,3.72418]},"54o":{"weight":1.0,"played":[1.0,0.0],"evs":[0.0,-2.32494]},"64o":{"weight":1.0,"played":[1.0,0.0],"evs":[0.0,-2.65729]},"74o":{"weight":1.0,"played":[1.0,0.0],"evs":[0.0,-2.71509]},"84o":{"weight":1.0,"played":[1.0,0.0],"evs":[0.0,-2.6702]},"94o":{"weight":1.0,"played":[1.0,0.0],"evs":[0.0,-2.66111]},"T4o":{"weight":1.0,"played":[1.0,0.0],"evs":[0.0,-2.19096]},"J4o":{"weight":1.0,"played":[1.0,0.0],"evs":[0.0,-2.00944]},"Q4o":{"weight":1.0,"played":[1.0,0.0],"evs":[0.0,-1.71442]},"K4o":{"weight":1.0,"played":[1.0,0.0],"evs":[0.0,-0.82201]},"A4o":{"weight":1.0,"played":[0.0,1.0],"evs":[0.0,1.99123]},"52s":{"weight":1.0,"played":[1.0,0.0],"evs":[0.0,-2.43634]},"53s":{"weight":1.0,"played":[1.0,0.0],"evs":[0.0,-1.86832]},"54s":{"weight":1.0,"played":[1.0,0.0],"evs":[0.0,-1.27609]},"55":{"weight":1.0,"played":[0.0,1.0],"evs":[0.0,4.62263]},"65o":{"weight":1.0,"played":[1.0,0.0],"evs":[0.0,-2.07707]},"75o":{"weight":1.0,"played":[1.0,0.0],"evs":[0.0,-2.10135]},"85o":{"weight":1.0,"played":[1.0,0.0],"evs":[0.0,-2.03508]},"95o":{"weight":1.0,"played":[1.0,0.0],"evs":[0.0,-1.97567]},"T5o":{"weight":1.0,"played":[1.0,0.0],"evs":[0.0,-1.91782]},"J5o":{"weight":1.0,"played":[1.0,0.0],"evs":[0.0,-1.61006]},"Q5o":{"weight":1.0,"played":[1.0,0.0],"evs":[0.0,-1.35352]},"K5o":{"weight":1.0,"played":[1.0,0.0],"evs":[0.0,-0.39396]},"A5o":{"weight":1.0,"played":[0.0,1.0],"evs":[0.0,2.43866]},"62s":{"weight":1.0,"played":[1.0,0.0],"evs":[0.0,-2.79907]},"63s":{"weight":1.0,"played":[1.0,0.0],"evs":[0.0,-2.18772]},"64s":{"weight":1.0,"played":[1.0,0.0],"evs":[0.0,-1.59264]},"65s":{"weight":1.0,"played":[1.0,0.0],"evs":[0.0,-1.02312]},"66":{"weight":1.0,"played":[0.0,1.0],"evs":[0.0,5.47292]},"76o":{"weight":1.0,"played":[1.0,0.0],"evs":[0.0,-1.70277]},"86o":{"weight":1.0,"played":[1.0,0.0],"evs":[0.0,-1.61643]},"96o":{"weight":1.0,"played":[1.0,0.0],"evs":[0.0,-1.58063]},"T6o":{"weight":1.0,"played":[1.0,0.0],"evs":[0.0,-1.52237]},"J6o":{"weight":1.0,"played":[1.0,0.0],"evs":[0.0,-1.62785]},"Q6o":{"weight":1.0,"played":[1.0,0.0],"evs":[0.0,-1.22096]},"K6o":{"weight":1.0,"played":[0.6753,0.3247],"evs":[0.0,0.009]},"A6o":{"weight":1.0,"played":[0.0,1.0],"evs":[0.0,2.79589]},"72s":{"weight":1.0,"played":[1.0,0.0],"evs":[0.0,-2.82808]},"73s":{"weight":1.0,"played":[1.0,0.0],"evs":[0.0,-2.24462]},"74s":{"weight":1.0,"played":[1.0,0.0],"evs":[0.0,-1.63907]},"75s":{"weight":1.0,"played":[1.0,0.0],"evs":[0.0,-1.03849]},"76s":{"weight":1.0,"played":[1.0,0.0],"evs":[0.0,-0.69087]},"77":{"weight":1.0,"played":[0.0,1.0],"evs":[0.0,6.38718]},"87o":{"weight":1.0,"played":[1.0,0.0],"evs":[0.0,-1.07325]},"97o":{"weight":1.0,"played":[1.0,0.0],"evs":[0.0,-1.07913]},"T7o":{"weight":1.0,"played":[1.0,0.0],"evs":[0.0,-1.04117]},"J7o":{"weight":1.0,"played":[1.0,0.0],"evs":[0.0,-1.1079]},"Q7o":{"weight":1.0,"played":[1.0,0.0],"evs":[0.0,-1.09238]},"K7o":{"weight":1.0,"played":[0.0,1.0],"evs":[0.0,0.52208]},"A7o":{"weight":1.0,"played":[0.0,1.0],"evs":[0.0,3.51146]},"82s":{"weight":1.0,"played":[1.0,0.0],"evs":[0.0,-2.3892]},"83s":{"weight":1.0,"played":[1.0,0.0],"evs":[0.0,-2.16455]},"84s":{"weight":1.0,"played":[1.0,0.0],"evs":[0.0,-1.59385]},"85s":{"weight":1.0,"played":[1.0,0.0],"evs":[0.0,-0.96411]},"86s":{"weight":1.0,"played":[1.0,0.0],"evs":[0.0,-0.59423]},"87s":{"weight":1.0,"played":[0.999,0.001],"evs":[0.0,-0.09959]},"88":{"weight":1.0,"played":[0.0,1.0],"evs":[0.0,7.18852]},"98o":{"weight":1.0,"played":[1.0,0.0],"evs":[0.0,-0.55436]},"T8o":{"weight":1.0,"played":[1.0,0.0],"evs":[0.0,-0.52539]},"J8o":{"weight":1.0,"played":[1.0,0.0],"evs":[0.0,-0.63086]},"Q8o":{"weight":1.0,"played":[1.0,0.0],"evs":[0.0,-0.65271]},"K8o":{"weight":1.0,"played":[0.0,1.0],"evs":[0.0,1.04329]},"A8o":{"weight":1.0,"played":[0.0,1.0],"evs":[0.0,4.16907]},"92s":{"weight":1.0,"played":[1.0,0.0],"evs":[0.0,-2.01072]},"93s":{"weight":1.0,"played":[1.0,0.0],"evs":[0.0,-1.78032]},"94s":{"weight":1.0,"played":[1.0,0.0],"evs":[0.0,-1.5734]},"95s":{"weight":1.0,"played":[1.0,0.0],"evs":[0.0,-0.95382]},"96s":{"weight":1.0,"played":[1.0,0.0],"evs":[0.0,-0.53668]},"97s":{"weight":1.0,"played":[0.9355,0.0645],"evs":[0.0,-0.03642]},"98s":{"weight":1.0,"played":[0.0,1.0],"evs":[0.0,0.44978]},"99":{"weight":1.0,"played":[0.0,1.0],"evs":[0.0,7.95217]},"T9o":{"weight":1.0,"played":[0.502,0.498],"evs":[0.0,-0.00726]},"J9o":{"weight":1.0,"played":[1.0,0.0],"evs":[0.0,-0.12525]},"Q9o":{"weight":1.0,"played":[0.2513,0.7487],"evs":[0.0,0.00406]},"K9o":{"weight":1.0,"played":[0.0,1.0],"evs":[0.0,2.00639]},"A9o":{"weight":1.0,"played":[0.0,1.0],"evs":[0.0,4.94521]},"T2s":{"weight":1.0,"played":[1.0,0.0],"evs":[0.0,-1.66107]},"T3s":{"weight":1.0,"played":[1.0,0.0],"evs":[0.0,-1.42227]},"T4s":{"weight":1.0,"played":[1.0,0.0],"evs":[0.0,-1.07908]},"T5s":{"weight":1.0,"played":[1.0,0.0],"evs":[0.0,-0.87538]},"T6s":{"weight":1.0,"played":[1.0,0.0],"evs":[0.0,-0.50834]},"T7s":{"weight":1.0,"played":[0.9847,0.0153],"evs":[0.0,-0.04008]},"T8s":{"weight":1.0,"played":[0.0,1.0],"evs":[0.0,0.4273]},"T9s":{"weight":1.0,"played":[0.0,1.0],"evs":[0.0,0.90672]},"TT":{"weight":1.0,"played":[0.0,1.0],"evs":[0.0,8.5301]},"JTo":{"weight":1.0,"played":[0.0,1.0],"evs":[0.0,0.70499]},"QTo":{"weight":1.0,"played":[0.0,1.0],"evs":[0.0,0.81799]},"KTo":{"weight":1.0,"played":[0.0,1.0],"evs":[0.0,2.74175]},"ATo":{"weight":1.0,"played":[0.0,1.0],"evs":[0.0,5.85399]},"J2s":{"weight":1.0,"played":[1.0,0.0],"evs":[0.0,-1.46803]},"J3s":{"weight":1.0,"played":[1.0,0.0],"evs":[0.0,-1.15499]},"J4s":{"weight":1.0,"played":[1.0,0.0],"evs":[0.0,-0.87388]},"J5s":{"weight":1.0,"played":[1.0,0.0],"evs":[0.0,-0.59596]},"J6s":{"weight":1.0,"played":[1.0,0.0],"evs":[0.0,-0.57865]},"J7s":{"weight":1.0,"played":[0.9993,7.0E-4],"evs":[0.0,-0.10642]},"J8s":{"weight":1.0,"played":[0.0,1.0],"evs":[0.0,0.35494]},"J9s":{"weight":1.0,"played":[0.0,1.0],"evs":[0.0,0.83084]},"JTs":{"weight":1.0,"played":[0.0,1.0],"evs":[0.0,1.57113]},"JJ":{"weight":1.0,"played":[0.0,1.0],"evs":[0.0,8.86576]},"QJo":{"weight":1.0,"played":[0.0,1.0],"evs":[0.0,1.12091]},"KJo":{"weight":1.0,"played":[0.0,1.0],"evs":[0.0,2.96885]},"AJo":{"weight":1.0,"played":[0.0,1.0],"evs":[0.0,6.24335]},"Q2s":{"weight":1.0,"played":[1.0,0.0],"evs":[0.0,-1.22435]},"Q3s":{"weight":1.0,"played":[1.0,0.0],"evs":[0.0,-0.93589]},"Q4s":{"weight":1.0,"played":[1.0,0.0],"evs":[0.0,-0.62738]},"Q5s":{"weight":1.0,"played":[1.0,0.0],"evs":[0.0,-0.32144]},"Q6s":{"weight":1.0,"played":[0.9999,1.0E-4],"evs":[0.0,-0.19773]},"Q7s":{"weight":1.0,"played":[0.9923,0.0077],"evs":[0.0,-0.07417]},"Q8s":{"weight":1.0,"played":[0.0,1.0],"evs":[0.0,0.34411]},"Q9s":{"weight":1.0,"played":[0.0,1.0],"evs":[0.0,0.96727]},"QTs":{"weight":1.0,"played":[0.0,1.0],"evs":[0.0,1.70479]},"QJs":{"weight":1.0,"played":[0.0,1.0],"evs":[0.0,1.97832]},"QQ":{"weight":1.0,"played":[0.0,1.0],"evs":[0.0,9.17187]},"KQo":{"weight":1.0,"played":[0.0,1.0],"evs":[0.0,2.98814]},"AQo":{"weight":1.0,"played":[0.0,1.0],"evs":[0.0,6.33776]},"K2s":{"weight":1.0,"played":[1.0,0.0],"evs":[0.0,-0.40066]},"K3s":{"weight":1.0,"played":[0.9999,1.0E-4],"evs":[0.0,-0.09951]},"K4s":{"weight":1.0,"played":[0.0,1.0],"evs":[0.0,0.20821]},"K5s":{"weight":1.0,"played":[0.0,1.0],"evs":[0.0,0.55152]},"K6s":{"weight":1.0,"played":[0.0,1.0],"evs":[0.0,0.95862]},"K7s":{"weight":1.0,"played":[0.0,1.0],"evs":[0.0,1.42552]},"K8s":{"weight":1.0,"played":[0.0,1.0],"evs":[0.0,1.91124]},"K9s":{"weight":1.0,"played":[0.0,1.0],"evs":[0.0,2.8276]},"KTs":{"weight":1.0,"played":[0.0,1.0],"evs":[0.0,3.50213]},"KJs":{"weight":1.0,"played":[0.0,1.0],"evs":[0.0,3.73807]},"KQs":{"weight":1.0,"played":[0.0,1.0],"evs":[0.0,3.75771]},"KK":{"weight":1.0,"played":[0.0,1.0],"evs":[0.0,10.26375]},"AKo":{"weight":1.0,"played":[0.0,1.0],"evs":[0.0,7.00323]},"A2s":{"weight":1.0,"played":[0.0,1.0],"evs":[0.0,2.17086]},"A3s":{"weight":1.0,"played":[0.0,1.0],"evs":[0.0,2.45867]},"A4s":{"weight":1.0,"played":[0.0,1.0],"evs":[0.0,2.84504]},"A5s":{"weight":1.0,"played":[0.0,1.0],"evs":[0.0,3.2436]},"A6s":{"weight":1.0,"played":[0.0,1.0],"evs":[0.0,3.55537]},"A7s":{"weight":1.0,"played":[0.0,1.0],"evs":[0.0,4.20974]},"A8s":{"weight":1.0,"played":[0.0,1.0],"evs":[0.0,4.85908]},"A9s":{"weight":1.0,"played":[0.0,1.0],"evs":[0.0,5.55318]},"ATs":{"weight":1.0,"played":[0.0,1.0],"evs":[0.0,6.42832]},"AJs":{"weight":1.0,"played":[0.0,1.0],"evs":[0.0,6.77409]},"AQs":{"weight":1.0,"played":[0.0,1.0],"evs":[0.0,6.86567]},"AKs":{"weight":1.0,"played":[0.0,1.0],"evs":[0.0,7.49169]},"AA":{"weight":1.0,"played":[0.0,1.0],"evs":[0.0,12.70222]}}}