{"player":0,"street":0,"children":2,"sequence":[{"player":0,"type":"R","amount":30000,"street":0},{"player":1,"type":"R","amount":400000,"street":0}],"actions":[{"type":"F","amount":0},{"type":"C","amount":370000}],"hands":{"22":{"weight":0.1471,"played":[1.0,0.0],"evs":[0.0,-0.16338]},"32o":{"weight":0.0105,"played":[1.0,0.0],"evs":[0.0,-12.96356]},"42o":{"weight":0.159,"played":[1.0,0.0],"evs":[0.0,-12.26799]},"52o":{"weight":0.0114,"played":[1.0,0.0],"evs":[0.0,-11.68251]},"62o":{"weight":0.0,"played":[1.0,0.0],"evs":[0.0,-11.72846]},"72o":{"weight":0.0,"played":[1.0,0.0],"evs":[0.0,-11.30103]},"82o":{"weight":0.0,"played":[1.0,0.0],"evs":[0.0,-10.38078]},"92o":{"weight":0.0,"played":[1.0,0.0],"evs":[0.0,-10.38872]},"T2o":{"weight":0.0975,"played":[1.0,0.0],"evs":[0.0,-9.99961]},"J2o":{"weight":0.2072,"played":[1.0,0.0],"evs":[0.0,-9.86315]},"Q2o":{"weight":0.0515,"played":[1.0,0.0],"evs":[0.0,-9.51997]},"K2o":{"weight":0.0063,"played":[1.0,0.0],"evs":[0.0,-8.64862]},"A2o":{"weight":0.0062,"played":[1.0,0.0],"evs":[0.0,-6.20607]},"32s":{"weight":0.788,"played":[1.0,0.0],"evs":[0.0,-9.77734]},"33":{"weight":0.3681,"played":[0.0,1.0],"evs":[0.0,2.80221]},"43o":{"weight":0.3445,"played":[1.0,0.0],"evs":[0.0,-10.63635]},"53o":{"weight":0.3892,"played":[1.0,0.0],"evs":[0.0,-10.10752]},"63o":{"weight":2.0E-4,"played":[1.0,0.0],"evs":[0.0,-10.12492]},"73o":{"weight":0.0,"played":[1.0,0.0],"evs":[0.0,-9.75752]},"83o":{"weight":0.0,"played":[1.0,0.0],"evs":[0.0,-9.85413]},"93o":{"weight":0.0,"played":[1.0,0.0],"evs":[0.0,-9.66266]},"T3o":{"weight":0.1191,"played":[1.0,0.0],"evs":[0.0,-9.31879]},"J3o":{"weight":0.1775,"played":[1.0,0.0],"evs":[0.0,-9.14375]},"Q3o":{"weight":0.2853,"played":[1.0,0.0],"evs":[0.0,-8.75305]},"K3o":{"weight":0.0337,"played":[1.0,0.0],"evs":[0.0,-7.84401]},"A3o":{"weight":0.0893,"played":[1.0,0.0],"evs":[0.0,-5.27561]},"42s":{"weight":0.1002,"played":[1.0,0.0],"evs":[0.0,-9.14003]},"43s":{"weight":0.4241,"played":[1.0,0.0],"evs":[0.0,-7.65912]},"44":{"weight":0.4145,"played":[0.0,1.0],"evs":[0.0,5.99887]},"54o":{"weight":0.4105,"played":[1.0,0.0],"evs":[0.0,-8.66824]},"64o":{"weight":0.3483,"played":[1.0,0.0],"evs":[0.0,-8.66811]},"74o":{"weight":0.0,"played":[1.0,0.0],"evs":[0.0,-8.28634]},"84o":{"weight":1.0E-4,"played":[1.0,0.0],"evs":[0.0,-8.49668]},"94o":{"weight":1.0E-4,"played":[1.0,0.0],"evs":[0.0,-9.38417]},"T4o":{"weight":0.2526,"played":[1.0,0.0],"evs":[0.0,-8.76323]},"J4o":{"weight":0.1276,"played":[1.0,0.0],"evs":[0.0,-8.55006]},"Q4o":{"weight":0.1841,"played":[1.0,0.0],"evs":[0.0,-8.2302]},"K4o":{"weight":0.357,"played":[1.0,0.0],"evs":[0.0,-7.33322]},"A4o":{"weight":0.0045,"played":[1.0,0.0],"evs":[0.0,-4.21831]},"52s":{"weight":0.2894,"played":[1.0,0.0],"evs":[0.0,-8.58074]},"53s":{"weight":0.0634,"played":[1.0,0.0],"evs":[0.0,-7.03726]},"54s":{"weight":0.5658,"played":[1.0,0.0],"evs":[0.0,-5.72479]},"55":{"weight":0.436,"played":[0.0,1.0],"evs":[0.0,9.54001]},"65o":{"weight":0.2869,"played":[1.0,0.0],"evs":[0.0,-7.3039]},"75o":{"weight":0.2804,"played":[1.0,0.0],"evs":[0.0,-6.94287]},"85o":{"weight":0.2945,"played":[1.0,0.0],"evs":[0.0,-7.09141]},"95o":{"weight":0.1496,"played":[1.0,0.0],"evs":[0.0,-8.04938]},"T5o":{"weight":0.1056,"played":[1.0,0.0],"evs":[0.0,-8.50255]},"J5o":{"weight":0.3829,"played":[1.0,0.0],"evs":[0.0,-8.07419]},"Q5o":{"weight":0.1824,"played":[1.0,0.0],"evs":[0.0,-7.81381]},"K5o":{"weight":0.6319,"played":[1.0,0.0],"evs":[0.0,-6.514]},"A5o":{"weight":0.3476,"played":[1.0,0.0],"evs":[0.0,-2.65921]},"62s":{"weight":1.0,"played":[1.0,0.0],"evs":[0.0,-8.60277]},"63s":{"weight":0.3011,"played":[1.0,0.0],"evs":[0.0,-7.01823]},"64s":{"weight":0.3713,"played":[1.0,0.0],"evs":[0.0,-5.71898]},"65s":{"weight":0.9716,"played":[1.0,0.0],"evs":[0.0,-4.43423]},"66":{"weight":0.41,"played":[0.0,1.0],"evs":[0.0,13.4039]},"76o":{"weight":0.2861,"played":[1.0,0.0],"evs":[0.0,-4.80157]},"86o":{"weight":0.7096,"played":[1.0,0.0],"evs":[0.0,-4.99787]},"96o":{"weight":0.604,"played":[1.0,0.0],"evs":[0.0,-5.90655]},"T6o":{"weight":0.5968,"played":[1.0,0.0],"evs":[0.0,-6.43851]},"J6o":{"weight":0.0815,"played":[1.0,0.0],"evs":[0.0,-7.12137]},"Q6o":{"weight":0.3394,"played":[1.0,0.0],"evs":[0.0,-6.56208]},"K6o":{"weight":0.3143,"played":[1.0,0.0],"evs":[0.0,-4.64841]},"A6o":{"weight":0.3023,"played":[1.0,0.0],"evs":[0.0,-1.67138]},"72s":{"weight":1.0,"played":[1.0,0.0],"evs":[0.0,-8.09167]},"73s":{"weight":0.4166,"played":[1.0,0.0],"evs":[0.0,-6.68103]},"74s":{"weight":0.1964,"played":[1.0,0.0],"evs":[0.0,-5.30853]},"75s":{"weight":0.0948,"played":[1.0,0.0],"evs":[0.0,-4.14025]},"76s":{"weight":0.2083,"played":[1.0,0.0],"evs":[0.0,-2.07261]},"77":{"weight":0.2518,"played":[0.0,1.0],"evs":[0.0,16.40922]},"87o":{"weight":0.3148,"played":[1.0,0.0],"evs":[0.0,-3.02854]},"97o":{"weight":0.6139,"played":[1.0,0.0],"evs":[0.0,-3.82201]},"T7o":{"weight":0.8405,"played":[1.0,0.0],"evs":[0.0,-4.31248]},"J7o":{"weight":0.5305,"played":[1.0,0.0],"evs":[0.0,-5.0057]},"Q7o":{"weight":0.7225,"played":[1.0,0.0],"evs":[0.0,-5.5631]},"K7o":{"weight":0.3064,"played":[1.0,0.0],"evs":[0.0,-3.23958]},"A7o":{"weight":0.6558,"played":[0.9833,0.0167],"evs":[0.0,-0.00469]},"82s":{"weight":1.0,"played":[1.0,0.0],"evs":[0.0,-7.24565]},"83s":{"weight":1.0,"played":[1.0,0.0],"evs":[0.0,-6.85462]},"84s":{"weight":0.2045,"played":[1.0,0.0],"evs":[0.0,-5.52795]},"85s":{"weight":0.0256,"played":[1.0,0.0],"evs":[0.0,-4.27677]},"86s":{"weight":0.0024,"played":[1.0,0.0],"evs":[0.0,-2.35339]},"87s":{"weight":0.2409,"played":[1.0,0.0],"evs":[0.0,-0.43535]},"88":{"weight":0.2695,"played":[0.0,1.0],"evs":[0.0,17.98206]},"98o":{"weight":0.2837,"played":[1.0,0.0],"evs":[0.0,-2.63315]},"T8o":{"weight":0.2488,"played":[1.0,0.0],"evs":[0.0,-3.05295]},"J8o":{"weight":0.2397,"played":[1.0,0.0],"evs":[0.0,-3.7887]},"Q8o":{"weight":0.2109,"played":[1.0,0.0],"evs":[0.0,-4.32847]},"K8o":{"weight":0.6439,"played":[1.0,0.0],"evs":[0.0,-2.95099]},"A8o":{"weight":0.4618,"played":[0.0,1.0],"evs":[0.0,1.40274]},"92s":{"weight":1.0,"played":[1.0,0.0],"evs":[0.0,-7.25051]},"93s":{"weight":0.9988,"played":[1.0,0.0],"evs":[0.0,-6.58775]},"94s":{"weight":0.9978,"played":[1.0,0.0],"evs":[0.0,-6.29065]},"95s":{"weight":1.0E-4,"played":[1.0,0.0],"evs":[0.0,-5.07473]},"96s":{"weight":6.0E-4,"played":[1.0,0.0],"evs":[0.0,-3.18643]},"97s":{"weight":0.0,"played":[1.0,0.0],"evs":[0.0,-1.18759]},"98s":{"weight":0.0012,"played":[0.7047,0.2953],"evs":[0.0,-0.07797]},"99":{"weight":0.2676,"played":[0.0,1.0],"evs":[0.0,19.05086]},"T9o":{"weight":0.1661,"played":[1.0,0.0],"evs":[0.0,-2.39761]},"J9o":{"weight":0.344,"played":[1.0,0.0],"evs":[0.0,-3.06923]},"Q9o":{"weight":0.0868,"played":[1.0,0.0],"evs":[0.0,-3.61706]},"K9o":{"weight":0.5403,"played":[1.0,0.0],"evs":[0.0,-1.98946]},"A9o":{"weight":0.1082,"played":[0.0,1.0],"evs":[0.0,3.56303]},"T2s":{"weight":0.422,"played":[1.0,0.0],"evs":[0.0,-7.01035]},"T3s":{"weight":3.0E-4,"played":[1.0,0.0],"evs":[0.0,-6.32427]},"T4s":{"weight":0.0263,"played":[1.0,0.0],"evs":[0.0,-5.82488]},"T5s":{"weight":0.0362,"played":[1.0,0.0],"evs":[0.0,-5.63865]},"T6s":{"weight":0.0964,"played":[1.0,0.0],"evs":[0.0,-3.62498]},"T7s":{"weight":0.0,"played":[1.0,0.0],"evs":[0.0,-1.6699]},"T8s":{"weight":0.238,"played":[1.0,0.0],"evs":[0.0,-0.50587]},"T9s":{"weight":0.9143,"played":[0.0128,0.9872],"evs":[0.0,0.11259]},"TT":{"weight":0.8713,"played":[0.0,1.0],"evs":[0.0,20.86622]},"JTo":{"weight":0.3663,"played":[1.0,0.0],"evs":[0.0,-1.34448]},"QTo":{"weight":0.4018,"played":[1.0,0.0],"evs":[0.0,-1.94966]},"KTo":{"weight":0.4816,"played":[1.0,0.0],"evs":[0.0,-0.3799]},"ATo":{"weight":0.2684,"played":[0.0,1.0],"evs":[0.0,7.52808]},"J2s":{"weight":0.0425,"played":[1.0,0.0],"evs":[0.0,-6.81558]},"J3s":{"weight":0.0413,"played":[1.0,0.0],"evs":[0.0,-6.13751]},"J4s":{"weight":0.2254,"played":[1.0,0.0],"evs":[0.0,-5.5855]},"J5s":{"weight":0.024,"played":[1.0,0.0],"evs":[0.0,-5.20906]},"J6s":{"weight":0.0327,"played":[1.0,0.0],"evs":[0.0,-4.291]},"J7s":{"weight":0.0,"played":[1.0,0.0],"evs":[0.0,-2.22675]},"J8s":{"weight":0.5824,"played":[1.0,0.0],"evs":[0.0,-1.14232]},"J9s":{"weight":0.1525,"played":[0.9998,2.0E-4],"evs":[0.0,-0.49189]},"JTs":{"weight":0.4752,"played":[0.0,1.0],"evs":[0.0,1.08021]},"JJ":{"weight":0.7451,"played":[0.0,1.0],"evs":[0.0,21.8632]},"QJo":{"weight":0.5813,"played":[1.0,0.0],"evs":[0.0,-1.78555]},"KJo":{"weight":0.3711,"played":[0.9994,6.0E-4],"evs":[0.0,-0.14285]},"AJo":{"weight":0.3375,"played":[0.0,1.0],"evs":[0.0,10.45166]},"Q2s":{"weight":0.0,"played":[1.0,0.0],"evs":[0.0,-6.45558]},"Q3s":{"weight":0.0,"played":[1.0,0.0],"evs":[0.0,-5.75256]},"Q4s":{"weight":0.0,"played":[1.0,0.0],"evs":[0.0,-5.23469]},"Q5s":{"weight":0.0,"played":[1.0,0.0],"evs":[0.0,-4.93556]},"Q6s":{"weight":0.0,"played":[1.0,0.0],"evs":[0.0,-3.62592]},"Q7s":{"weight":0.0,"played":[1.0,0.0],"evs":[0.0,-2.78037]},"Q8s":{"weight":0.426,"played":[1.0,0.0],"evs":[0.0,-1.65123]},"Q9s":{"weight":0.8893,"played":[0.9999,1.0E-4],"evs":[0.0,-0.97847]},"QTs":{"weight":4.0E-4,"played":[0.0,1.0],"evs":[0.0,0.56931]},"QJs":{"weight":0.0033,"played":[0.0,1.0],"evs":[0.0,0.65864]},"QQ":{"weight":0.589,"played":[0.0,1.0],"evs":[0.0,22.97399]},"KQo":{"weight":0.62,"played":[0.174,0.826],"evs":[0.0,8.0E-4]},"AQo":{"weight":0.7614,"played":[0.0,1.0],"evs":[0.0,13.40479]},"K2s":{"weight":0.0,"played":[1.0,0.0],"evs":[0.0,-5.6143]},"K3s":{"weight":0.0,"played":[1.0,0.0],"evs":[0.0,-4.9131]},"K4s":{"weight":1.0E-4,"played":[1.0,0.0],"evs":[0.0,-4.41964]},"K5s":{"weight":0.0813,"played":[1.0,0.0],"evs":[0.0,-3.71396]},"K6s":{"weight":0.2943,"played":[1.0,0.0],"evs":[0.0,-1.99769]},"K7s":{"weight":0.7846,"played":[1.0,0.0],"evs":[0.0,-0.5946]},"K8s":{"weight":0.0886,"played":[0.9999,1.0E-4],"evs":[0.0,-0.32956]},"K9s":{"weight":0.1367,"played":[0.0,1.0],"evs":[0.0,0.47932]},"KTs":{"weight":0.3111,"played":[0.0,1.0],"evs":[0.0,2.05131]},"KJs":{"weight":0.5452,"played":[0.0,1.0],"evs":[0.0,2.26476]},"KQs":{"weight":0.0997,"played":[0.0,1.0],"evs":[0.0,2.37776]},"KK":{"weight":0.8408,"played":[0.0,1.0],"evs":[0.0,24.10974]},"AKo":{"weight":0.8783,"played":[0.0,1.0],"evs":[0.0,15.80476]},"A2s":{"weight":0.3419,"played":[1.0,0.0],"evs":[0.0,-3.48241]},"A3s":{"weight":0.388,"played":[1.0,0.0],"evs":[0.0,-2.57736]},"A4s":{"weight":0.9666,"played":[1.0,0.0],"evs":[0.0,-1.64947]},"A5s":{"weight":0.954,"played":[0.9999,1.0E-4],"evs":[0.0,-0.26049]},"A6s":{"weight":0.4419,"played":[1.0E-4,0.9999],"evs":[0.0,0.76541]},"A7s":{"weight":0.4342,"played":[0.0,1.0],"evs":[0.0,2.31894]},"A8s":{"weight":0.4057,"played":[0.0,1.0],"evs":[0.0,3.63776]},"A9s":{"weight":0.1717,"played":[0.0,1.0],"evs":[0.0,5.61569]},"ATs":{"weight":0.5608,"played":[0.0,1.0],"evs":[0.0,9.39705]},"AJs":{"weight":0.5899,"played":[0.0,1.0],"evs":[0.0,12.15761]},"AQs":{"weight":0.8598,"played":[0.0,1.0],"evs":[0.0,14.99498]},"AKs":{"weight":0.696,"played":[0.0,1.0],"evs":[0.0,17.21936]},"AA":{"weight":1.0,"played":[0.0,1.0],"evs":[0.0,33.5978]}}}