{"player":1,"street":0,"children":3,"sequence":[{"player":0,"type":"C","amount":5000,"street":0},{"player":1,"type":"R","amount":40000,"street":0},{"player":0,"type":"R","amount":104000,"street":0}],"actions":[{"type":"F","amount":0},{"type":"C","amount":64000},{"type":"R","amount":400000,"node":4}],"hands":{"22":{"weight":0.0,"played":[0.0,0.0,1.0],"evs":[0.0,0.44203,2.00542]},"32o":{"weight":0.0,"played":[1.0,0.0,0.0],"evs":[0.0,-1.7654,-3.09908]},"42o":{"weight":1.0E-4,"played":[1.0,0.0,0.0],"evs":[0.0,-1.69574,-2.95294]},"52o":{"weight":0.0219,"played":[1.0,0.0,0.0],"evs":[0.0,-1.62201,-2.77697]},"62o":{"weight":3.0E-4,"played":[1.0,0.0,0.0],"evs":[0.0,-2.19831,-3.64434]},"72o":{"weight":0.0,"played":[1.0,0.0,0.0],"evs":[0.0,-2.52305,-4.19277]},"82o":{"weight":0.0,"played":[1.0,0.0,0.0],"evs":[0.0,-2.40339,-4.03858]},"92o":{"weight":0.0,"played":[1.0,0.0,0.0],"evs":[0.0,-2.25516,-3.81114]},"T2o":{"weight":1.0E-4,"played":[1.0,0.0,0.0],"evs":[0.0,-2.15826,-3.68864]},"J2o":{"weight":9.0E-4,"played":[1.0,0.0,0.0],"evs":[0.0,-1.86885,-3.06327]},"Q2o":{"weight":0.0,"played":[1.0,0.0,0.0],"evs":[0.0,-1.15686,-1.9713]},"K2o":{"weight":0.0,"played":[1.0,0.0,0.0],"evs":[0.0,-0.87745,-1.37234]},"A2o":{"weight":0.0,"played":[1.0,0.0,0.0],"evs":[0.0,-0.12371,-0.32195]},"32s":{"weight":0.9998,"played":[1.0,0.0,0.0],"evs":[0.0,-0.47927,-1.42069]},"33":{"weight":0.26,"played":[0.0,0.0,1.0],"evs":[0.0,0.80223,1.91733]},"43o":{"weight":0.0604,"played":[1.0,0.0,0.0],"evs":[0.0,-1.31087,-2.34709]},"53o":{"weight":0.0073,"played":[1.0,0.0,0.0],"evs":[0.0,-1.30851,-2.28373]},"63o":{"weight":3.0E-4,"played":[1.0,0.0,0.0],"evs":[0.0,-1.74156,-3.03313]},"73o":{"weight":2.0E-4,"played":[1.0,0.0,0.0],"evs":[0.0,-2.13488,-3.68775]},"83o":{"weight":0.0,"played":[1.0,0.0,0.0],"evs":[0.0,-2.42615,-4.06338]},"93o":{"weight":0.0,"played":[1.0,0.0,0.0],"evs":[0.0,-2.29731,-3.81631]},"T3o":{"weight":0.028,"played":[1.0,0.0,0.0],"evs":[0.0,-2.08269,-3.48788]},"J3o":{"weight":0.003,"played":[1.0,0.0,0.0],"evs":[0.0,-1.84051,-2.90894]},"Q3o":{"weight":0.0014,"played":[1.0,0.0,0.0],"evs":[0.0,-1.16972,-1.86436]},"K3o":{"weight":0.0,"played":[1.0,0.0,0.0],"evs":[0.0,-0.69597,-1.16435]},"A3o":{"weight":0.0,"played":[0.7423,0.2577,0.0],"evs":[0.0,0.07854,-0.2866]},"42s":{"weight":0.9599,"played":[1.0,0.0,0.0],"evs":[0.0,-0.29583,-1.17736]},"43s":{"weight":0.6155,"played":[0.8324,0.1676,0.0],"evs":[0.0,0.03112,-0.68882]},"44":{"weight":0.2304,"played":[0.0,0.0,1.0],"evs":[0.0,1.24521,2.15262]},"54o":{"weight":0.0591,"played":[0.9999,1.0E-4,0.0],"evs":[0.0,-0.82534,-1.57349]},"64o":{"weight":0.2563,"played":[1.0,0.0,0.0],"evs":[0.0,-1.21367,-2.33571]},"74o":{"weight":0.0016,"played":[1.0,0.0,0.0],"evs":[0.0,-1.66096,-2.93522]},"84o":{"weight":7.0E-4,"played":[1.0,0.0,0.0],"evs":[0.0,-1.98186,-3.34497]},"94o":{"weight":0.0,"played":[1.0,0.0,0.0],"evs":[0.0,-2.2399,-3.78092]},"T4o":{"weight":0.0832,"played":[1.0,0.0,0.0],"evs":[0.0,-2.09173,-3.40434]},"J4o":{"weight":0.2351,"played":[1.0,0.0,0.0],"evs":[0.0,-1.72329,-2.62108]},"Q4o":{"weight":0.1048,"played":[1.0,0.0,0.0],"evs":[0.0,-1.14475,-1.77163]},"K4o":{"weight":0.0,"played":[1.0,0.0,0.0],"evs":[0.0,-0.72959,-1.16369]},"A4o":{"weight":9.0E-4,"played":[0.14,0.86,0.0],"evs":[0.0,0.11471,-0.15225]},"52s":{"weight":0.9993,"played":[0.9998,0.0,2.0E-4],"evs":[0.0,-0.33515,-1.12039]},"53s":{"weight":0.9223,"played":[0.2546,0.7429,0.0025],"evs":[0.0,0.06488,-0.67852]},"54s":{"weight":0.9318,"played":[0.0,0.9999,1.0E-4],"evs":[0.0,0.41322,0.03489]},"55":{"weight":0.2904,"played":[0.0,0.0,1.0],"evs":[0.0,1.75501,2.34728]},"65o":{"weight":0.2056,"played":[1.0,0.0,0.0],"evs":[0.0,-0.87984,-1.78374]},"75o":{"weight":0.2625,"played":[1.0,0.0,0.0],"evs":[0.0,-1.21815,-2.23302]},"85o":{"weight":0.3012,"played":[1.0,0.0,0.0],"evs":[0.0,-1.566,-2.74718]},"95o":{"weight":0.1561,"played":[1.0,0.0,0.0],"evs":[0.0,-1.83399,-3.0825]},"T5o":{"weight":0.0128,"played":[1.0,0.0,0.0],"evs":[0.0,-2.14566,-3.43385]},"J5o":{"weight":0.1969,"played":[1.0,0.0,0.0],"evs":[0.0,-1.67236,-2.53872]},"Q5o":{"weight":0.1737,"played":[1.0,0.0,0.0],"evs":[0.0,-1.14536,-1.67292]},"K5o":{"weight":0.0,"played":[1.0,0.0,0.0],"evs":[0.0,-0.64839,-1.01614]},"A5o":{"weight":0.4139,"played":[0.0136,0.985,0.0014],"evs":[0.0,0.19899,-0.0103]},"62s":{"weight":0.9423,"played":[0.9996,4.0E-4,0.0],"evs":[0.0,-0.86259,-1.9357]},"63s":{"weight":0.7992,"played":[0.9994,5.0E-4,0.0],"evs":[0.0,-0.5019,-1.44126]},"64s":{"weight":0.2074,"played":[0.0148,0.9847,6.0E-4],"evs":[0.0,0.15535,-0.77713]},"65s":{"weight":0.7954,"played":[0.0,0.9995,4.0E-4],"evs":[0.0,0.55357,0.08448]},"66":{"weight":0.3248,"played":[0.0,0.009,0.991],"evs":[0.0,2.11232,2.26252]},"76o":{"weight":0.1268,"played":[0.9997,3.0E-4,0.0],"evs":[0.0,-0.89041,-1.84754]},"86o":{"weight":0.204,"played":[1.0,0.0,0.0],"evs":[0.0,-1.14084,-2.3128]},"96o":{"weight":0.1801,"played":[1.0,0.0,0.0],"evs":[0.0,-1.46694,-2.67813]},"T6o":{"weight":0.2185,"played":[1.0,0.0,0.0],"evs":[0.0,-1.79643,-2.97275]},"J6o":{"weight":0.1495,"played":[1.0,0.0,0.0],"evs":[0.0,-1.83246,-2.77145]},"Q6o":{"weight":0.0428,"played":[1.0,0.0,0.0],"evs":[0.0,-1.17849,-1.73879]},"K6o":{"weight":0.0,"played":[1.0,0.0,0.0],"evs":[0.0,-0.67387,-1.06949]},"A6o":{"weight":0.1713,"played":[1.0,0.0,0.0],"evs":[0.0,-0.28896,-0.61352]},"72s":{"weight":0.0117,"played":[1.0,0.0,0.0],"evs":[0.0,-1.2588,-2.42482]},"73s":{"weight":0.9557,"played":[1.0,0.0,0.0],"evs":[0.0,-0.7441,-1.87652]},"74s":{"weight":0.8552,"played":[0.9966,0.0033,1.0E-4],"evs":[0.0,-0.34574,-1.26418]},"75s":{"weight":0.6118,"played":[0.1134,0.8852,0.0014],"evs":[0.0,0.14956,-0.6668]},"76s":{"weight":0.246,"played":[0.002,0.9971,9.0E-4],"evs":[0.0,0.55286,-0.04041]},"77":{"weight":0.4027,"played":[0.0,0.1653,0.8347],"evs":[0.0,2.52986,2.59835]},"87o":{"weight":0.0663,"played":[0.9999,1.0E-4,0.0],"evs":[0.0,-0.79519,-1.88673]},"97o":{"weight":0.3675,"played":[1.0,0.0,0.0],"evs":[0.0,-1.06024,-2.27781]},"T7o":{"weight":0.378,"played":[1.0,0.0,0.0],"evs":[0.0,-1.1588,-2.43818]},"J7o":{"weight":0.2328,"played":[1.0,0.0,0.0],"evs":[0.0,-1.06082,-2.13207]},"Q7o":{"weight":0.3241,"played":[1.0,0.0,0.0],"evs":[0.0,-0.83415,-1.81608]},"K7o":{"weight":0.0481,"played":[0.9991,9.0E-4,0.0],"evs":[0.0,-0.27634,-1.16881]},"A7o":{"weight":0.5515,"played":[0.4414,0.5586,0.0],"evs":[0.0,0.06868,-0.55666]},"82s":{"weight":0.4597,"played":[1.0,0.0,0.0],"evs":[0.0,-1.08621,-2.15463]},"83s":{"weight":0.0238,"played":[1.0,0.0,0.0],"evs":[0.0,-1.12545,-2.31904]},"84s":{"weight":0.6972,"played":[1.0,0.0,0.0],"evs":[0.0,-0.509,-1.49545]},"85s":{"weight":0.112,"played":[0.9979,0.002,1.0E-4],"evs":[0.0,-0.25172,-1.04449]},"86s":{"weight":0.5969,"played":[0.0034,0.9956,0.001],"evs":[0.0,0.22773,-0.54096]},"87s":{"weight":0.4094,"played":[0.0,1.0,0.0],"evs":[0.0,0.6464,-0.1809]},"88":{"weight":0.9998,"played":[0.0,0.7971,0.2029],"evs":[0.0,3.17445,3.14307]},"98o":{"weight":0.2693,"played":[0.9998,2.0E-4,0.0],"evs":[0.0,-0.7071,-1.92877]},"T8o":{"weight":0.4394,"played":[0.9999,0.0,1.0E-4],"evs":[0.0,-0.68341,-1.88676]},"J8o":{"weight":0.3674,"played":[1.0,0.0,0.0],"evs":[0.0,-0.57188,-1.64554]},"Q8o":{"weight":0.3931,"played":[1.0,0.0,0.0],"evs":[0.0,-0.27086,-1.21324]},"K8o":{"weight":0.4658,"played":[0.9809,0.0191,0.0],"evs":[0.0,-0.10835,-1.04324]},"A8o":{"weight":0.0859,"played":[0.0905,0.9095,0.0],"evs":[0.0,0.22849,-0.54985]},"92s":{"weight":0.8242,"played":[1.0,0.0,0.0],"evs":[0.0,-0.90667,-2.00559]},"93s":{"weight":0.2981,"played":[0.9999,0.0,1.0E-4],"evs":[0.0,-1.07001,-2.0722]},"94s":{"weight":0.2033,"played":[1.0,0.0,0.0],"evs":[0.0,-0.94377,-2.11808]},"95s":{"weight":0.4778,"played":[0.9993,6.0E-4,1.0E-4],"evs":[0.0,-0.5836,-1.35257]},"96s":{"weight":0.268,"played":[0.9993,7.0E-4,0.0],"evs":[0.0,-0.23197,-0.93967]},"97s":{"weight":0.4434,"played":[0.0153,0.9847,0.0],"evs":[0.0,0.29629,-0.56694]},"98s":{"weight":0.5775,"played":[0.0,0.9999,1.0E-4],"evs":[0.0,0.55619,-0.32115]},"99":{"weight":1.0,"played":[0.0,0.5763,0.4237],"evs":[0.0,3.56374,3.5549]},"T9o":{"weight":0.3751,"played":[0.9999,1.0E-4,0.0],"evs":[0.0,-0.35274,-1.46434]},"J9o":{"weight":0.2633,"played":[1.0,0.0,0.0],"evs":[0.0,-0.30328,-1.11648]},"Q9o":{"weight":0.2689,"played":[0.9594,0.0406,0.0],"evs":[0.0,-0.036,-0.68912]},"K9o":{"weight":0.3981,"played":[0.5262,0.4738,0.0],"evs":[0.0,0.02408,-0.57128]},"A9o":{"weight":0.0,"played":[0.1417,0.8582,0.0],"evs":[0.0,0.09941,-0.37164]},"T2s":{"weight":0.1198,"played":[1.0,0.0,0.0],"evs":[0.0,-0.90695,-1.84123]},"T3s":{"weight":0.616,"played":[1.0,0.0,0.0],"evs":[0.0,-0.86333,-1.79783]},"T4s":{"weight":0.0011,"played":[0.9957,0.0043,0.0],"evs":[0.0,-0.78243,-1.85174]},"T5s":{"weight":0.299,"played":[0.9994,5.0E-4,1.0E-4],"evs":[0.0,-0.8191,-1.82534]},"T6s":{"weight":0.5271,"played":[0.9979,0.0021,1.0E-4],"evs":[0.0,-0.49337,-1.27899]},"T7s":{"weight":0.0092,"played":[0.0881,0.9119,0.0],"evs":[0.0,0.1015,-0.86114]},"T8s":{"weight":0.1891,"played":[1.0E-4,0.9997,2.0E-4],"evs":[0.0,0.51739,-0.39339]},"T9s":{"weight":0.9922,"played":[0.0,0.9997,3.0E-4],"evs":[0.0,0.96106,0.19638]},"TT":{"weight":1.0,"played":[0.0,0.3381,0.6619],"evs":[0.0,4.99829,5.01979]},"JTo":{"weight":0.3952,"played":[0.0055,0.9942,3.0E-4],"evs":[0.0,0.20783,-0.46605]},"QTo":{"weight":0.3875,"played":[2.0E-4,0.9926,0.0072],"evs":[0.0,0.52149,0.10339]},"KTo":{"weight":0.4606,"played":[1.0E-4,0.9999,0.0],"evs":[0.0,0.49976,0.15358]},"ATo":{"weight":0.0,"played":[0.002,0.9975,4.0E-4],"evs":[0.0,0.81509,0.54731]},"J2s":{"weight":0.0,"played":[1.0,0.0,0.0],"evs":[0.0,-0.56081,-0.95699]},"J3s":{"weight":0.0333,"played":[0.9999,0.0,1.0E-4],"evs":[0.0,-0.48094,-1.10189]},"J4s":{"weight":2.0E-4,"played":[1.0,0.0,0.0],"evs":[0.0,-0.47899,-1.10138]},"J5s":{"weight":0.126,"played":[0.9995,2.0E-4,3.0E-4],"evs":[0.0,-0.42403,-0.98429]},"J6s":{"weight":0.0086,"played":[0.9991,3.0E-4,6.0E-4],"evs":[0.0,-0.53974,-1.06526]},"J7s":{"weight":0.0,"played":[0.1807,0.8186,7.0E-4],"evs":[0.0,0.11629,-0.57016]},"J8s":{"weight":0.014,"played":[0.0,0.9999,0.0],"evs":[0.0,0.6699,0.11188]},"J9s":{"weight":0.6893,"played":[0.0,0.9994,5.0E-4],"evs":[0.0,1.01234,0.41581]},"JTs":{"weight":0.5544,"played":[0.0,0.9954,0.0046],"evs":[0.0,1.61843,1.2409]},"JJ":{"weight":1.0,"played":[0.0,2.0E-4,0.9998],"evs":[0.0,8.02177,8.29686]},"QJo":{"weight":0.7805,"played":[0.0,0.9091,0.0909],"evs":[0.0,0.87513,0.83764]},"KJo":{"weight":0.9988,"played":[2.0E-4,0.9571,0.0428],"evs":[0.0,0.97012,0.96605]},"AJo":{"weight":0.0,"played":[0.0,0.516,0.484],"evs":[0.0,1.53511,1.61465]},"Q2s":{"weight":1.0E-4,"played":[0.5375,0.4625,0.0],"evs":[0.0,0.12591,-0.21351]},"Q3s":{"weight":0.0,"played":[0.6656,0.3339,5.0E-4],"evs":[0.0,0.10026,-0.34524]},"Q4s":{"weight":0.0,"played":[0.2122,0.7848,0.003],"evs":[0.0,0.31212,-0.15266]},"Q5s":{"weight":0.0,"played":[0.0013,0.9444,0.0543],"evs":[0.0,0.21166,-0.06431]},"Q6s":{"weight":1.0E-4,"played":[0.356,0.6313,0.0127],"evs":[0.0,0.13642,-0.16181]},"Q7s":{"weight":3.0E-4,"played":[9.0E-4,0.999,1.0E-4],"evs":[0.0,0.42336,-0.25878]},"Q8s":{"weight":0.0828,"played":[0.0,0.9998,2.0E-4],"evs":[0.0,1.05383,0.39366]},"Q9s":{"weight":0.7582,"played":[0.0,0.9864,0.0135],"evs":[0.0,1.38358,1.09572]},"QTs":{"weight":0.6902,"played":[0.0,0.9489,0.0511],"evs":[0.0,1.97286,1.82499]},"QJs":{"weight":1.0,"played":[0.0,0.0369,0.9631],"evs":[0.0,2.34126,2.44745]},"QQ":{"weight":1.0,"played":[0.0,0.0,1.0],"evs":[0.0,13.45567,13.92113]},"KQo":{"weight":0.9321,"played":[1.0E-4,0.5877,0.4122],"evs":[0.0,1.87552,1.89622]},"AQo":{"weight":0.0,"played":[0.0,0.0,1.0],"evs":[0.0,3.38595,4.12902]},"K2s":{"weight":0.0,"played":[0.01,0.9409,0.0491],"evs":[0.0,0.60807,0.40337]},"K3s":{"weight":0.0,"played":[7.0E-4,0.955,0.0443],"evs":[0.0,0.4831,0.34826]},"K4s":{"weight":0.0,"played":[4.0E-4,0.949,0.0506],"evs":[0.0,0.67828,0.50478]},"K5s":{"weight":0.0,"played":[3.0E-4,0.9743,0.0255],"evs":[0.0,0.81875,0.71741]},"K6s":{"weight":0.0,"played":[1.0E-4,0.9903,0.0096],"evs":[0.0,0.76767,0.64434]},"K7s":{"weight":0.0163,"played":[0.0,1.0,0.0],"evs":[0.0,1.15886,0.6424]},"K8s":{"weight":0.3027,"played":[1.0E-4,0.9999,0.0],"evs":[0.0,1.28791,0.66107]},"K9s":{"weight":0.9998,"played":[0.0,1.0,0.0],"evs":[0.0,1.42031,1.06813]},"KTs":{"weight":0.9993,"played":[0.0,0.9895,0.0105],"evs":[0.0,2.08908,1.97515]},"KJs":{"weight":1.0,"played":[0.0,0.8861,0.1139],"evs":[0.0,2.59965,2.55457]},"KQs":{"weight":1.0,"played":[0.0,0.204,0.796],"evs":[0.0,3.53567,3.61786]},"KK":{"weight":1.0,"played":[0.0,0.8087,0.1913],"evs":[0.0,20.61717,20.55203]},"AKo":{"weight":0.9995,"played":[0.0,0.0,1.0],"evs":[0.0,7.1537,9.09295]},"A2s":{"weight":0.0,"played":[0.0,0.9923,0.0076],"evs":[0.0,1.37565,1.36785]},"A3s":{"weight":0.0,"played":[1.0E-4,0.9991,8.0E-4],"evs":[0.0,1.61055,1.42672]},"A4s":{"weight":0.4812,"played":[0.0,0.8827,0.1173],"evs":[0.0,1.59312,1.61247]},"A5s":{"weight":1.0,"played":[0.0,0.986,0.014],"evs":[0.0,1.76452,1.6905]},"A6s":{"weight":0.9854,"played":[1.0E-4,0.9999,0.0],"evs":[0.0,1.12716,0.90196]},"A7s":{"weight":1.0,"played":[0.0,0.9999,0.0],"evs":[0.0,1.57502,1.08264]},"A8s":{"weight":1.0,"played":[1.0E-4,0.9998,1.0E-4],"evs":[0.0,1.7531,1.17991]},"A9s":{"weight":1.0,"played":[0.0,0.9998,1.0E-4],"evs":[0.0,1.62421,1.24272]},"ATs":{"weight":1.0,"played":[0.0,0.9974,0.0026],"evs":[0.0,2.31323,2.16077]},"AJs":{"weight":1.0,"played":[0.0,0.5762,0.4238],"evs":[0.0,3.10836,3.1136]},"AQs":{"weight":1.0,"played":[0.0,0.0,1.0],"evs":[0.0,4.92276,5.53058]},"AKs":{"weight":1.0,"played":[0.0,0.0,1.0],"evs":[0.0,8.41171,10.00693]},"AA":{"weight":1.0,"played":[0.0,1.0,0.0],"evs":[0.0,25.28327,24.00234]}}}