{"player":0,"street":0,"children":2,"sequence":[{"player":0,"type":"C","amount":5000,"street":0},{"player":1,"type":"R","amount":40000,"street":0},{"player":0,"type":"R","amount":104000,"street":0},{"player":1,"type":"R","amount":400000,"street":0}],"actions":[{"type":"F","amount":0},{"type":"C","amount":296000}],"hands":{"22":{"weight":0.0,"played":[0.9995,5.0E-4],"evs":[0.0,-0.46914]},"32o":{"weight":0.0,"played":[1.0,0.0],"evs":[0.0,-9.76588]},"42o":{"weight":0.0,"played":[1.0,0.0],"evs":[0.0,-9.08073]},"52o":{"weight":0.0,"played":[1.0,0.0],"evs":[0.0,-8.4878]},"62o":{"weight":0.0,"played":[1.0,0.0],"evs":[0.0,-9.29497]},"72o":{"weight":0.0,"played":[1.0,0.0],"evs":[0.0,-9.87592]},"82o":{"weight":0.0,"played":[1.0,0.0],"evs":[0.0,-9.34121]},"92o":{"weight":0.0,"played":[1.0,0.0],"evs":[0.0,-9.17352]},"T2o":{"weight":0.0,"played":[1.0,0.0],"evs":[0.0,-8.83026]},"J2o":{"weight":0.0,"played":[1.0,0.0],"evs":[0.0,-8.6319]},"Q2o":{"weight":0.0,"played":[1.0,0.0],"evs":[0.0,-8.07603]},"K2o":{"weight":0.0,"played":[1.0,0.0],"evs":[0.0,-6.4254]},"A2o":{"weight":0.0217,"played":[1.0,0.0],"evs":[0.0,-1.88058]},"32s":{"weight":0.0,"played":[1.0,0.0],"evs":[0.0,-6.60945]},"33":{"weight":0.0,"played":[0.0,1.0],"evs":[0.0,0.41932]},"43o":{"weight":0.0,"played":[1.0,0.0],"evs":[0.0,-7.99956]},"53o":{"weight":0.0,"played":[1.0,0.0],"evs":[0.0,-7.32453]},"63o":{"weight":0.0,"played":[1.0,0.0],"evs":[0.0,-8.14374]},"73o":{"weight":0.0,"played":[1.0,0.0],"evs":[0.0,-8.76266]},"83o":{"weight":0.0,"played":[1.0,0.0],"evs":[0.0,-9.27592]},"93o":{"weight":0.0,"played":[1.0,0.0],"evs":[0.0,-8.9228]},"T3o":{"weight":0.0,"played":[1.0,0.0],"evs":[0.0,-8.54204]},"J3o":{"weight":0.0,"played":[1.0,0.0],"evs":[0.0,-8.4043]},"Q3o":{"weight":0.0214,"played":[1.0,0.0],"evs":[0.0,-7.87215]},"K3o":{"weight":0.0407,"played":[1.0,0.0],"evs":[0.0,-6.05941]},"A3o":{"weight":0.0,"played":[0.9999,1.0E-4],"evs":[0.0,-1.5075]},"42s":{"weight":0.0,"played":[1.0,0.0],"evs":[0.0,-6.15191]},"43s":{"weight":0.0,"played":[1.0,0.0],"evs":[0.0,-5.16398]},"44":{"weight":0.0,"played":[0.0,1.0],"evs":[0.0,1.97134]},"54o":{"weight":0.0052,"played":[1.0,0.0],"evs":[0.0,-5.84065]},"64o":{"weight":0.0,"played":[1.0,0.0],"evs":[0.0,-6.66237]},"74o":{"weight":0.0,"played":[1.0,0.0],"evs":[0.0,-7.28409]},"84o":{"weight":0.0,"played":[1.0,0.0],"evs":[0.0,-7.89653]},"94o":{"weight":0.0,"played":[1.0,0.0],"evs":[0.0,-8.64131]},"T4o":{"weight":0.0,"played":[1.0,0.0],"evs":[0.0,-7.99909]},"J4o":{"weight":0.0,"played":[1.0,0.0],"evs":[0.0,-7.78686]},"Q4o":{"weight":0.013,"played":[1.0,0.0],"evs":[0.0,-7.17159]},"K4o":{"weight":0.0406,"played":[1.0,0.0],"evs":[0.0,-5.43426]},"A4o":{"weight":0.0,"played":[0.9997,3.0E-4],"evs":[0.0,-0.99152]},"52s":{"weight":0.0,"played":[1.0,0.0],"evs":[0.0,-5.60405]},"53s":{"weight":0.0,"played":[1.0,0.0],"evs":[0.0,-4.50668]},"54s":{"weight":0.0,"played":[1.0,0.0],"evs":[0.0,-3.03187]},"55":{"weight":0.0,"played":[0.0,1.0],"evs":[0.0,3.57575]},"65o":{"weight":0.0016,"played":[1.0,0.0],"evs":[0.0,-5.20298]},"75o":{"weight":0.0,"played":[1.0,0.0],"evs":[0.0,-5.8374]},"85o":{"weight":0.0,"played":[1.0,0.0],"evs":[0.0,-6.54436]},"95o":{"weight":0.0,"played":[1.0,0.0],"evs":[0.0,-7.16652]},"T5o":{"weight":0.0,"played":[1.0,0.0],"evs":[0.0,-7.7226]},"J5o":{"weight":0.0,"played":[1.0,0.0],"evs":[0.0,-7.16202]},"Q5o":{"weight":0.0019,"played":[1.0,0.0],"evs":[0.0,-6.56436]},"K5o":{"weight":0.0624,"played":[1.0,0.0],"evs":[0.0,-4.87447]},"A5o":{"weight":0.0,"played":[0.9918,0.0082],"evs":[0.0,-0.40863]},"62s":{"weight":0.0,"played":[1.0,0.0],"evs":[0.0,-6.38031]},"63s":{"weight":0.0,"played":[1.0,0.0],"evs":[0.0,-5.1919]},"64s":{"weight":0.0,"played":[1.0,0.0],"evs":[0.0,-3.83178]},"65s":{"weight":0.0,"played":[1.0,0.0],"evs":[0.0,-2.36868]},"66":{"weight":0.0,"played":[0.0,1.0],"evs":[0.0,5.19801]},"76o":{"weight":6.0E-4,"played":[1.0,0.0],"evs":[0.0,-4.77734]},"86o":{"weight":0.0,"played":[1.0,0.0],"evs":[0.0,-5.28271]},"96o":{"weight":0.0,"played":[1.0,0.0],"evs":[0.0,-5.96732]},"T6o":{"weight":0.0,"played":[1.0,0.0],"evs":[0.0,-6.50481]},"J6o":{"weight":0.0,"played":[1.0,0.0],"evs":[0.0,-7.04123]},"Q6o":{"weight":0.0412,"played":[1.0,0.0],"evs":[0.0,-6.18249]},"K6o":{"weight":0.0025,"played":[1.0,0.0],"evs":[0.0,-4.39989]},"A6o":{"weight":0.0639,"played":[0.9998,2.0E-4],"evs":[0.0,-1.10135]},"72s":{"weight":0.0,"played":[1.0,0.0],"evs":[0.0,-6.79377]},"73s":{"weight":0.0,"played":[1.0,0.0],"evs":[0.0,-5.73753]},"74s":{"weight":0.0,"played":[1.0,0.0],"evs":[0.0,-4.36074]},"75s":{"weight":0.0,"played":[1.0,0.0],"evs":[0.0,-3.01688]},"76s":{"weight":0.0,"played":[1.0,0.0],"evs":[0.0,-1.93755]},"77":{"weight":0.0387,"played":[0.0,1.0],"evs":[0.0,6.79211]},"87o":{"weight":0.0,"played":[1.0,0.0],"evs":[0.0,-4.35691]},"97o":{"weight":0.0373,"played":[1.0,0.0],"evs":[0.0,-4.88993]},"T7o":{"weight":0.0376,"played":[1.0,0.0],"evs":[0.0,-5.34363]},"J7o":{"weight":0.0372,"played":[1.0,0.0],"evs":[0.0,-5.91278]},"Q7o":{"weight":0.0062,"played":[1.0,0.0],"evs":[0.0,-5.97302]},"K7o":{"weight":2.0E-4,"played":[1.0,0.0],"evs":[0.0,-4.08865]},"A7o":{"weight":0.0,"played":[0.9711,0.0289],"evs":[0.0,-0.44476]},"82s":{"weight":0.0,"played":[1.0,0.0],"evs":[0.0,-6.2698]},"83s":{"weight":0.0,"played":[1.0,0.0],"evs":[0.0,-6.38413]},"84s":{"weight":0.0,"played":[1.0,0.0],"evs":[0.0,-4.92344]},"85s":{"weight":0.0,"played":[1.0,0.0],"evs":[0.0,-3.64413]},"86s":{"weight":0.0,"played":[1.0,0.0],"evs":[0.0,-2.51036]},"87s":{"weight":0.0,"played":[1.0,0.0],"evs":[0.0,-1.61837]},"88":{"weight":0.0138,"played":[0.0,1.0],"evs":[0.0,8.08848]},"98o":{"weight":0.0209,"played":[1.0,0.0],"evs":[0.0,-4.11536]},"T8o":{"weight":0.0269,"played":[1.0,0.0],"evs":[0.0,-4.24384]},"J8o":{"weight":0.0418,"played":[1.0,0.0],"evs":[0.0,-4.64694]},"Q8o":{"weight":0.0247,"played":[1.0,0.0],"evs":[0.0,-4.95648]},"K8o":{"weight":0.0,"played":[1.0,0.0],"evs":[0.0,-3.83292]},"A8o":{"weight":0.0,"played":[0.3222,0.6778],"evs":[0.0,-0.1738]},"92s":{"weight":0.0,"played":[1.0,0.0],"evs":[0.0,-6.15199]},"93s":{"weight":0.0,"played":[1.0,0.0],"evs":[0.0,-5.97359]},"94s":{"weight":0.0,"played":[1.0,0.0],"evs":[0.0,-5.61218]},"95s":{"weight":0.0,"played":[1.0,0.0],"evs":[0.0,-4.30818]},"96s":{"weight":0.0,"played":[1.0,0.0],"evs":[0.0,-3.09946]},"97s":{"weight":0.0,"played":[1.0,0.0],"evs":[0.0,-2.01899]},"98s":{"weight":0.0,"played":[1.0,0.0],"evs":[0.0,-1.33534]},"99":{"weight":0.0023,"played":[0.0,1.0],"evs":[0.0,9.74021]},"T9o":{"weight":0.0,"played":[1.0,0.0],"evs":[0.0,-3.36215]},"J9o":{"weight":0.0,"played":[1.0,0.0],"evs":[0.0,-3.69903]},"Q9o":{"weight":0.0,"played":[1.0,0.0],"evs":[0.0,-4.01154]},"K9o":{"weight":0.0,"played":[0.9996,4.0E-4],"evs":[0.0,-3.05905]},"A9o":{"weight":0.0048,"played":[0.0,1.0],"evs":[0.0,0.20156]},"T2s":{"weight":0.0,"played":[1.0,0.0],"evs":[0.0,-5.93574]},"T3s":{"weight":0.0,"played":[1.0,0.0],"evs":[0.0,-5.58775]},"T4s":{"weight":0.0,"played":[1.0,0.0],"evs":[0.0,-4.95673]},"T5s":{"weight":1.0E-4,"played":[1.0,0.0],"evs":[0.0,-4.72143]},"T6s":{"weight":0.0,"played":[1.0,0.0],"evs":[0.0,-3.52708]},"T7s":{"weight":0.0,"played":[1.0,0.0],"evs":[0.0,-2.5243]},"T8s":{"weight":0.0,"played":[0.9999,1.0E-4],"evs":[0.0,-1.51171]},"T9s":{"weight":0.0,"played":[0.997,0.003],"evs":[0.0,-0.53959]},"TT":{"weight":0.1177,"played":[0.0,1.0],"evs":[0.0,12.88628]},"JTo":{"weight":0.0,"played":[0.9995,5.0E-4],"evs":[0.0,-2.24998]},"QTo":{"weight":0.0,"played":[0.9981,0.0019],"evs":[0.0,-2.36512]},"KTo":{"weight":0.0,"played":[0.9929,0.0071],"evs":[0.0,-1.49557]},"ATo":{"weight":0.0158,"played":[0.0,1.0],"evs":[0.0,1.64205]},"J2s":{"weight":0.0,"played":[1.0,0.0],"evs":[0.0,-5.55346]},"J3s":{"weight":0.0,"played":[1.0,0.0],"evs":[0.0,-5.3093]},"J4s":{"weight":0.0,"played":[1.0,0.0],"evs":[0.0,-4.74205]},"J5s":{"weight":0.0,"played":[1.0,0.0],"evs":[0.0,-4.25774]},"J6s":{"weight":0.0,"played":[1.0,0.0],"evs":[0.0,-3.9545]},"J7s":{"weight":0.0,"played":[1.0,0.0],"evs":[0.0,-2.96138]},"J8s":{"weight":0.0,"played":[0.9993,7.0E-4],"evs":[0.0,-1.79824]},"J9s":{"weight":0.0,"played":[0.9978,0.0022],"evs":[0.0,-1.0084]},"JTs":{"weight":0.0,"played":[0.0,1.0],"evs":[0.0,0.57807]},"JJ":{"weight":0.1773,"played":[0.0,1.0],"evs":[0.0,18.08971]},"QJo":{"weight":0.0,"played":[0.9178,0.0822],"evs":[0.0,-0.88689]},"KJo":{"weight":0.0,"played":[0.3558,0.6442],"evs":[0.0,-0.22484]},"AJo":{"weight":0.0012,"played":[0.0,1.0],"evs":[0.0,3.17283]},"Q2s":{"weight":0.0,"played":[1.0,0.0],"evs":[0.0,-4.8174]},"Q3s":{"weight":0.0,"played":[1.0,0.0],"evs":[0.0,-4.70983]},"Q4s":{"weight":0.0,"played":[1.0,0.0],"evs":[0.0,-4.10921]},"Q5s":{"weight":0.0,"played":[0.9999,1.0E-4],"evs":[0.0,-3.48826]},"Q6s":{"weight":0.0,"played":[0.9998,2.0E-4],"evs":[0.0,-3.06821]},"Q7s":{"weight":0.0,"played":[0.9999,1.0E-4],"evs":[0.0,-2.9065]},"Q8s":{"weight":0.0,"played":[0.999,0.001],"evs":[0.0,-2.04701]},"Q9s":{"weight":0.0,"played":[0.9954,0.0046],"evs":[0.0,-0.94252]},"QTs":{"weight":0.0,"played":[0.0,1.0],"evs":[0.0,0.39547]},"QJs":{"weight":0.0,"played":[0.0,1.0],"evs":[0.0,2.06697]},"QQ":{"weight":0.2452,"played":[0.0,1.0],"evs":[0.0,26.37909]},"KQo":{"weight":0.0032,"played":[0.0,1.0],"evs":[0.0,2.96464]},"AQo":{"weight":0.0298,"played":[0.0,1.0],"evs":[0.0,6.81803]},"K2s":{"weight":0.0,"played":[1.0,0.0],"evs":[0.0,-3.29906]},"K3s":{"weight":0.0,"played":[0.9995,5.0E-4],"evs":[0.0,-2.93299]},"K4s":{"weight":0.0,"played":[0.9987,0.0013],"evs":[0.0,-2.38258]},"K5s":{"weight":0.0,"played":[0.9985,0.0015],"evs":[0.0,-1.87104]},"K6s":{"weight":0.0,"played":[0.998,0.002],"evs":[0.0,-1.47505]},"K7s":{"weight":0.0,"played":[0.9971,0.0029],"evs":[0.0,-1.09687]},"K8s":{"weight":0.0,"played":[0.996,0.004],"evs":[0.0,-0.97195]},"K9s":{"weight":0.0,"played":[0.4198,0.5802],"evs":[0.0,-0.23197]},"KTs":{"weight":0.0,"played":[0.0,1.0],"evs":[0.0,1.36441]},"KJs":{"weight":0.0,"played":[0.0,1.0],"evs":[0.0,2.46416]},"KQs":{"weight":0.0,"played":[0.0,1.0],"evs":[0.0,5.45127]},"KK":{"weight":0.1592,"played":[0.0,1.0],"evs":[0.0,33.99181]},"AKo":{"weight":0.1217,"played":[0.0,1.0],"evs":[0.0,12.63339]},"A2s":{"weight":0.0,"played":[0.0,1.0],"evs":[0.0,0.9311]},"A3s":{"weight":0.0,"played":[0.0,1.0],"evs":[0.0,1.22873]},"A4s":{"weight":0.0,"played":[0.0,1.0],"evs":[0.0,1.67487]},"A5s":{"weight":0.0,"played":[0.0,1.0],"evs":[0.0,2.24029]},"A6s":{"weight":0.0,"played":[0.0,1.0],"evs":[0.0,1.69893]},"A7s":{"weight":0.0,"played":[0.0,1.0],"evs":[0.0,2.20636]},"A8s":{"weight":0.0,"played":[0.0,1.0],"evs":[0.0,2.59944]},"A9s":{"weight":0.0,"played":[0.0,1.0],"evs":[0.0,2.79032]},"ATs":{"weight":0.0,"played":[0.0,1.0],"evs":[0.0,4.21945]},"AJs":{"weight":0.0823,"played":[0.0,1.0],"evs":[0.0,5.86484]},"AQs":{"weight":0.1402,"played":[0.0,1.0],"evs":[0.0,9.15741]},"AKs":{"weight":0.304,"played":[0.0,1.0],"evs":[0.0,14.43153]},"AA":{"weight":0.0,"played":[0.0,1.0],"evs":[0.0,38.23184]}}}