{"player":1,"street":0,"children":2,"sequence":[{"player":0,"type":"C","amount":5000,"street":0},{"player":1,"type":"R","amount":40000,"street":0},{"player":0,"type":"R","amount":400000,"street":0}],"actions":[{"type":"F","amount":0},{"type":"C","amount":360000}],"hands":{"22":{"weight":0.0,"played":[0.0,1.0],"evs":[0.0,3.54354]},"32o":{"weight":0.0,"played":[1.0,0.0],"evs":[0.0,-12.63323]},"42o":{"weight":1.0E-4,"played":[1.0,0.0],"evs":[0.0,-11.50488]},"52o":{"weight":0.0219,"played":[1.0,0.0],"evs":[0.0,-11.0219]},"62o":{"weight":3.0E-4,"played":[1.0,0.0],"evs":[0.0,-12.1183]},"72o":{"weight":0.0,"played":[1.0,0.0],"evs":[0.0,-12.84071]},"82o":{"weight":0.0,"played":[1.0,0.0],"evs":[0.0,-12.35595]},"92o":{"weight":0.0,"played":[1.0,0.0],"evs":[0.0,-12.42602]},"T2o":{"weight":1.0E-4,"played":[1.0,0.0],"evs":[0.0,-11.38435]},"J2o":{"weight":9.0E-4,"played":[1.0,0.0],"evs":[0.0,-11.15937]},"Q2o":{"weight":0.0,"played":[1.0,0.0],"evs":[0.0,-10.27947]},"K2o":{"weight":0.0,"played":[1.0,0.0],"evs":[0.0,-9.91409]},"A2o":{"weight":0.0,"played":[1.0,0.0],"evs":[0.0,-6.57539]},"32s":{"weight":0.9998,"played":[1.0,0.0],"evs":[0.0,-9.4314]},"33":{"weight":0.26,"played":[0.0,1.0],"evs":[0.0,6.40703]},"43o":{"weight":0.0604,"played":[1.0,0.0],"evs":[0.0,-8.88785]},"53o":{"weight":0.0073,"played":[1.0,0.0],"evs":[0.0,-8.35499]},"63o":{"weight":3.0E-4,"played":[1.0,0.0],"evs":[0.0,-9.43234]},"73o":{"weight":2.0E-4,"played":[1.0,0.0],"evs":[0.0,-10.16605]},"83o":{"weight":0.0,"played":[1.0,0.0],"evs":[0.0,-10.93619]},"93o":{"weight":0.0,"played":[1.0,0.0],"evs":[0.0,-10.71581]},"T3o":{"weight":0.028,"played":[1.0,0.0],"evs":[0.0,-9.62671]},"J3o":{"weight":0.003,"played":[1.0,0.0],"evs":[0.0,-9.41594]},"Q3o":{"weight":0.0014,"played":[1.0,0.0],"evs":[0.0,-8.60272]},"K3o":{"weight":0.0,"played":[1.0,0.0],"evs":[0.0,-8.33381]},"A3o":{"weight":0.0,"played":[1.0,0.0],"evs":[0.0,-5.3119]},"42s":{"weight":0.9599,"played":[1.0,0.0],"evs":[0.0,-8.39317]},"43s":{"weight":0.6155,"played":[1.0,0.0],"evs":[0.0,-5.93719]},"44":{"weight":0.2304,"played":[0.0,1.0],"evs":[0.0,7.8096]},"54o":{"weight":0.0591,"played":[1.0,0.0],"evs":[0.0,-6.42255]},"64o":{"weight":0.2563,"played":[1.0,0.0],"evs":[0.0,-7.60038]},"74o":{"weight":0.0016,"played":[1.0,0.0],"evs":[0.0,-8.19777]},"84o":{"weight":7.0E-4,"played":[1.0,0.0],"evs":[0.0,-8.85584]},"94o":{"weight":0.0,"played":[1.0,0.0],"evs":[0.0,-9.66424]},"T4o":{"weight":0.0832,"played":[1.0,0.0],"evs":[0.0,-8.45468]},"J4o":{"weight":0.2351,"played":[1.0,0.0],"evs":[0.0,-8.26694]},"Q4o":{"weight":0.1048,"played":[1.0,0.0],"evs":[0.0,-7.5858]},"K4o":{"weight":0.0,"played":[1.0,0.0],"evs":[0.0,-7.14588]},"A4o":{"weight":9.0E-4,"played":[1.0,0.0],"evs":[0.0,-4.60079]},"52s":{"weight":0.9993,"played":[1.0,0.0],"evs":[0.0,-7.84073]},"53s":{"weight":0.9223,"played":[1.0,0.0],"evs":[0.0,-5.40533]},"54s":{"weight":0.9318,"played":[1.0,0.0],"evs":[0.0,-3.61845]},"55":{"weight":0.2904,"played":[0.0,1.0],"evs":[0.0,8.59154]},"65o":{"weight":0.2056,"played":[1.0,0.0],"evs":[0.0,-6.34802]},"75o":{"weight":0.2625,"played":[1.0,0.0],"evs":[0.0,-6.90458]},"85o":{"weight":0.3012,"played":[1.0,0.0],"evs":[0.0,-7.39772]},"95o":{"weight":0.1561,"played":[1.0,0.0],"evs":[0.0,-8.26346]},"T5o":{"weight":0.0128,"played":[1.0,0.0],"evs":[0.0,-8.15844]},"J5o":{"weight":0.1969,"played":[1.0,0.0],"evs":[0.0,-7.7591]},"Q5o":{"weight":0.1737,"played":[1.0,0.0],"evs":[0.0,-7.06859]},"K5o":{"weight":0.0,"played":[1.0,0.0],"evs":[0.0,-6.67498]},"A5o":{"weight":0.4139,"played":[1.0,0.0],"evs":[0.0,-3.53341]},"62s":{"weight":0.9423,"played":[1.0,0.0],"evs":[0.0,-9.02686]},"63s":{"weight":0.7992,"played":[1.0,0.0],"evs":[0.0,-6.53977]},"64s":{"weight":0.2074,"played":[1.0,0.0],"evs":[0.0,-4.69974]},"65s":{"weight":0.7954,"played":[1.0,0.0],"evs":[0.0,-3.42114]},"66":{"weight":0.3248,"played":[0.0,1.0],"evs":[0.0,8.92123]},"76o":{"weight":0.1268,"played":[1.0,0.0],"evs":[0.0,-6.0823]},"86o":{"weight":0.204,"played":[1.0,0.0],"evs":[0.0,-6.47966]},"96o":{"weight":0.1801,"played":[1.0,0.0],"evs":[0.0,-7.31787]},"T6o":{"weight":0.2185,"played":[1.0,0.0],"evs":[0.0,-7.19306]},"J6o":{"weight":0.1495,"played":[1.0,0.0],"evs":[0.0,-7.88885]},"Q6o":{"weight":0.0428,"played":[1.0,0.0],"evs":[0.0,-6.90684]},"K6o":{"weight":0.0,"played":[1.0,0.0],"evs":[0.0,-6.1642]},"A6o":{"weight":0.1713,"played":[1.0,0.0],"evs":[0.0,-3.48428]},"72s":{"weight":0.0117,"played":[1.0,0.0],"evs":[0.0,-9.65726]},"73s":{"weight":0.9557,"played":[1.0,0.0],"evs":[0.0,-7.18129]},"74s":{"weight":0.8552,"played":[1.0,0.0],"evs":[0.0,-5.20092]},"75s":{"weight":0.6118,"played":[1.0,0.0],"evs":[0.0,-4.07476]},"76s":{"weight":0.246,"played":[1.0,0.0],"evs":[0.0,-3.2597]},"77":{"weight":0.4027,"played":[0.0,1.0],"evs":[0.0,9.5209]},"87o":{"weight":0.0663,"played":[1.0,0.0],"evs":[0.0,-5.25927]},"97o":{"weight":0.3675,"played":[1.0,0.0],"evs":[0.0,-5.94173]},"T7o":{"weight":0.378,"played":[1.0,0.0],"evs":[0.0,-5.88273]},"J7o":{"weight":0.2328,"played":[1.0,0.0],"evs":[0.0,-6.6562]},"Q7o":{"weight":0.3241,"played":[1.0,0.0],"evs":[0.0,-6.7406]},"K7o":{"weight":0.0481,"played":[1.0,0.0],"evs":[0.0,-5.74424]},"A7o":{"weight":0.5515,"played":[1.0,0.0],"evs":[0.0,-2.46547]},"82s":{"weight":0.4597,"played":[1.0,0.0],"evs":[0.0,-9.18108]},"83s":{"weight":0.0238,"played":[1.0,0.0],"evs":[0.0,-7.67807]},"84s":{"weight":0.6972,"played":[1.0,0.0],"evs":[0.0,-5.75895]},"85s":{"weight":0.112,"played":[1.0,0.0],"evs":[0.0,-4.47319]},"86s":{"weight":0.5969,"played":[1.0,0.0],"evs":[0.0,-3.5658]},"87s":{"weight":0.4094,"played":[1.0,0.0],"evs":[0.0,-2.54516]},"88":{"weight":0.9998,"played":[0.0,1.0],"evs":[0.0,11.85074]},"98o":{"weight":0.2693,"played":[1.0,0.0],"evs":[0.0,-4.84194]},"T8o":{"weight":0.4394,"played":[1.0,0.0],"evs":[0.0,-4.90691]},"J8o":{"weight":0.3674,"played":[1.0,0.0],"evs":[0.0,-5.68965]},"Q8o":{"weight":0.3931,"played":[1.0,0.0],"evs":[0.0,-5.84482]},"K8o":{"weight":0.4658,"played":[1.0,0.0],"evs":[0.0,-5.88605]},"A8o":{"weight":0.0859,"played":[0.9988,0.0012],"evs":[0.0,-1.00232]},"92s":{"weight":0.8242,"played":[1.0,0.0],"evs":[0.0,-9.15075]},"93s":{"weight":0.2981,"played":[1.0,0.0],"evs":[0.0,-7.52729]},"94s":{"weight":0.2033,"played":[1.0,0.0],"evs":[0.0,-6.49142]},"95s":{"weight":0.4778,"played":[1.0,0.0],"evs":[0.0,-5.15049]},"96s":{"weight":0.268,"played":[1.0,0.0],"evs":[0.0,-4.27942]},"97s":{"weight":0.4434,"played":[1.0,0.0],"evs":[0.0,-3.0343]},"98s":{"weight":0.5775,"played":[1.0,0.0],"evs":[0.0,-2.05684]},"99":{"weight":1.0,"played":[0.0,1.0],"evs":[0.0,17.00993]},"T9o":{"weight":0.3751,"played":[1.0,0.0],"evs":[0.0,-4.11357]},"J9o":{"weight":0.2633,"played":[1.0,0.0],"evs":[0.0,-4.97519]},"Q9o":{"weight":0.2689,"played":[1.0,0.0],"evs":[0.0,-5.0222]},"K9o":{"weight":0.3981,"played":[1.0,0.0],"evs":[0.0,-4.97265]},"A9o":{"weight":0.0,"played":[0.0,1.0],"evs":[0.0,2.99151]},"T2s":{"weight":0.1198,"played":[1.0,0.0],"evs":[0.0,-8.07953]},"T3s":{"weight":0.616,"played":[1.0,0.0],"evs":[0.0,-6.41913]},"T4s":{"weight":0.0011,"played":[1.0,0.0],"evs":[0.0,-5.3461]},"T5s":{"weight":0.299,"played":[1.0,0.0],"evs":[0.0,-5.05004]},"T6s":{"weight":0.5271,"played":[1.0,0.0],"evs":[0.0,-4.23299]},"T7s":{"weight":0.0092,"played":[1.0,0.0],"evs":[0.0,-3.06174]},"T8s":{"weight":0.1891,"played":[1.0,0.0],"evs":[0.0,-2.10358]},"T9s":{"weight":0.9922,"played":[1.0,0.0],"evs":[0.0,-1.33716]},"TT":{"weight":1.0,"played":[0.0,1.0],"evs":[0.0,20.48347]},"JTo":{"weight":0.3952,"played":[1.0,0.0],"evs":[0.0,-2.63062]},"QTo":{"weight":0.3875,"played":[1.0,0.0],"evs":[0.0,-2.89622]},"KTo":{"weight":0.4606,"played":[1.0,0.0],"evs":[0.0,-2.75361]},"ATo":{"weight":0.0,"played":[0.0,1.0],"evs":[0.0,9.08036]},"J2s":{"weight":0.0,"played":[1.0,0.0],"evs":[0.0,-7.92524]},"J3s":{"weight":0.0333,"played":[1.0,0.0],"evs":[0.0,-6.19035]},"J4s":{"weight":2.0E-4,"played":[1.0,0.0],"evs":[0.0,-5.22942]},"J5s":{"weight":0.126,"played":[1.0,0.0],"evs":[0.0,-4.8884]},"J6s":{"weight":0.0086,"played":[1.0,0.0],"evs":[0.0,-4.79755]},"J7s":{"weight":0.0,"played":[1.0,0.0],"evs":[0.0,-3.68845]},"J8s":{"weight":0.014,"played":[1.0,0.0],"evs":[0.0,-2.73395]},"J9s":{"weight":0.6893,"played":[1.0,0.0],"evs":[0.0,-2.06342]},"JTs":{"weight":0.5544,"played":[0.4798,0.5202],"evs":[0.0,-0.00217]},"JJ":{"weight":1.0,"played":[0.0,1.0],"evs":[0.0,22.32867]},"QJo":{"weight":0.7805,"played":[1.0,0.0],"evs":[0.0,-2.74729]},"KJo":{"weight":0.9988,"played":[1.0,0.0],"evs":[0.0,-2.58508]},"AJo":{"weight":0.0,"played":[0.0,1.0],"evs":[0.0,14.68394]},"Q2s":{"weight":1.0E-4,"played":[1.0,0.0],"evs":[0.0,-7.1685]},"Q3s":{"weight":0.0,"played":[1.0,0.0],"evs":[0.0,-5.62502]},"Q4s":{"weight":0.0,"played":[1.0,0.0],"evs":[0.0,-4.45306]},"Q5s":{"weight":0.0,"played":[1.0,0.0],"evs":[0.0,-3.92898]},"Q6s":{"weight":1.0E-4,"played":[1.0,0.0],"evs":[0.0,-3.90024]},"Q7s":{"weight":3.0E-4,"played":[1.0,0.0],"evs":[0.0,-3.76968]},"Q8s":{"weight":0.0828,"played":[1.0,0.0],"evs":[0.0,-3.06866]},"Q9s":{"weight":0.7582,"played":[1.0,0.0],"evs":[0.0,-2.23678]},"QTs":{"weight":0.6902,"played":[0.8949,0.1051],"evs":[0.0,-0.12342]},"QJs":{"weight":1.0,"played":[0.2068,0.7932],"evs":[0.0,-0.03143]},"QQ":{"weight":1.0,"played":[0.0,1.0],"evs":[0.0,22.93275]},"KQo":{"weight":0.9321,"played":[1.0,0.0],"evs":[0.0,-1.68332]},"AQo":{"weight":0.0,"played":[0.0,1.0],"evs":[0.0,18.50641]},"K2s":{"weight":0.0,"played":[1.0,0.0],"evs":[0.0,-6.76771]},"K3s":{"weight":0.0,"played":[1.0,0.0],"evs":[0.0,-5.28226]},"K4s":{"weight":0.0,"played":[1.0,0.0],"evs":[0.0,-4.28105]},"K5s":{"weight":0.0,"played":[1.0,0.0],"evs":[0.0,-3.65356]},"K6s":{"weight":0.0,"played":[1.0,0.0],"evs":[0.0,-3.22561]},"K7s":{"weight":0.0163,"played":[1.0,0.0],"evs":[0.0,-2.89381]},"K8s":{"weight":0.3027,"played":[1.0,0.0],"evs":[0.0,-3.02045]},"K9s":{"weight":0.9998,"played":[1.0,0.0],"evs":[0.0,-2.07423]},"KTs":{"weight":0.9993,"played":[0.8837,0.1163],"evs":[0.0,-0.10028]},"KJs":{"weight":1.0,"played":[0.0591,0.9409],"evs":[0.0,0.11351]},"KQs":{"weight":1.0,"played":[0.0,1.0],"evs":[0.0,1.03428]},"KK":{"weight":1.0,"played":[0.0,1.0],"evs":[0.0,23.19188]},"AKo":{"weight":0.9995,"played":[0.0,1.0],"evs":[0.0,19.95565]},"A2s":{"weight":0.0,"played":[1.0,0.0],"evs":[0.0,-3.97447]},"A3s":{"weight":0.0,"played":[1.0,0.0],"evs":[0.0,-2.65902]},"A4s":{"weight":0.4812,"played":[1.0,0.0],"evs":[0.0,-2.00235]},"A5s":{"weight":1.0,"played":[1.0,0.0],"evs":[0.0,-0.85045]},"A6s":{"weight":0.9854,"played":[1.0,0.0],"evs":[0.0,-0.78808]},"A7s":{"weight":1.0,"played":[0.057,0.943],"evs":[0.0,0.08255]},"A8s":{"weight":1.0,"played":[0.0,1.0],"evs":[0.0,1.40278]},"A9s":{"weight":1.0,"played":[0.0,1.0],"evs":[0.0,5.22673]},"ATs":{"weight":1.0,"played":[0.0,1.0],"evs":[0.0,10.94076]},"AJs":{"weight":1.0,"played":[0.0,1.0],"evs":[0.0,16.33784]},"AQs":{"weight":1.0,"played":[0.0,1.0],"evs":[0.0,19.75164]},"AKs":{"weight":1.0,"played":[0.0,1.0],"evs":[0.0,21.00754]},"AA":{"weight":1.0,"played":[0.0,1.0],"evs":[0.0,36.62552]}}}