{"player":0,"street":0,"children":2,"sequence":[{"player":0,"type":"C","amount":5000,"street":0},{"player":1,"type":"R","amount":400000,"street":0}],"actions":[{"type":"F","amount":0},{"type":"C","amount":390000}],"hands":{"22":{"weight":0.8529,"played":[1.0,0.0],"evs":[0.0,-0.41578]},"32o":{"weight":0.9895,"played":[1.0,0.0],"evs":[0.0,-14.00728]},"42o":{"weight":0.841,"played":[1.0,0.0],"evs":[0.0,-13.54442]},"52o":{"weight":0.9886,"played":[1.0,0.0],"evs":[0.0,-13.0473]},"62o":{"weight":1.0,"played":[1.0,0.0],"evs":[0.0,-13.41678]},"72o":{"weight":1.0,"played":[1.0,0.0],"evs":[0.0,-13.20732]},"82o":{"weight":1.0,"played":[1.0,0.0],"evs":[0.0,-12.27819]},"92o":{"weight":1.0,"played":[1.0,0.0],"evs":[0.0,-11.48682]},"T2o":{"weight":0.9025,"played":[1.0,0.0],"evs":[0.0,-10.44385]},"J2o":{"weight":0.7928,"played":[1.0,0.0],"evs":[0.0,-9.69948]},"Q2o":{"weight":0.9485,"played":[1.0,0.0],"evs":[0.0,-9.3539]},"K2o":{"weight":0.9937,"played":[1.0,0.0],"evs":[0.0,-8.19645]},"A2o":{"weight":0.9938,"played":[1.0,0.0],"evs":[0.0,-5.58708]},"32s":{"weight":0.212,"played":[1.0,0.0],"evs":[0.0,-10.88461]},"33":{"weight":0.6319,"played":[0.0,1.0],"evs":[0.0,2.25486]},"43o":{"weight":0.6555,"played":[1.0,0.0],"evs":[0.0,-11.70594]},"53o":{"weight":0.6108,"played":[1.0,0.0],"evs":[0.0,-11.24134]},"63o":{"weight":0.9998,"played":[1.0,0.0],"evs":[0.0,-11.59409]},"73o":{"weight":1.0,"played":[1.0,0.0],"evs":[0.0,-11.44584]},"83o":{"weight":1.0,"played":[1.0,0.0],"evs":[0.0,-11.57719]},"93o":{"weight":1.0,"played":[1.0,0.0],"evs":[0.0,-10.5686]},"T3o":{"weight":0.8809,"played":[1.0,0.0],"evs":[0.0,-9.57305]},"J3o":{"weight":0.8225,"played":[1.0,0.0],"evs":[0.0,-8.78851]},"Q3o":{"weight":0.7147,"played":[1.0,0.0],"evs":[0.0,-8.43795]},"K3o":{"weight":0.9663,"played":[1.0,0.0],"evs":[0.0,-7.32999]},"A3o":{"weight":0.9107,"played":[1.0,0.0],"evs":[0.0,-4.68757]},"42s":{"weight":0.8998,"played":[1.0,0.0],"evs":[0.0,-10.40274]},"43s":{"weight":0.5759,"played":[1.0,0.0],"evs":[0.0,-8.65582]},"44":{"weight":0.5855,"played":[0.0,1.0],"evs":[0.0,4.76978]},"54o":{"weight":0.5895,"played":[1.0,0.0],"evs":[0.0,-10.01497]},"64o":{"weight":0.6517,"played":[1.0,0.0],"evs":[0.0,-10.36502]},"74o":{"weight":1.0,"played":[1.0,0.0],"evs":[0.0,-10.20284]},"84o":{"weight":0.9999,"played":[1.0,0.0],"evs":[0.0,-10.40547]},"94o":{"weight":0.9999,"played":[1.0,0.0],"evs":[0.0,-10.46273]},"T4o":{"weight":0.7474,"played":[1.0,0.0],"evs":[0.0,-9.20381]},"J4o":{"weight":0.8724,"played":[1.0,0.0],"evs":[0.0,-8.42718]},"Q4o":{"weight":0.8159,"played":[1.0,0.0],"evs":[0.0,-8.05268]},"K4o":{"weight":0.643,"played":[1.0,0.0],"evs":[0.0,-6.96927]},"A4o":{"weight":0.9955,"played":[1.0,0.0],"evs":[0.0,-3.88219]},"52s":{"weight":0.7106,"played":[1.0,0.0],"evs":[0.0,-9.92994]},"53s":{"weight":0.9366,"played":[1.0,0.0],"evs":[0.0,-8.19856]},"54s":{"weight":0.4342,"played":[1.0,0.0],"evs":[0.0,-7.11187]},"55":{"weight":0.564,"played":[0.0,1.0],"evs":[0.0,7.93926]},"65o":{"weight":0.7131,"played":[1.0,0.0],"evs":[0.0,-9.1153]},"75o":{"weight":0.7196,"played":[1.0,0.0],"evs":[0.0,-9.00157]},"85o":{"weight":0.7055,"played":[1.0,0.0],"evs":[0.0,-9.13497]},"95o":{"weight":0.8504,"played":[1.0,0.0],"evs":[0.0,-9.19402]},"T5o":{"weight":0.8944,"played":[1.0,0.0],"evs":[0.0,-9.04973]},"J5o":{"weight":0.6171,"played":[1.0,0.0],"evs":[0.0,-7.86209]},"Q5o":{"weight":0.8176,"played":[1.0,0.0],"evs":[0.0,-7.40021]},"K5o":{"weight":0.3681,"played":[1.0,0.0],"evs":[0.0,-5.63366]},"A5o":{"weight":0.6524,"played":[1.0,0.0],"evs":[0.0,-2.14894]},"62s":{"weight":0.0,"played":[1.0,0.0],"evs":[0.0,-10.23791]},"63s":{"weight":0.6989,"played":[1.0,0.0],"evs":[0.0,-8.54795]},"64s":{"weight":0.6287,"played":[1.0,0.0],"evs":[0.0,-7.36836]},"65s":{"weight":0.0284,"played":[1.0,0.0],"evs":[0.0,-6.26368]},"66":{"weight":0.59,"played":[0.0,1.0],"evs":[0.0,11.39536]},"76o":{"weight":0.7139,"played":[1.0,0.0],"evs":[0.0,-7.16504]},"86o":{"weight":0.2904,"played":[1.0,0.0],"evs":[0.0,-7.30222]},"96o":{"weight":0.396,"played":[1.0,0.0],"evs":[0.0,-7.09443]},"T6o":{"weight":0.4032,"played":[1.0,0.0],"evs":[0.0,-6.67893]},"J6o":{"weight":0.9185,"played":[1.0,0.0],"evs":[0.0,-6.66396]},"Q6o":{"weight":0.6606,"played":[1.0,0.0],"evs":[0.0,-6.02595]},"K6o":{"weight":0.6857,"played":[1.0,0.0],"evs":[0.0,-4.11419]},"A6o":{"weight":0.6977,"played":[1.0,0.0],"evs":[0.0,-1.55844]},"72s":{"weight":0.0,"played":[1.0,0.0],"evs":[0.0,-9.99339]},"73s":{"weight":0.5834,"played":[1.0,0.0],"evs":[0.0,-8.38647]},"74s":{"weight":0.8036,"played":[1.0,0.0],"evs":[0.0,-7.22987]},"75s":{"weight":0.9052,"played":[1.0,0.0],"evs":[0.0,-6.11623]},"76s":{"weight":0.7917,"played":[1.0,0.0],"evs":[0.0,-4.45245]},"77":{"weight":0.7482,"played":[0.0,1.0],"evs":[0.0,14.39733]},"87o":{"weight":0.6852,"played":[1.0,0.0],"evs":[0.0,-5.17261]},"97o":{"weight":0.3861,"played":[1.0,0.0],"evs":[0.0,-4.91135]},"T7o":{"weight":0.1595,"played":[1.0,0.0],"evs":[0.0,-4.57548]},"J7o":{"weight":0.4695,"played":[1.0,0.0],"evs":[0.0,-4.82496]},"Q7o":{"weight":0.2775,"played":[1.0,0.0],"evs":[0.0,-5.32877]},"K7o":{"weight":0.6936,"played":[1.0,0.0],"evs":[0.0,-3.08958]},"A7o":{"weight":0.3442,"played":[0.9949,0.0051],"evs":[0.0,-0.07276]},"82s":{"weight":0.0,"played":[1.0,0.0],"evs":[0.0,-9.15951]},"83s":{"weight":0.0,"played":[1.0,0.0],"evs":[0.0,-8.54739]},"84s":{"weight":0.7955,"played":[1.0,0.0],"evs":[0.0,-7.42771]},"85s":{"weight":0.9744,"played":[1.0,0.0],"evs":[0.0,-6.27397]},"86s":{"weight":0.9976,"played":[1.0,0.0],"evs":[0.0,-4.55758]},"87s":{"weight":0.7591,"played":[1.0,0.0],"evs":[0.0,-2.50667]},"88":{"weight":0.7305,"played":[0.0,1.0],"evs":[0.0,16.31653]},"98o":{"weight":0.7163,"played":[1.0,0.0],"evs":[0.0,-3.64655]},"T8o":{"weight":0.7512,"played":[1.0,0.0],"evs":[0.0,-3.40683]},"J8o":{"weight":0.7603,"played":[1.0,0.0],"evs":[0.0,-3.86246]},"Q8o":{"weight":0.7891,"played":[1.0,0.0],"evs":[0.0,-4.3426]},"K8o":{"weight":0.3561,"played":[1.0,0.0],"evs":[0.0,-3.07916]},"A8o":{"weight":0.5382,"played":[0.0,1.0],"evs":[0.0,1.55425]},"92s":{"weight":0.0,"played":[1.0,0.0],"evs":[0.0,-8.37229]},"93s":{"weight":0.0012,"played":[1.0,0.0],"evs":[0.0,-7.58311]},"94s":{"weight":0.0022,"played":[1.0,0.0],"evs":[0.0,-7.4668]},"95s":{"weight":0.9999,"played":[1.0,0.0],"evs":[0.0,-6.29083]},"96s":{"weight":0.9994,"played":[1.0,0.0],"evs":[0.0,-4.49427]},"97s":{"weight":1.0,"played":[1.0,0.0],"evs":[0.0,-2.33454]},"98s":{"weight":0.9988,"played":[1.0,0.0],"evs":[0.0,-1.13492]},"99":{"weight":0.7324,"played":[0.0,1.0],"evs":[0.0,17.83416]},"T9o":{"weight":0.8339,"played":[1.0,0.0],"evs":[0.0,-2.34418]},"J9o":{"weight":0.656,"played":[1.0,0.0],"evs":[0.0,-2.80301]},"Q9o":{"weight":0.9132,"played":[1.0,0.0],"evs":[0.0,-3.2736]},"K9o":{"weight":0.4597,"played":[1.0,0.0],"evs":[0.0,-1.83773]},"A9o":{"weight":0.8918,"played":[0.0,1.0],"evs":[0.0,3.92629]},"T2s":{"weight":0.578,"played":[1.0,0.0],"evs":[0.0,-7.4956]},"T3s":{"weight":0.9997,"played":[1.0,0.0],"evs":[0.0,-6.67508]},"T4s":{"weight":0.9737,"played":[1.0,0.0],"evs":[0.0,-6.34754]},"T5s":{"weight":0.9638,"played":[1.0,0.0],"evs":[0.0,-6.17545]},"T6s":{"weight":0.9036,"played":[1.0,0.0],"evs":[0.0,-4.00047]},"T7s":{"weight":1.0,"played":[1.0,0.0],"evs":[0.0,-2.02636]},"T8s":{"weight":0.762,"played":[1.0,0.0],"evs":[0.0,-0.95319]},"T9s":{"weight":0.0857,"played":[0.4942,0.5058],"evs":[0.0,0.04953]},"TT":{"weight":0.1287,"played":[0.0,1.0],"evs":[0.0,19.72721]},"JTo":{"weight":0.6337,"played":[1.0,0.0],"evs":[0.0,-1.23118]},"QTo":{"weight":0.5982,"played":[1.0,0.0],"evs":[0.0,-1.75569]},"KTo":{"weight":0.5184,"played":[1.0,0.0],"evs":[0.0,-0.34653]},"ATo":{"weight":0.7316,"played":[0.0,1.0],"evs":[0.0,7.40551]},"J2s":{"weight":0.9575,"played":[1.0,0.0],"evs":[0.0,-6.71418]},"J3s":{"weight":0.9587,"played":[1.0,0.0],"evs":[0.0,-5.95805]},"J4s":{"weight":0.7746,"played":[1.0,0.0],"evs":[0.0,-5.5708]},"J5s":{"weight":0.976,"played":[1.0,0.0],"evs":[0.0,-5.0894]},"J6s":{"weight":0.9673,"played":[1.0,0.0],"evs":[0.0,-3.94069]},"J7s":{"weight":1.0,"played":[1.0,0.0],"evs":[0.0,-2.22529]},"J8s":{"weight":0.4176,"played":[1.0,0.0],"evs":[0.0,-1.37787]},"J9s":{"weight":0.8475,"played":[1.0,0.0],"evs":[0.0,-0.33425]},"JTs":{"weight":0.5248,"played":[0.0,1.0],"evs":[0.0,0.98979]},"JJ":{"weight":0.2549,"played":[0.0,1.0],"evs":[0.0,20.75368]},"QJo":{"weight":0.4187,"played":[1.0,0.0],"evs":[0.0,-1.62929]},"KJo":{"weight":0.6289,"played":[1.0,0.0],"evs":[0.0,-0.15319]},"AJo":{"weight":0.6625,"played":[0.0,1.0],"evs":[0.0,10.07115]},"Q2s":{"weight":1.0,"played":[1.0,0.0],"evs":[0.0,-6.45881]},"Q3s":{"weight":1.0,"played":[1.0,0.0],"evs":[0.0,-5.55547]},"Q4s":{"weight":1.0,"played":[1.0,0.0],"evs":[0.0,-5.15749]},"Q5s":{"weight":1.0,"played":[1.0,0.0],"evs":[0.0,-4.66278]},"Q6s":{"weight":1.0,"played":[1.0,0.0],"evs":[0.0,-3.30657]},"Q7s":{"weight":1.0,"played":[1.0,0.0],"evs":[0.0,-2.64944]},"Q8s":{"weight":0.574,"played":[1.0,0.0],"evs":[0.0,-1.71027]},"Q9s":{"weight":0.1107,"played":[0.9998,2.0E-4],"evs":[0.0,-0.76777]},"QTs":{"weight":0.9996,"played":[0.0,1.0],"evs":[0.0,0.59996]},"QJs":{"weight":0.9967,"played":[0.0,1.0],"evs":[0.0,0.72592]},"QQ":{"weight":0.411,"played":[0.0,1.0],"evs":[0.0,21.92558]},"KQo":{"weight":0.38,"played":[6.0E-4,0.9994],"evs":[0.0,0.13246]},"AQo":{"weight":0.2386,"played":[0.0,1.0],"evs":[0.0,12.94435]},"K2s":{"weight":1.0,"played":[1.0,0.0],"evs":[0.0,-5.35221]},"K3s":{"weight":1.0,"played":[1.0,0.0],"evs":[0.0,-4.48509]},"K4s":{"weight":0.9999,"played":[1.0,0.0],"evs":[0.0,-4.1501]},"K5s":{"weight":0.9187,"played":[1.0,0.0],"evs":[0.0,-3.04864]},"K6s":{"weight":0.7057,"played":[1.0,0.0],"evs":[0.0,-1.59326]},"K7s":{"weight":0.2154,"played":[1.0,0.0],"evs":[0.0,-0.61471]},"K8s":{"weight":0.9114,"played":[1.0,0.0],"evs":[0.0,-0.65862]},"K9s":{"weight":0.8633,"played":[0.0,1.0],"evs":[0.0,0.4782]},"KTs":{"weight":0.6889,"played":[0.0,1.0],"evs":[0.0,1.96249]},"KJs":{"weight":0.4548,"played":[0.0,1.0],"evs":[0.0,2.09849]},"KQs":{"weight":0.9003,"played":[0.0,1.0],"evs":[0.0,2.3837]},"KK":{"weight":0.1592,"played":[0.0,1.0],"evs":[0.0,22.95832]},"AKo":{"weight":0.1217,"played":[0.0,1.0],"evs":[0.0,14.92351]},"A2s":{"weight":0.6581,"played":[1.0,0.0],"evs":[0.0,-3.04822]},"A3s":{"weight":0.612,"played":[1.0,0.0],"evs":[0.0,-2.17001]},"A4s":{"weight":0.0334,"played":[1.0,0.0],"evs":[0.0,-1.42419]},"A5s":{"weight":0.046,"played":[0.0522,0.9478],"evs":[0.0,0.17999]},"A6s":{"weight":0.5581,"played":[0.0,1.0],"evs":[0.0,0.77844]},"A7s":{"weight":0.5658,"played":[0.0,1.0],"evs":[0.0,2.18959]},"A8s":{"weight":0.5943,"played":[0.0,1.0],"evs":[0.0,3.65265]},"A9s":{"weight":0.8283,"played":[0.0,1.0],"evs":[0.0,5.85418]},"ATs":{"weight":0.4392,"played":[0.0,1.0],"evs":[0.0,9.12372]},"AJs":{"weight":0.4101,"played":[0.0,1.0],"evs":[0.0,11.67092]},"AQs":{"weight":0.1402,"played":[0.0,1.0],"evs":[0.0,14.41904]},"AKs":{"weight":0.304,"played":[0.0,1.0],"evs":[0.0,16.20702]},"AA":{"weight":0.0,"played":[0.0,1.0],"evs":[0.0,31.80673]}}}