{"player":0,"street":0,"children":3,"sequence":[{"player":0,"type":"R","amount":30000,"street":0},{"player":1,"type":"R","amount":90000,"street":0}],"actions":[{"type":"F","amount":0},{"type":"C","amount":60000},{"type":"R","amount":400000,"node":9}],"hands":{"22":{"weight":0.1471,"played":[0.0,0.0,1.0],"evs":[0.0,1.03435,1.31325]},"32o":{"weight":0.0105,"played":[1.0,0.0,0.0],"evs":[0.0,-1.14727,-3.00613]},"42o":{"weight":0.159,"played":[1.0,0.0,0.0],"evs":[0.0,-1.10677,-2.82633]},"52o":{"weight":0.0114,"played":[1.0,0.0,0.0],"evs":[0.0,-1.03556,-2.60685]},"62o":{"weight":0.0,"played":[1.0,0.0,0.0],"evs":[0.0,-1.4168,-3.20887]},"72o":{"weight":0.0,"played":[1.0,0.0,0.0],"evs":[0.0,-1.80151,-3.65861]},"82o":{"weight":0.0,"played":[1.0,0.0,0.0],"evs":[0.0,-1.82466,-3.30714]},"92o":{"weight":0.0,"played":[1.0,0.0,0.0],"evs":[0.0,-1.6055,-2.84607]},"T2o":{"weight":0.0975,"played":[1.0,0.0,0.0],"evs":[0.0,-1.28875,-2.35751]},"J2o":{"weight":0.2072,"played":[1.0,0.0,0.0],"evs":[0.0,-0.94956,-1.93125]},"Q2o":{"weight":0.0515,"played":[1.0,0.0,0.0],"evs":[0.0,-0.5651,-1.57024]},"K2o":{"weight":0.0063,"played":[1.0,0.0,0.0],"evs":[0.0,-0.51563,-1.21301]},"A2o":{"weight":0.0062,"played":[0.0,0.0233,0.9767],"evs":[0.0,0.4538,0.4681]},"32s":{"weight":0.788,"played":[0.9814,0.0186,0.0],"evs":[0.0,-0.02052,-1.43564]},"33":{"weight":0.3681,"played":[0.0,0.0,1.0],"evs":[0.0,1.5206,1.65383]},"43o":{"weight":0.3445,"played":[1.0,0.0,0.0],"evs":[0.0,-0.58925,-2.17825]},"53o":{"weight":0.3892,"played":[1.0,0.0,0.0],"evs":[0.0,-0.49341,-1.91976]},"63o":{"weight":2.0E-4,"played":[1.0,0.0,0.0],"evs":[0.0,-0.8922,-2.53481]},"73o":{"weight":0.0,"played":[1.0,0.0,0.0],"evs":[0.0,-1.31369,-2.98219]},"83o":{"weight":0.0,"played":[1.0,0.0,0.0],"evs":[0.0,-1.71231,-3.21704]},"93o":{"weight":0.0,"played":[1.0,0.0,0.0],"evs":[0.0,-1.48296,-2.63576]},"T3o":{"weight":0.1191,"played":[1.0,0.0,0.0],"evs":[0.0,-1.15496,-2.17335]},"J3o":{"weight":0.1775,"played":[1.0,0.0,0.0],"evs":[0.0,-0.80267,-1.74913]},"Q3o":{"weight":0.2853,"played":[1.0,0.0,0.0],"evs":[0.0,-0.47202,-1.38473]},"K3o":{"weight":0.0337,"played":[1.0,0.0,0.0],"evs":[0.0,-0.32334,-1.02128]},"A3o":{"weight":0.0893,"played":[0.0,0.89,0.11],"evs":[0.0,0.68118,0.64037]},"42s":{"weight":0.1002,"played":[0.0416,0.9584,0.0],"evs":[0.0,0.05688,-1.31571]},"43s":{"weight":0.4241,"played":[1.0E-4,0.9999,0.0],"evs":[0.0,0.57006,-0.68679]},"44":{"weight":0.4145,"played":[0.0,0.3769,0.6231],"evs":[0.0,1.82934,1.83066]},"54o":{"weight":0.4105,"played":[0.9997,3.0E-4,0.0],"evs":[0.0,-0.10677,-1.3507]},"64o":{"weight":0.3483,"played":[1.0,0.0,0.0],"evs":[0.0,-0.49019,-1.91425]},"74o":{"weight":0.0,"played":[1.0,0.0,0.0],"evs":[0.0,-0.86666,-2.38547]},"84o":{"weight":1.0E-4,"played":[1.0,0.0,0.0],"evs":[0.0,-1.31142,-2.6369]},"94o":{"weight":1.0E-4,"played":[1.0,0.0,0.0],"evs":[0.0,-1.47144,-2.60258]},"T4o":{"weight":0.2526,"played":[1.0,0.0,0.0],"evs":[0.0,-1.12709,-2.03642]},"J4o":{"weight":0.1276,"played":[1.0,0.0,0.0],"evs":[0.0,-0.77075,-1.60723]},"Q4o":{"weight":0.1841,"played":[1.0,0.0,0.0],"evs":[0.0,-0.44152,-1.2398]},"K4o":{"weight":0.357,"played":[1.0,0.0,0.0],"evs":[0.0,-0.21394,-0.81811]},"A4o":{"weight":0.0045,"played":[0.0,0.9386,0.0614],"evs":[0.0,0.84172,0.77214]},"52s":{"weight":0.2894,"played":[1.0E-4,0.9999,0.0],"evs":[0.0,0.09796,-1.10408]},"53s":{"weight":0.0634,"played":[0.0,1.0,0.0],"evs":[0.0,0.71233,-0.44409]},"54s":{"weight":0.5658,"played":[0.0,1.0,0.0],"evs":[0.0,1.14296,0.07162]},"55":{"weight":0.436,"played":[0.0,0.9564,0.0436],"evs":[0.0,2.36011,2.24898]},"65o":{"weight":0.2869,"played":[0.9999,1.0E-4,0.0],"evs":[0.0,-0.11647,-1.31772]},"75o":{"weight":0.2804,"played":[1.0,0.0,0.0],"evs":[0.0,-0.45171,-1.76496]},"85o":{"weight":0.2945,"played":[1.0,0.0,0.0],"evs":[0.0,-0.88856,-2.04031]},"95o":{"weight":0.1496,"played":[1.0,0.0,0.0],"evs":[0.0,-1.07235,-1.99466]},"T5o":{"weight":0.1056,"played":[1.0,0.0,0.0],"evs":[0.0,-1.15097,-2.00438]},"J5o":{"weight":0.3829,"played":[1.0,0.0,0.0],"evs":[0.0,-0.76958,-1.42365]},"Q5o":{"weight":0.1824,"played":[1.0,0.0,0.0],"evs":[0.0,-0.29971,-1.02091]},"K5o":{"weight":0.6319,"played":[1.0,0.0,0.0],"evs":[0.0,-0.06689,-0.68258]},"A5o":{"weight":0.3476,"played":[0.0,0.2656,0.7344],"evs":[0.0,0.9687,0.96684]},"62s":{"weight":1.0,"played":[1.0,0.0,0.0],"evs":[0.0,-0.23867,-1.66032]},"63s":{"weight":0.3011,"played":[1.0E-4,0.9999,0.0],"evs":[0.0,0.3156,-1.04306]},"64s":{"weight":0.3713,"played":[0.0,1.0,0.0],"evs":[0.0,0.74537,-0.44334]},"65s":{"weight":0.9716,"played":[0.0,1.0,0.0],"evs":[0.0,1.14205,0.13136]},"66":{"weight":0.41,"played":[0.0,1.0,0.0],"evs":[0.0,3.01601,2.5779]},"76o":{"weight":0.2861,"played":[1.0,0.0,0.0],"evs":[0.0,-0.03742,-1.35521]},"86o":{"weight":0.7096,"played":[1.0,0.0,0.0],"evs":[0.0,-0.39058,-1.51709]},"96o":{"weight":0.604,"played":[1.0,0.0,0.0],"evs":[0.0,-0.58912,-1.4959]},"T6o":{"weight":0.5968,"played":[1.0,0.0,0.0],"evs":[0.0,-0.70869,-1.50823]},"J6o":{"weight":0.0815,"played":[1.0,0.0,0.0],"evs":[0.0,-0.65212,-1.51197]},"Q6o":{"weight":0.3394,"played":[1.0,0.0,0.0],"evs":[0.0,-0.20654,-1.01184]},"K6o":{"weight":0.3143,"played":[0.9839,0.0161,0.0],"evs":[0.0,-0.03163,-0.64197]},"A6o":{"weight":0.3023,"played":[0.0,0.4722,0.5278],"evs":[0.0,0.44275,0.43379]},"72s":{"weight":1.0,"played":[1.0,0.0,0.0],"evs":[0.0,-0.63533,-2.07548]},"73s":{"weight":0.4166,"played":[0.9991,9.0E-4,0.0],"evs":[0.0,-0.08453,-1.4141]},"74s":{"weight":0.1964,"played":[2.0E-4,0.9998,0.0],"evs":[0.0,0.36785,-0.8748]},"75s":{"weight":0.0948,"played":[0.0,1.0,0.0],"evs":[0.0,0.79147,-0.28746]},"76s":{"weight":0.2083,"played":[0.0,1.0,0.0],"evs":[0.0,1.18175,0.0736]},"77":{"weight":0.2518,"played":[0.0,1.0,0.0],"evs":[0.0,3.50296,2.88414]},"87o":{"weight":0.3148,"played":[0.9813,0.0187,0.0],"evs":[0.0,-0.05477,-1.10383]},"97o":{"weight":0.6139,"played":[1.0,0.0,0.0],"evs":[0.0,-0.22741,-1.04271]},"T7o":{"weight":0.8405,"played":[1.0,0.0,0.0],"evs":[0.0,-0.30009,-0.98536]},"J7o":{"weight":0.5305,"played":[1.0,0.0,0.0],"evs":[0.0,-0.31859,-0.99446]},"Q7o":{"weight":0.7225,"played":[1.0,0.0,0.0],"evs":[0.0,-0.17607,-1.06379]},"K7o":{"weight":0.3064,"played":[0.9766,0.0234,0.0],"evs":[0.0,-0.02895,-0.62482]},"A7o":{"weight":0.6558,"played":[0.0,0.924,0.076],"evs":[0.0,0.62713,0.61439]},"82s":{"weight":1.0,"played":[1.0,0.0,0.0],"evs":[0.0,-0.59092,-1.72776]},"83s":{"weight":1.0,"played":[1.0,0.0,0.0],"evs":[0.0,-0.51571,-1.67946]},"84s":{"weight":0.2045,"played":[0.9997,3.0E-4,0.0],"evs":[0.0,-0.08329,-1.0882]},"85s":{"weight":0.0256,"played":[0.0,1.0,0.0],"evs":[0.0,0.34143,-0.5476]},"86s":{"weight":0.0024,"played":[0.0,1.0,0.0],"evs":[0.0,0.87024,-0.06004]},"87s":{"weight":0.2409,"played":[0.0,1.0,0.0],"evs":[0.0,1.25213,0.34825]},"88":{"weight":0.2695,"played":[0.0,1.0,0.0],"evs":[0.0,4.52564,4.01999]},"98o":{"weight":0.2837,"played":[0.396,0.604,0.0],"evs":[0.0,-0.00142,-0.60905]},"T8o":{"weight":0.2488,"played":[0.0408,0.9592,0.0],"evs":[0.0,-0.00657,-0.40224]},"J8o":{"weight":0.2397,"played":[0.9646,0.0354,0.0],"evs":[0.0,-0.02085,-0.4256]},"Q8o":{"weight":0.2109,"played":[0.1132,0.8868,0.0],"evs":[0.0,0.00857,-0.51099]},"K8o":{"weight":0.6439,"played":[0.9337,0.0663,0.0],"evs":[0.0,-0.00838,-0.5376]},"A8o":{"weight":0.4618,"played":[0.0,0.9991,9.0E-4],"evs":[0.0,1.02249,0.88914]},"92s":{"weight":1.0,"played":[1.0,0.0,0.0],"evs":[0.0,-0.39219,-1.27758]},"93s":{"weight":0.9988,"played":[1.0,0.0,0.0],"evs":[0.0,-0.25701,-1.07082]},"94s":{"weight":0.9978,"played":[1.0,0.0,0.0],"evs":[0.0,-0.25744,-1.09121]},"95s":{"weight":1.0E-4,"played":[2.0E-4,0.9998,0.0],"evs":[0.0,0.13501,-0.50974]},"96s":{"weight":6.0E-4,"played":[0.0,1.0,0.0],"evs":[0.0,0.66882,-0.00102]},"97s":{"weight":0.0,"played":[0.0,1.0,0.0],"evs":[0.0,1.00774,0.37119]},"98s":{"weight":0.0012,"played":[0.0,0.9999,1.0E-4],"evs":[0.0,1.30475,0.83262]},"99":{"weight":0.2676,"played":[0.0,0.9978,0.0022],"evs":[0.0,6.27677,6.1054]},"T9o":{"weight":0.1661,"played":[0.0,1.0,0.0],"evs":[0.0,0.53177,0.38166]},"J9o":{"weight":0.344,"played":[0.0,1.0,0.0],"evs":[0.0,0.5206,0.3689]},"Q9o":{"weight":0.0868,"played":[0.0,1.0,0.0],"evs":[0.0,0.55927,0.30826]},"K9o":{"weight":0.5403,"played":[0.0,1.0,0.0],"evs":[0.0,0.48856,0.28071]},"A9o":{"weight":0.1082,"played":[0.0,0.9982,0.0018],"evs":[0.0,1.7704,1.68533]},"T2s":{"weight":0.422,"played":[0.9862,0.0138,0.0],"evs":[0.0,-0.04784,-0.80085]},"T3s":{"weight":3.0E-4,"played":[0.0756,0.9244,0.0],"evs":[0.0,0.04911,-0.67976]},"T4s":{"weight":0.0263,"played":[1.0E-4,0.9999,0.0],"evs":[0.0,0.08881,-0.51707]},"T5s":{"weight":0.0362,"played":[0.0048,0.9952,0.0],"evs":[0.0,0.11243,-0.4528]},"T6s":{"weight":0.0964,"played":[0.0,1.0,0.0],"evs":[0.0,0.57185,0.04522]},"T7s":{"weight":0.0,"played":[0.0,1.0,0.0],"evs":[0.0,0.957,0.46366]},"T8s":{"weight":0.238,"played":[0.0,1.0,0.0],"evs":[0.0,1.33407,1.02488]},"T9s":{"weight":0.9143,"played":[0.0,0.9995,5.0E-4],"evs":[0.0,1.84061,1.74794]},"TT":{"weight":0.8713,"played":[0.0,0.13,0.87],"evs":[0.0,8.49486,8.49889]},"JTo":{"weight":0.3663,"played":[0.0,0.4648,0.5352],"evs":[0.0,1.36802,1.36192]},"QTo":{"weight":0.4018,"played":[0.0,0.9999,1.0E-4],"evs":[0.0,1.41733,1.3251]},"KTo":{"weight":0.4816,"played":[0.0,0.9999,1.0E-4],"evs":[0.0,1.38654,1.31939]},"ATo":{"weight":0.2684,"played":[0.0,4.0E-4,0.9996],"evs":[0.0,3.10245,3.1634]},"J2s":{"weight":0.0425,"played":[4.0E-4,0.9996,0.0],"evs":[0.0,0.31593,-0.37809]},"J3s":{"weight":0.0413,"played":[2.0E-4,0.9998,0.0],"evs":[0.0,0.40598,-0.22434]},"J4s":{"weight":0.2254,"played":[0.0,1.0,0.0],"evs":[0.0,0.45612,-0.11421]},"J5s":{"weight":0.024,"played":[0.0,1.0,0.0],"evs":[0.0,0.45579,0.0403]},"J6s":{"weight":0.0327,"played":[0.0,1.0,0.0],"evs":[0.0,0.61835,0.00403]},"J7s":{"weight":0.0,"played":[0.0,1.0,0.0],"evs":[0.0,0.93588,0.47022]},"J8s":{"weight":0.5824,"played":[0.0,1.0,0.0],"evs":[0.0,1.2396,0.97051]},"J9s":{"weight":0.1525,"played":[0.0,1.0,0.0],"evs":[0.0,1.81467,1.72261]},"JTs":{"weight":0.4752,"played":[0.0,0.9969,0.0031],"evs":[0.0,2.71523,2.70505]},"JJ":{"weight":0.7451,"played":[0.0,0.0187,0.9813],"evs":[0.0,10.78298,10.79322]},"QJo":{"weight":0.5813,"played":[0.0,0.7209,0.2791],"evs":[0.0,1.86605,1.86751]},"KJo":{"weight":0.3711,"played":[0.0,1.0,0.0],"evs":[0.0,1.9887,1.84626]},"AJo":{"weight":0.3375,"played":[0.0,0.0,1.0],"evs":[0.0,4.23088,4.55557]},"Q2s":{"weight":0.0,"played":[1.0E-4,0.9999,0.0],"evs":[0.0,0.65769,-0.04398]},"Q3s":{"weight":0.0,"played":[0.0,1.0,0.0],"evs":[0.0,0.76394,0.1042]},"Q4s":{"weight":0.0,"played":[0.0,1.0,0.0],"evs":[0.0,0.77823,0.24517]},"Q5s":{"weight":0.0,"played":[0.0,1.0,0.0],"evs":[0.0,0.92602,0.38074]},"Q6s":{"weight":0.0,"played":[0.0,1.0,0.0],"evs":[0.0,1.07696,0.49666]},"Q7s":{"weight":0.0,"played":[0.0,1.0,0.0],"evs":[0.0,1.07182,0.44593]},"Q8s":{"weight":0.426,"played":[0.0,1.0,0.0],"evs":[0.0,1.3341,0.95918]},"Q9s":{"weight":0.8893,"played":[0.0,1.0,0.0],"evs":[0.0,1.91479,1.69509]},"QTs":{"weight":4.0E-4,"played":[0.0,0.9999,1.0E-4],"evs":[0.0,2.7851,2.64716]},"QJs":{"weight":0.0033,"played":[0.0,0.8562,0.1438],"evs":[0.0,3.21924,3.22717]},"QQ":{"weight":0.589,"played":[0.0,1.0,0.0],"evs":[0.0,13.47389,13.29964]},"KQo":{"weight":0.62,"played":[0.0,0.713,0.287],"evs":[0.0,2.83027,2.8212]},"AQo":{"weight":0.7614,"played":[0.0,0.0,1.0],"evs":[0.0,5.76608,6.06708]},"K2s":{"weight":0.0,"played":[0.0,1.0,0.0],"evs":[0.0,0.73892,0.28627]},"K3s":{"weight":0.0,"played":[0.0,1.0,0.0],"evs":[0.0,0.91595,0.48213]},"K4s":{"weight":1.0E-4,"played":[0.0,1.0,0.0],"evs":[0.0,1.03975,0.57978]},"K5s":{"weight":0.0813,"played":[0.0,1.0,0.0],"evs":[0.0,1.23426,0.77637]},"K6s":{"weight":0.2943,"played":[0.0,1.0,0.0],"evs":[0.0,1.24695,0.79216]},"K7s":{"weight":0.7846,"played":[0.0,1.0,0.0],"evs":[0.0,1.29654,0.88367]},"K8s":{"weight":0.0886,"played":[0.0,1.0,0.0],"evs":[0.0,1.31576,0.94304]},"K9s":{"weight":0.1367,"played":[0.0,1.0,0.0],"evs":[0.0,1.94555,1.69216]},"KTs":{"weight":0.3111,"played":[0.0,1.0,0.0],"evs":[0.0,2.90022,2.73072]},"KJs":{"weight":0.5452,"played":[0.0,1.0,0.0],"evs":[0.0,3.45847,3.1826]},"KQs":{"weight":0.0997,"played":[0.0,0.9999,1.0E-4],"evs":[0.0,4.2296,4.08222]},"KK":{"weight":0.8408,"played":[0.0,1.0,0.0],"evs":[0.0,17.85058,16.6381]},"AKo":{"weight":0.8783,"played":[0.0,0.0,1.0],"evs":[0.0,7.89702,8.47077]},"A2s":{"weight":0.3419,"played":[0.0,0.0235,0.9765],"evs":[0.0,1.89662,1.95545]},"A3s":{"weight":0.388,"played":[0.0,0.9664,0.0336],"evs":[0.0,2.07983,2.01389]},"A4s":{"weight":0.9666,"played":[0.0,0.9992,8.0E-4],"evs":[0.0,2.29975,2.21321]},"A5s":{"weight":0.954,"played":[0.0,1.0,0.0],"evs":[0.0,2.45089,2.35824]},"A6s":{"weight":0.4419,"played":[0.0,0.9988,0.0012],"evs":[0.0,1.97971,1.88876]},"A7s":{"weight":0.4342,"played":[0.0,0.9999,1.0E-4],"evs":[0.0,2.21876,2.05972]},"A8s":{"weight":0.4057,"played":[0.0,1.0,0.0],"evs":[0.0,2.67369,2.29459]},"A9s":{"weight":0.1717,"played":[0.0,1.0,0.0],"evs":[0.0,3.39199,3.04658]},"ATs":{"weight":0.5608,"played":[0.0,0.9997,3.0E-4],"evs":[0.0,4.69408,4.477]},"AJs":{"weight":0.5899,"played":[0.0,0.1171,0.8829],"evs":[0.0,5.70864,5.73161]},"AQs":{"weight":0.8598,"played":[0.0,0.1861,0.8139],"evs":[0.0,7.14343,7.13598]},"AKs":{"weight":0.696,"played":[0.0,0.0,1.0],"evs":[0.0,9.17382,9.38541]},"AA":{"weight":1.0,"played":[0.0,1.0,0.0],"evs":[0.0,24.37265,20.99723]}}}