{"player":1,"street":0,"children":2,"sequence":[{"player":0,"type":"R","amount":30000,"street":0},{"player":1,"type":"R","amount":90000,"street":0},{"player":0,"type":"R","amount":400000,"street":0}],"actions":[{"type":"F","amount":0},{"type":"C","amount":310000}],"hands":{"22":{"weight":0.0,"played":[0.0,1.0],"evs":[0.0,5.20818]},"32o":{"weight":0.0,"played":[1.0,0.0],"evs":[0.0,-7.14596]},"42o":{"weight":0.0,"played":[1.0,0.0],"evs":[0.0,-6.3223]},"52o":{"weight":0.0,"played":[1.0,0.0],"evs":[0.0,-6.18098]},"62o":{"weight":0.0,"played":[1.0,0.0],"evs":[0.0,-6.90909]},"72o":{"weight":0.0,"played":[1.0,0.0],"evs":[0.0,-7.69143]},"82o":{"weight":0.0,"played":[1.0,0.0],"evs":[0.0,-7.37295]},"92o":{"weight":0.0,"played":[1.0,0.0],"evs":[0.0,-7.61782]},"T2o":{"weight":0.0,"played":[1.0,0.0],"evs":[0.0,-7.95401]},"J2o":{"weight":0.0,"played":[1.0,0.0],"evs":[0.0,-7.32593]},"Q2o":{"weight":0.0,"played":[1.0,0.0],"evs":[0.0,-6.39554]},"K2o":{"weight":0.1626,"played":[1.0,0.0],"evs":[0.0,-5.14267]},"A2o":{"weight":0.7016,"played":[1.0,0.0],"evs":[0.0,-4.43706]},"32s":{"weight":0.0,"played":[1.0,0.0],"evs":[0.0,-3.97995]},"33":{"weight":0.0,"played":[0.0,1.0],"evs":[0.0,7.21761]},"43o":{"weight":0.0,"played":[1.0,0.0],"evs":[0.0,-4.82847]},"53o":{"weight":0.0,"played":[1.0,0.0],"evs":[0.0,-4.61302]},"63o":{"weight":0.0,"played":[1.0,0.0],"evs":[0.0,-5.35619]},"73o":{"weight":0.0,"played":[1.0,0.0],"evs":[0.0,-6.15342]},"83o":{"weight":0.0,"played":[1.0,0.0],"evs":[0.0,-6.93553]},"93o":{"weight":0.0,"played":[1.0,0.0],"evs":[0.0,-7.00414]},"T3o":{"weight":0.0,"played":[1.0,0.0],"evs":[0.0,-7.30246]},"J3o":{"weight":0.0,"played":[1.0,0.0],"evs":[0.0,-6.67491]},"Q3o":{"weight":0.0,"played":[1.0,0.0],"evs":[0.0,-5.6669]},"K3o":{"weight":0.3838,"played":[1.0,0.0],"evs":[0.0,-4.49292]},"A3o":{"weight":0.3168,"played":[1.0,0.0],"evs":[0.0,-3.71467]},"42s":{"weight":0.0,"played":[1.0,0.0],"evs":[0.0,-3.28144]},"43s":{"weight":0.0,"played":[1.0,0.0],"evs":[0.0,-1.79458]},"44":{"weight":0.0243,"played":[0.0,1.0],"evs":[0.0,9.3654]},"54o":{"weight":0.0,"played":[1.0,0.0],"evs":[0.0,-3.01505]},"64o":{"weight":0.0,"played":[1.0,0.0],"evs":[0.0,-3.72604]},"74o":{"weight":0.0,"played":[1.0,0.0],"evs":[0.0,-4.57947]},"84o":{"weight":0.0,"played":[1.0,0.0],"evs":[0.0,-5.38446]},"94o":{"weight":0.0,"played":[1.0,0.0],"evs":[0.0,-6.55978]},"T4o":{"weight":0.0,"played":[1.0,0.0],"evs":[0.0,-6.4668]},"J4o":{"weight":0.0,"played":[1.0,0.0],"evs":[0.0,-5.80782]},"Q4o":{"weight":0.0511,"played":[1.0,0.0],"evs":[0.0,-4.94797]},"K4o":{"weight":0.6539,"played":[1.0,0.0],"evs":[0.0,-3.70717]},"A4o":{"weight":0.0473,"played":[1.0,0.0],"evs":[0.0,-2.99882]},"52s":{"weight":0.0,"played":[1.0,0.0],"evs":[0.0,-3.131]},"53s":{"weight":0.0,"played":[1.0,0.0],"evs":[0.0,-1.68551]},"54s":{"weight":0.0,"played":[0.7401,0.2599],"evs":[0.0,-0.1096]},"55":{"weight":0.319,"played":[0.0,1.0],"evs":[0.0,10.59703]},"65o":{"weight":0.0597,"played":[1.0,0.0],"evs":[0.0,-2.71151]},"75o":{"weight":0.0529,"played":[1.0,0.0],"evs":[0.0,-3.53057]},"85o":{"weight":0.0,"played":[1.0,0.0],"evs":[0.0,-4.37079]},"95o":{"weight":0.0,"played":[1.0,0.0],"evs":[0.0,-5.42208]},"T5o":{"weight":0.0,"played":[1.0,0.0],"evs":[0.0,-6.58262]},"J5o":{"weight":8.0E-4,"played":[1.0,0.0],"evs":[0.0,-5.65536]},"Q5o":{"weight":0.5917,"played":[1.0,0.0],"evs":[0.0,-4.76867]},"K5o":{"weight":0.2371,"played":[1.0,0.0],"evs":[0.0,-3.56555]},"A5o":{"weight":0.0014,"played":[1.0,0.0],"evs":[0.0,-2.16067]},"62s":{"weight":0.0,"played":[1.0,0.0],"evs":[0.0,-3.9125]},"63s":{"weight":0.0,"played":[1.0,0.0],"evs":[0.0,-2.26753]},"64s":{"weight":0.0,"played":[0.9992,8.0E-4],"evs":[0.0,-0.90671]},"65s":{"weight":0.0,"played":[0.0224,0.9776],"evs":[0.0,0.09328]},"66":{"weight":0.0728,"played":[0.0,1.0],"evs":[0.0,11.34401]},"76o":{"weight":0.0237,"played":[1.0,0.0],"evs":[0.0,-2.30878]},"86o":{"weight":0.1927,"played":[1.0,0.0],"evs":[0.0,-3.01158]},"96o":{"weight":0.297,"played":[1.0,0.0],"evs":[0.0,-4.15299]},"T6o":{"weight":0.1454,"played":[1.0,0.0],"evs":[0.0,-5.18107]},"J6o":{"weight":0.0013,"played":[1.0,0.0],"evs":[0.0,-5.38399]},"Q6o":{"weight":0.1316,"played":[1.0,0.0],"evs":[0.0,-4.20344]},"K6o":{"weight":0.0,"played":[1.0,0.0],"evs":[0.0,-3.04919]},"A6o":{"weight":0.2979,"played":[1.0,0.0],"evs":[0.0,-2.59002]},"72s":{"weight":0.0,"played":[1.0,0.0],"evs":[0.0,-4.50655]},"73s":{"weight":0.0,"played":[1.0,0.0],"evs":[0.0,-3.22514]},"74s":{"weight":0.0,"played":[0.9999,1.0E-4],"evs":[0.0,-1.61024]},"75s":{"weight":0.0,"played":[0.9985,0.0015],"evs":[0.0,-0.63003]},"76s":{"weight":0.0,"played":[0.0,1.0],"evs":[0.0,0.46502]},"77":{"weight":0.216,"played":[0.0,1.0],"evs":[0.0,11.73333]},"87o":{"weight":0.0,"played":[1.0,0.0],"evs":[0.0,-2.16073]},"97o":{"weight":0.0121,"played":[1.0,0.0],"evs":[0.0,-3.20036]},"T7o":{"weight":0.2936,"played":[1.0,0.0],"evs":[0.0,-4.05712]},"J7o":{"weight":0.3654,"played":[1.0,0.0],"evs":[0.0,-4.3024]},"Q7o":{"weight":0.0,"played":[1.0,0.0],"evs":[0.0,-4.11815]},"K7o":{"weight":0.0,"played":[1.0,0.0],"evs":[0.0,-2.83183]},"A7o":{"weight":0.2633,"played":[1.0,0.0],"evs":[0.0,-1.71072]},"82s":{"weight":0.0,"played":[1.0,0.0],"evs":[0.0,-4.29458]},"83s":{"weight":0.0,"played":[1.0,0.0],"evs":[0.0,-3.91381]},"84s":{"weight":0.0,"played":[1.0,0.0],"evs":[0.0,-2.38162]},"85s":{"weight":0.0,"played":[0.9997,3.0E-4],"evs":[0.0,-1.3832]},"86s":{"weight":0.0,"played":[0.9926,0.0074],"evs":[0.0,-0.30172]},"87s":{"weight":0.0,"played":[0.0,1.0],"evs":[0.0,0.57108]},"88":{"weight":0.9756,"played":[0.0,1.0],"evs":[0.0,12.08291]},"98o":{"weight":0.0,"played":[1.0,0.0],"evs":[0.0,-2.52862]},"T8o":{"weight":0.2173,"played":[1.0,0.0],"evs":[0.0,-3.15477]},"J8o":{"weight":0.2056,"played":[1.0,0.0],"evs":[0.0,-3.29604]},"Q8o":{"weight":0.195,"played":[1.0,0.0],"evs":[0.0,-3.25057]},"K8o":{"weight":0.0423,"played":[1.0,0.0],"evs":[0.0,-2.84654]},"A8o":{"weight":0.4739,"played":[1.0,0.0],"evs":[0.0,-1.29876]},"92s":{"weight":1.0E-4,"played":[1.0,0.0],"evs":[0.0,-4.38419]},"93s":{"weight":0.0,"played":[1.0,0.0],"evs":[0.0,-3.87677]},"94s":{"weight":0.0,"played":[1.0,0.0],"evs":[0.0,-3.52381]},"95s":{"weight":0.0,"played":[1.0,0.0],"evs":[0.0,-2.56605]},"96s":{"weight":0.0,"played":[0.9997,3.0E-4],"evs":[0.0,-1.13423]},"97s":{"weight":0.0,"played":[0.999,0.001],"evs":[0.0,-0.32926]},"98s":{"weight":0.0,"played":[0.0,1.0],"evs":[0.0,0.12823]},"99":{"weight":1.0,"played":[0.0,1.0],"evs":[0.0,12.24714]},"T9o":{"weight":0.0032,"played":[1.0,0.0],"evs":[0.0,-2.41251]},"J9o":{"weight":0.0764,"played":[1.0,0.0],"evs":[0.0,-2.73465]},"Q9o":{"weight":0.2438,"played":[1.0,0.0],"evs":[0.0,-2.7]},"K9o":{"weight":0.2586,"played":[1.0,0.0],"evs":[0.0,-2.31033]},"A9o":{"weight":1.0E-4,"played":[0.9999,1.0E-4],"evs":[0.0,-1.29896]},"T2s":{"weight":0.0,"played":[1.0,0.0],"evs":[0.0,-4.754]},"T3s":{"weight":0.0,"played":[1.0,0.0],"evs":[0.0,-4.12267]},"T4s":{"weight":0.0,"played":[1.0,0.0],"evs":[0.0,-3.30085]},"T5s":{"weight":0.0,"played":[1.0,0.0],"evs":[0.0,-3.65029]},"T6s":{"weight":0.0,"played":[1.0,0.0],"evs":[0.0,-2.18344]},"T7s":{"weight":0.0,"played":[0.9999,1.0E-4],"evs":[0.0,-1.11866]},"T8s":{"weight":0.0,"played":[0.9971,0.0029],"evs":[0.0,-0.24898]},"T9s":{"weight":0.0,"played":[0.0,1.0],"evs":[0.0,0.28116]},"TT":{"weight":1.0,"played":[0.0,1.0],"evs":[0.0,15.80047]},"JTo":{"weight":1.0E-4,"played":[1.0,0.0],"evs":[0.0,-1.05863]},"QTo":{"weight":0.0617,"played":[1.0,0.0],"evs":[0.0,-1.39323]},"KTo":{"weight":0.2128,"played":[1.0,0.0],"evs":[0.0,-1.01042]},"ATo":{"weight":0.0,"played":[0.0,1.0],"evs":[0.0,0.96142]},"J2s":{"weight":0.0,"played":[1.0,0.0],"evs":[0.0,-4.10953]},"J3s":{"weight":0.0,"played":[1.0,0.0],"evs":[0.0,-3.57494]},"J4s":{"weight":0.0,"played":[1.0,0.0],"evs":[0.0,-2.75766]},"J5s":{"weight":0.0,"played":[1.0,0.0],"evs":[0.0,-2.64655]},"J6s":{"weight":0.0,"played":[1.0,0.0],"evs":[0.0,-2.28513]},"J7s":{"weight":0.0,"played":[0.9998,2.0E-4],"evs":[0.0,-1.36429]},"J8s":{"weight":0.0,"played":[0.9944,0.0056],"evs":[0.0,-0.40703]},"J9s":{"weight":0.0,"played":[0.0,1.0],"evs":[0.0,0.19249]},"JTs":{"weight":0.0012,"played":[0.0,1.0],"evs":[0.0,1.66575]},"JJ":{"weight":1.0,"played":[0.0,1.0],"evs":[0.0,21.74642]},"QJo":{"weight":0.0,"played":[0.9991,9.0E-4],"evs":[0.0,-0.35259]},"KJo":{"weight":0.1151,"played":[0.9996,4.0E-4],"evs":[0.0,-0.24487]},"AJo":{"weight":0.1304,"played":[0.0,1.0],"evs":[0.0,4.70942]},"Q2s":{"weight":0.0,"played":[1.0,0.0],"evs":[0.0,-3.36833]},"Q3s":{"weight":0.0,"played":[1.0,0.0],"evs":[0.0,-2.54224]},"Q4s":{"weight":0.0,"played":[1.0,0.0],"evs":[0.0,-1.77372]},"Q5s":{"weight":0.0,"played":[0.9999,1.0E-4],"evs":[0.0,-1.81856]},"Q6s":{"weight":0.0,"played":[0.9995,5.0E-4],"evs":[0.0,-1.25004]},"Q7s":{"weight":0.0,"played":[0.9998,2.0E-4],"evs":[0.0,-1.24193]},"Q8s":{"weight":0.0,"played":[0.975,0.025],"evs":[0.0,-0.36941]},"Q9s":{"weight":0.0,"played":[3.0E-4,0.9997],"evs":[0.0,0.19709]},"QTs":{"weight":0.0,"played":[0.0,1.0],"evs":[0.0,1.34638]},"QJs":{"weight":0.4688,"played":[0.0,1.0],"evs":[0.0,2.34264]},"QQ":{"weight":1.0,"played":[0.0,1.0],"evs":[0.0,26.24591]},"KQo":{"weight":0.1146,"played":[0.0,1.0],"evs":[0.0,0.27598]},"AQo":{"weight":7.0E-4,"played":[0.0,1.0],"evs":[0.0,10.61611]},"K2s":{"weight":0.0,"played":[1.0,0.0],"evs":[0.0,-2.11614]},"K3s":{"weight":0.0,"played":[1.0,0.0],"evs":[0.0,-1.41213]},"K4s":{"weight":0.0,"played":[0.9998,2.0E-4],"evs":[0.0,-0.70501]},"K5s":{"weight":0.0,"played":[0.9994,6.0E-4],"evs":[0.0,-0.66824]},"K6s":{"weight":0.0,"played":[0.9401,0.0599],"evs":[0.0,-0.24662]},"K7s":{"weight":0.0,"played":[0.5356,0.4644],"evs":[0.0,-0.02126]},"K8s":{"weight":0.0,"played":[0.2722,0.7278],"evs":[0.0,0.00567]},"K9s":{"weight":0.0,"played":[0.0022,0.9978],"evs":[0.0,0.51537]},"KTs":{"weight":0.001,"played":[0.0,1.0],"evs":[0.0,1.80297]},"KJs":{"weight":0.0679,"played":[0.0,1.0],"evs":[0.0,2.40604]},"KQs":{"weight":0.9984,"played":[0.0,1.0],"evs":[0.0,2.90402]},"KK":{"weight":1.0,"played":[0.0,1.0],"evs":[0.0,29.51714]},"AKo":{"weight":0.9877,"played":[0.0,1.0],"evs":[0.0,18.08416]},"A2s":{"weight":0.0,"played":[1.0,0.0],"evs":[0.0,-1.38179]},"A3s":{"weight":0.0,"played":[1.0,0.0],"evs":[0.0,-0.84508]},"A4s":{"weight":0.0,"played":[0.9909,0.0091],"evs":[0.0,-0.11336]},"A5s":{"weight":0.0,"played":[1.0E-4,0.9999],"evs":[0.0,0.48093]},"A6s":{"weight":0.0,"played":[0.0119,0.9881],"evs":[0.0,0.28321]},"A7s":{"weight":0.0,"played":[0.0,1.0],"evs":[0.0,0.92078]},"A8s":{"weight":0.1756,"played":[0.0,1.0],"evs":[0.0,1.45771]},"A9s":{"weight":0.9995,"played":[0.0,1.0],"evs":[0.0,1.48372]},"ATs":{"weight":1.0,"played":[0.0,1.0],"evs":[0.0,3.47869]},"AJs":{"weight":1.0,"played":[0.0,1.0],"evs":[0.0,7.13215]},"AQs":{"weight":1.0,"played":[0.0,1.0],"evs":[0.0,12.41513]},"AKs":{"weight":1.0,"played":[0.0,1.0],"evs":[0.0,19.51976]},"AA":{"weight":1.0,"played":[0.0,1.0],"evs":[0.0,39.52188]}}}