{"player":0,"street":0,"children":3,"sequence":[{"player":0,"type":"C","amount":5000,"street":0},{"player":1,"type":"R","amount":55000,"street":0}],"actions":[{"type":"F","amount":0},{"type":"C","amount":45000},{"type":"R","amount":500000,"node":3}],"hands":{"22":{"weight":0.4423,"played":[0.0,0.7167,0.2833],"evs":[0.0,1.21431,1.21286]},"32o":{"weight":1.0,"played":[1.0,0.0,0.0],"evs":[0.0,-0.84626,-2.26276]},"42o":{"weight":0.953,"played":[1.0,0.0,0.0],"evs":[0.0,-0.77389,-2.08926]},"52o":{"weight":1.0,"played":[1.0,0.0,0.0],"evs":[0.0,-0.75415,-1.94412]},"62o":{"weight":1.0,"played":[1.0,0.0,0.0],"evs":[0.0,-1.02407,-2.25047]},"72o":{"weight":1.0,"played":[1.0,0.0,0.0],"evs":[0.0,-1.25095,-2.46068]},"82o":{"weight":1.0,"played":[1.0,0.0,0.0],"evs":[0.0,-1.14034,-2.15287]},"92o":{"weight":1.0,"played":[1.0,0.0,0.0],"evs":[0.0,-1.03145,-1.91651]},"T2o":{"weight":0.9988,"played":[1.0,0.0,0.0],"evs":[0.0,-0.8415,-1.61991]},"J2o":{"weight":0.8788,"played":[1.0,0.0,0.0],"evs":[0.0,-0.70049,-1.39755]},"Q2o":{"weight":0.9743,"played":[1.0,0.0,0.0],"evs":[0.0,-0.49468,-1.1364]},"K2o":{"weight":1.0,"played":[1.0,0.0,0.0],"evs":[0.0,-0.32335,-0.66757]},"A2o":{"weight":0.8462,"played":[0.0,0.3533,0.6467],"evs":[0.0,0.38619,0.38653]},"32s":{"weight":0.0,"played":[0.0,1.0,0.0],"evs":[0.0,0.16778,-1.10184]},"33":{"weight":0.4747,"played":[0.0,0.9989,0.0011],"evs":[0.0,1.48037,1.44326]},"43o":{"weight":0.5108,"played":[1.0,0.0,0.0],"evs":[0.0,-0.42505,-1.62741]},"53o":{"weight":0.479,"played":[1.0,0.0,0.0],"evs":[0.0,-0.35789,-1.46097]},"63o":{"weight":1.0,"played":[1.0,0.0,0.0],"evs":[0.0,-0.63373,-1.76117]},"73o":{"weight":1.0,"played":[1.0,0.0,0.0],"evs":[0.0,-0.92574,-1.97474]},"83o":{"weight":1.0,"played":[1.0,0.0,0.0],"evs":[0.0,-1.11803,-2.09931]},"93o":{"weight":1.0,"played":[1.0,0.0,0.0],"evs":[0.0,-0.98067,-1.77315]},"T3o":{"weight":0.9727,"played":[1.0,0.0,0.0],"evs":[0.0,-0.78981,-1.48075]},"J3o":{"weight":0.8073,"played":[1.0,0.0,0.0],"evs":[0.0,-0.63827,-1.25173]},"Q3o":{"weight":0.987,"played":[1.0,0.0,0.0],"evs":[0.0,-0.44146,-0.99655]},"K3o":{"weight":1.0,"played":[1.0,0.0,0.0],"evs":[0.0,-0.24885,-0.53343]},"A3o":{"weight":0.6412,"played":[0.0,0.4172,0.5828],"evs":[0.0,0.5226,0.52305]},"42s":{"weight":0.0163,"played":[0.0,1.0,0.0],"evs":[0.0,0.23772,-0.93433]},"43s":{"weight":0.4589,"played":[0.0,1.0,0.0],"evs":[0.0,0.59046,-0.50958]},"44":{"weight":0.4646,"played":[0.0,0.9955,0.0045],"evs":[0.0,1.80665,1.78049]},"54o":{"weight":0.1757,"played":[1.0,0.0,0.0],"evs":[0.0,-0.03719,-1.0003]},"64o":{"weight":0.616,"played":[1.0,0.0,0.0],"evs":[0.0,-0.27758,-1.29747]},"74o":{"weight":1.0,"played":[1.0,0.0,0.0],"evs":[0.0,-0.59356,-1.49782]},"84o":{"weight":1.0,"played":[1.0,0.0,0.0],"evs":[0.0,-0.87083,-1.63234]},"94o":{"weight":1.0,"played":[1.0,0.0,0.0],"evs":[0.0,-0.99413,-1.7288]},"T4o":{"weight":0.7081,"played":[1.0,0.0,0.0],"evs":[0.0,-0.77607,-1.33772]},"J4o":{"weight":0.9058,"played":[1.0,0.0,0.0],"evs":[0.0,-0.60929,-1.11365]},"Q4o":{"weight":0.7502,"played":[1.0,0.0,0.0],"evs":[0.0,-0.39333,-0.85444]},"K4o":{"weight":0.6625,"played":[1.0,0.0,0.0],"evs":[0.0,-0.17903,-0.39528]},"A4o":{"weight":0.3893,"played":[0.0,0.4935,0.5065],"evs":[0.0,0.66614,0.66617]},"52s":{"weight":0.2956,"played":[0.0,1.0,0.0],"evs":[0.0,0.25993,-0.79415]},"53s":{"weight":0.766,"played":[0.0,1.0,0.0],"evs":[0.0,0.67838,-0.34653]},"54s":{"weight":0.8453,"played":[0.0,1.0,0.0],"evs":[0.0,1.00533,0.06545]},"55":{"weight":0.3725,"played":[0.0,0.9724,0.0276],"evs":[0.0,2.27857,2.25588]},"65o":{"weight":0.0408,"played":[0.8645,0.1355,0.0],"evs":[0.0,-0.01149,-0.85917]},"75o":{"weight":0.6518,"played":[1.0,0.0,0.0],"evs":[0.0,-0.27636,-1.04222]},"85o":{"weight":0.8751,"played":[1.0,0.0,0.0],"evs":[0.0,-0.56338,-1.18286]},"95o":{"weight":0.9389,"played":[1.0,0.0,0.0],"evs":[0.0,-0.76853,-1.28808]},"T5o":{"weight":0.975,"played":[1.0,0.0,0.0],"evs":[0.0,-0.77522,-1.31543]},"J5o":{"weight":0.6653,"played":[1.0,0.0,0.0],"evs":[0.0,-0.60062,-0.98961]},"Q5o":{"weight":0.5824,"played":[1.0,0.0,0.0],"evs":[0.0,-0.35274,-0.72206]},"K5o":{"weight":0.1333,"played":[1.0,0.0,0.0],"evs":[0.0,-0.14355,-0.27307]},"A5o":{"weight":0.3522,"played":[0.0,0.9996,4.0E-4],"evs":[0.0,0.83798,0.79939]},"62s":{"weight":0.0,"played":[0.5246,0.4754,0.0],"evs":[0.0,0.00554,-1.06949]},"63s":{"weight":0.3368,"played":[0.0,1.0,0.0],"evs":[0.0,0.40821,-0.61719]},"64s":{"weight":0.3973,"played":[0.0,1.0,0.0],"evs":[0.0,0.78302,-0.20043]},"65s":{"weight":0.9577,"played":[0.0,1.0,0.0],"evs":[0.0,1.07541,0.21403]},"66":{"weight":0.4958,"played":[0.0,1.0,0.0],"evs":[0.0,2.86539,2.7977]},"76o":{"weight":0.6774,"played":[0.4724,0.5276,0.0],"evs":[0.0,-5.6E-4,-0.58957]},"86o":{"weight":0.4281,"played":[1.0,0.0,0.0],"evs":[0.0,-0.1899,-0.7089]},"96o":{"weight":0.3278,"played":[1.0,0.0,0.0],"evs":[0.0,-0.39617,-0.80334]},"T6o":{"weight":0.5761,"played":[1.0,0.0,0.0],"evs":[0.0,-0.46892,-0.8479]},"J6o":{"weight":0.7438,"played":[1.0,0.0,0.0],"evs":[0.0,-0.52203,-0.9303]},"Q6o":{"weight":0.8164,"played":[1.0,0.0,0.0],"evs":[0.0,-0.25517,-0.5761]},"K6o":{"weight":0.1126,"played":[1.0,0.0,0.0],"evs":[0.0,-0.05911,-0.12025]},"A6o":{"weight":0.4467,"played":[0.0,0.7292,0.2708],"evs":[0.0,0.53801,0.5365]},"72s":{"weight":0.0,"played":[1.0,0.0,0.0],"evs":[0.0,-0.23785,-1.26274]},"73s":{"weight":0.0,"played":[0.0,1.0,0.0],"evs":[0.0,0.1219,-0.82619]},"74s":{"weight":0.8091,"played":[0.0,1.0,0.0],"evs":[0.0,0.47809,-0.38134]},"75s":{"weight":0.7288,"played":[0.0,1.0,0.0],"evs":[0.0,0.81237,0.03265]},"76s":{"weight":0.3028,"played":[0.0,1.0,0.0],"evs":[0.0,1.11847,0.46295]},"77":{"weight":0.5781,"played":[0.0,0.3985,0.6015],"evs":[0.0,3.47822,3.47748]},"87o":{"weight":0.5133,"played":[0.0,1.0,0.0],"evs":[0.0,0.02394,-0.29032]},"97o":{"weight":0.0036,"played":[1.0,0.0,0.0],"evs":[0.0,-0.09458,-0.36834]},"T7o":{"weight":0.12,"played":[1.0,0.0,0.0],"evs":[0.0,-0.1717,-0.39007]},"J7o":{"weight":0.5815,"played":[1.0,0.0,0.0],"evs":[0.0,-0.24323,-0.48852]},"Q7o":{"weight":0.2409,"played":[1.0,0.0,0.0],"evs":[0.0,-0.19292,-0.52138]},"K7o":{"weight":0.2388,"played":[0.0026,0.9972,1.0E-4],"evs":[0.0,0.0439,0.01748]},"A7o":{"weight":0.2865,"played":[0.0,1.0,0.0],"evs":[0.0,0.83787,0.77276]},"82s":{"weight":0.0,"played":[1.0,0.0,0.0],"evs":[0.0,-0.10784,-0.96824]},"83s":{"weight":0.0,"played":[1.0,0.0,0.0],"evs":[0.0,-0.09202,-0.94376]},"84s":{"weight":0.2246,"played":[0.0,1.0,0.0],"evs":[0.0,0.20474,-0.4967]},"85s":{"weight":0.3009,"played":[0.0,1.0,0.0],"evs":[0.0,0.54068,-0.06717]},"86s":{"weight":0.8637,"played":[0.0,1.0,0.0],"evs":[0.0,0.9325,0.36618]},"87s":{"weight":0.3935,"played":[0.0,1.0,0.0],"evs":[0.0,1.18466,0.75173]},"88":{"weight":0.4264,"played":[0.0,0.0,1.0],"evs":[0.0,4.49832,4.61671]},"98o":{"weight":0.4824,"played":[0.0,1.0,0.0],"evs":[0.0,0.17176,0.05249]},"T8o":{"weight":0.5833,"played":[0.0,0.9988,0.0012],"evs":[0.0,0.15296,0.09622]},"J8o":{"weight":0.1374,"played":[2.0E-4,0.9998,0.0],"evs":[0.0,0.06823,-0.00882]},"Q8o":{"weight":0.0474,"played":[0.0,1.0,0.0],"evs":[0.0,0.06332,-0.05858]},"K8o":{"weight":0.2909,"played":[0.0,0.4098,0.5902],"evs":[0.0,0.1241,0.12425]},"A8o":{"weight":0.3723,"played":[0.0,1.0,0.0],"evs":[0.0,1.24512,1.14176]},"92s":{"weight":0.0,"played":[0.0129,0.9871,0.0],"evs":[0.0,0.02845,-0.76683]},"93s":{"weight":0.0,"played":[0.0012,0.9988,0.0],"evs":[0.0,0.08624,-0.63823]},"94s":{"weight":0.0,"played":[1.0E-4,0.9999,0.0],"evs":[0.0,0.08269,-0.59395]},"95s":{"weight":0.688,"played":[0.0,1.0,0.0],"evs":[0.0,0.34457,-0.16714]},"96s":{"weight":0.9589,"played":[0.0,1.0,0.0],"evs":[0.0,0.73564,0.28293]},"97s":{"weight":1.0,"played":[0.0,1.0,0.0],"evs":[0.0,1.07568,0.68121]},"98s":{"weight":0.5738,"played":[0.0,1.0,0.0],"evs":[0.0,1.37478,1.07554]},"99":{"weight":0.5342,"played":[0.0,0.0,1.0],"evs":[0.0,5.78162,5.87133]},"T9o":{"weight":0.4233,"played":[0.0,1.0,0.0],"evs":[0.0,0.66355,0.6048]},"J9o":{"weight":0.3632,"played":[0.0,0.9999,1.0E-4],"evs":[0.0,0.55489,0.49462]},"Q9o":{"weight":0.4426,"played":[0.0,1.0,0.0],"evs":[0.0,0.50814,0.4253]},"K9o":{"weight":0.4121,"played":[0.0,0.9997,3.0E-4],"evs":[0.0,0.63446,0.59178]},"A9o":{"weight":0.6824,"played":[0.0,0.6427,0.3573],"evs":[0.0,1.79663,1.79544]},"T2s":{"weight":0.0,"played":[0.0,1.0,0.0],"evs":[0.0,0.23158,-0.47981]},"T3s":{"weight":3.0E-4,"played":[0.0,1.0,0.0],"evs":[0.0,0.28982,-0.36719]},"T4s":{"weight":0.6232,"played":[0.0,1.0,0.0],"evs":[0.0,0.33139,-0.23334]},"T5s":{"weight":0.4337,"played":[0.0,1.0,0.0],"evs":[0.0,0.33196,-0.19252]},"T6s":{"weight":0.2743,"played":[0.0,1.0,0.0],"evs":[0.0,0.64923,0.25887]},"T7s":{"weight":0.9834,"played":[0.0,1.0,0.0],"evs":[0.0,1.00185,0.67898]},"T8s":{"weight":0.2007,"played":[0.0,1.0,0.0],"evs":[0.0,1.37594,1.11813]},"T9s":{"weight":0.811,"played":[0.0,1.0,0.0],"evs":[0.0,1.88445,1.57958]},"TT":{"weight":8.0E-4,"played":[0.0,0.0,1.0],"evs":[0.0,7.29478,7.33327]},"JTo":{"weight":0.4499,"played":[0.0,0.9987,0.0013],"evs":[0.0,1.27674,1.24824]},"QTo":{"weight":0.5743,"played":[0.0,1.0,0.0],"evs":[0.0,1.32378,1.17717]},"KTo":{"weight":0.3871,"played":[0.0,1.0,0.0],"evs":[0.0,1.52783,1.34722]},"ATo":{"weight":0.8626,"played":[0.0,0.303,0.697],"evs":[0.0,2.83364,2.83457]},"J2s":{"weight":0.5345,"played":[0.0,1.0,0.0],"evs":[0.0,0.38529,-0.26366]},"J3s":{"weight":0.0576,"played":[0.0,1.0,0.0],"evs":[0.0,0.46894,-0.12382]},"J4s":{"weight":0.3543,"played":[0.0,1.0,0.0],"evs":[0.0,0.5121,-0.0019]},"J5s":{"weight":0.9807,"played":[0.0,1.0,0.0],"evs":[0.0,0.53653,0.10987]},"J6s":{"weight":0.9474,"played":[0.0,1.0,0.0],"evs":[0.0,0.6156,0.18168]},"J7s":{"weight":0.5366,"played":[0.0,1.0,0.0],"evs":[0.0,0.92111,0.58241]},"J8s":{"weight":0.9817,"played":[0.0,1.0,0.0],"evs":[0.0,1.3071,1.03755]},"J9s":{"weight":0.9462,"played":[0.0,1.0,0.0],"evs":[0.0,1.8028,1.50062]},"JTs":{"weight":0.7945,"played":[0.0,1.0,0.0],"evs":[0.0,2.54298,2.21426]},"JJ":{"weight":1.0E-4,"played":[0.0,1.0,0.0],"evs":[0.0,9.07432,8.60873]},"QJo":{"weight":0.2355,"played":[0.0,1.0,0.0],"evs":[0.0,1.73889,1.46378]},"KJo":{"weight":0.4398,"played":[0.0,1.0,0.0],"evs":[0.0,2.17487,1.81266]},"AJo":{"weight":0.5624,"played":[0.0,0.0,1.0],"evs":[0.0,3.5237,3.60692]},"Q2s":{"weight":0.8578,"played":[0.0,1.0,0.0],"evs":[0.0,0.59555,-0.01912]},"Q3s":{"weight":0.5803,"played":[0.0,1.0,0.0],"evs":[0.0,0.67121,0.10579]},"Q4s":{"weight":0.9009,"played":[0.0,1.0,0.0],"evs":[0.0,0.74723,0.23198]},"Q5s":{"weight":0.3475,"played":[0.0,1.0,0.0],"evs":[0.0,0.78985,0.35456]},"Q6s":{"weight":0.5669,"played":[0.0,1.0,0.0],"evs":[0.0,0.90294,0.50111]},"Q7s":{"weight":0.5928,"played":[0.0,1.0,0.0],"evs":[0.0,0.95984,0.54431]},"Q8s":{"weight":0.8336,"played":[0.0,1.0,0.0],"evs":[0.0,1.27623,0.98585]},"Q9s":{"weight":0.69,"played":[0.0,1.0,0.0],"evs":[0.0,1.78019,1.43754]},"QTs":{"weight":0.1665,"played":[0.0,1.0,0.0],"evs":[0.0,2.59167,2.15439]},"QJs":{"weight":0.9999,"played":[0.0,1.0,0.0],"evs":[0.0,2.99732,2.42409]},"QQ":{"weight":0.235,"played":[0.0,1.0,0.0],"evs":[0.0,11.31871,10.19593]},"KQo":{"weight":0.4034,"played":[0.0,1.0,0.0],"evs":[0.0,2.87841,2.28235]},"AQo":{"weight":0.3049,"played":[0.0,0.0,1.0],"evs":[0.0,4.35367,4.88804]},"K2s":{"weight":1.0,"played":[0.0,1.0,0.0],"evs":[0.0,0.83306,0.43607]},"K3s":{"weight":0.9998,"played":[0.0,1.0,0.0],"evs":[0.0,0.9118,0.55723]},"K4s":{"weight":0.9989,"played":[0.0,1.0,0.0],"evs":[0.0,1.01819,0.68494]},"K5s":{"weight":0.3811,"played":[0.0,1.0,0.0],"evs":[0.0,1.09335,0.813]},"K6s":{"weight":0.8559,"played":[0.0,1.0,0.0],"evs":[0.0,1.17886,0.95475]},"K7s":{"weight":0.0552,"played":[0.0,1.0,0.0],"evs":[0.0,1.30497,1.06979]},"K8s":{"weight":0.5133,"played":[0.0,1.0,0.0],"evs":[0.0,1.4044,1.17974]},"K9s":{"weight":0.1345,"played":[0.0,1.0,0.0],"evs":[0.0,1.94445,1.61948]},"KTs":{"weight":0.7028,"played":[0.0,1.0,0.0],"evs":[0.0,2.86059,2.34938]},"KJs":{"weight":0.3272,"played":[0.0,1.0,0.0],"evs":[0.0,3.50477,2.74312]},"KQs":{"weight":0.3742,"played":[0.0,1.0,0.0],"evs":[0.0,4.16508,3.1655]},"KK":{"weight":0.0177,"played":[0.0,1.0,0.0],"evs":[0.0,14.22404,12.09966]},"AKo":{"weight":0.12,"played":[0.0,0.0,1.0],"evs":[0.0,5.53607,6.77907]},"A2s":{"weight":0.0533,"played":[0.0,1.0,0.0],"evs":[0.0,1.72477,1.43255]},"A3s":{"weight":0.8881,"played":[0.0,1.0,0.0],"evs":[0.0,1.88101,1.55205]},"A4s":{"weight":0.9962,"played":[0.0,1.0,0.0],"evs":[0.0,2.05414,1.67743]},"A5s":{"weight":0.8,"played":[0.0,1.0,0.0],"evs":[0.0,2.24169,1.8217]},"A6s":{"weight":0.2947,"played":[0.0,1.0,0.0],"evs":[0.0,1.94433,1.58076]},"A7s":{"weight":0.3518,"played":[0.0,1.0,0.0],"evs":[0.0,2.26777,1.78323]},"A8s":{"weight":0.402,"played":[0.0,1.0,0.0],"evs":[0.0,2.70534,2.11987]},"A9s":{"weight":0.0044,"played":[0.0,1.0,0.0],"evs":[0.0,3.25579,2.73036]},"ATs":{"weight":0.0015,"played":[0.0,1.0,0.0],"evs":[0.0,4.23802,3.71158]},"AJs":{"weight":0.213,"played":[0.0,1.0,0.0],"evs":[0.0,4.87777,4.41673]},"AQs":{"weight":0.0,"played":[0.0,1.0,0.0],"evs":[0.0,5.65891,5.60437]},"AKs":{"weight":0.0,"played":[0.0,0.0,1.0],"evs":[0.0,6.75465,7.37915]},"AA":{"weight":0.0,"played":[0.0,1.0,0.0],"evs":[0.0,18.11774,14.40362]}}}