{"player":1,"street":0,"children":2,"sequence":[{"player":0,"type":"C","amount":5000,"street":0},{"player":1,"type":"R","amount":55000,"street":0},{"player":0,"type":"R","amount":500000,"street":0}],"actions":[{"type":"F","amount":0},{"type":"C","amount":445000}],"hands":{"22":{"weight":0.0,"played":[0.0,1.0],"evs":[0.0,3.12414]},"32o":{"weight":0.1917,"played":[1.0,0.0],"evs":[0.0,-15.57832]},"42o":{"weight":0.0818,"played":[1.0,0.0],"evs":[0.0,-14.5026]},"52o":{"weight":0.1443,"played":[1.0,0.0],"evs":[0.0,-13.59814]},"62o":{"weight":0.008,"played":[1.0,0.0],"evs":[0.0,-14.98562]},"72o":{"weight":0.0,"played":[1.0,0.0],"evs":[0.0,-15.7117]},"82o":{"weight":0.0,"played":[1.0,0.0],"evs":[0.0,-14.90982]},"92o":{"weight":0.0,"played":[1.0,0.0],"evs":[0.0,-14.02569]},"T2o":{"weight":1.0E-4,"played":[1.0,0.0],"evs":[0.0,-13.82871]},"J2o":{"weight":0.0,"played":[1.0,0.0],"evs":[0.0,-13.35274]},"Q2o":{"weight":0.0,"played":[1.0,0.0],"evs":[0.0,-12.57818]},"K2o":{"weight":0.0,"played":[1.0,0.0],"evs":[0.0,-12.27489]},"A2o":{"weight":0.0,"played":[1.0,0.0],"evs":[0.0,-8.57976]},"32s":{"weight":1.0,"played":[1.0,0.0],"evs":[0.0,-11.5357]},"33":{"weight":0.1056,"played":[0.0,1.0],"evs":[0.0,6.39384]},"43o":{"weight":0.1126,"played":[1.0,0.0],"evs":[0.0,-11.86071]},"53o":{"weight":0.1195,"played":[1.0,0.0],"evs":[0.0,-10.92822]},"63o":{"weight":0.0408,"played":[1.0,0.0],"evs":[0.0,-12.26914]},"73o":{"weight":0.0542,"played":[1.0,0.0],"evs":[0.0,-12.95806]},"83o":{"weight":0.0,"played":[1.0,0.0],"evs":[0.0,-13.65349]},"93o":{"weight":0.0,"played":[1.0,0.0],"evs":[0.0,-12.4525]},"T3o":{"weight":0.0031,"played":[1.0,0.0],"evs":[0.0,-12.27187]},"J3o":{"weight":0.0,"played":[1.0,0.0],"evs":[0.0,-11.82155]},"Q3o":{"weight":3.0E-4,"played":[1.0,0.0],"evs":[0.0,-11.07063]},"K3o":{"weight":0.0,"played":[1.0,0.0],"evs":[0.0,-10.80351]},"A3o":{"weight":0.0,"played":[1.0,0.0],"evs":[0.0,-7.18068]},"42s":{"weight":1.0,"played":[1.0,0.0],"evs":[0.0,-10.56559]},"43s":{"weight":1.0,"played":[1.0,0.0],"evs":[0.0,-8.01908]},"44":{"weight":0.3815,"played":[0.0,1.0],"evs":[0.0,8.24282]},"54o":{"weight":0.2426,"played":[1.0,0.0],"evs":[0.0,-8.86393]},"64o":{"weight":0.3096,"played":[1.0,0.0],"evs":[0.0,-10.20634]},"74o":{"weight":0.0137,"played":[1.0,0.0],"evs":[0.0,-10.78116]},"84o":{"weight":0.0479,"played":[1.0,0.0],"evs":[0.0,-11.35933]},"94o":{"weight":0.0,"played":[1.0,0.0],"evs":[0.0,-11.60923]},"T4o":{"weight":0.2198,"played":[1.0,0.0],"evs":[0.0,-11.12098]},"J4o":{"weight":0.1286,"played":[1.0,0.0],"evs":[0.0,-10.69081]},"Q4o":{"weight":0.1169,"played":[1.0,0.0],"evs":[0.0,-9.90633]},"K4o":{"weight":0.0,"played":[1.0,0.0],"evs":[0.0,-9.70116]},"A4o":{"weight":0.0,"played":[1.0,0.0],"evs":[0.0,-6.29292]},"52s":{"weight":1.0,"played":[1.0,0.0],"evs":[0.0,-9.66498]},"53s":{"weight":0.881,"played":[1.0,0.0],"evs":[0.0,-7.22645]},"54s":{"weight":0.1491,"played":[1.0,0.0],"evs":[0.0,-5.25995]},"55":{"weight":0.4982,"played":[0.0,1.0],"evs":[0.0,9.37167]},"65o":{"weight":0.274,"played":[1.0,0.0],"evs":[0.0,-8.40535]},"75o":{"weight":0.2143,"played":[1.0,0.0],"evs":[0.0,-8.86207]},"85o":{"weight":0.1957,"played":[1.0,0.0],"evs":[0.0,-9.44504]},"95o":{"weight":0.1402,"played":[1.0,0.0],"evs":[0.0,-9.61573]},"T5o":{"weight":0.0,"played":[1.0,0.0],"evs":[0.0,-10.41287]},"J5o":{"weight":0.195,"played":[1.0,0.0],"evs":[0.0,-9.73293]},"Q5o":{"weight":0.2077,"played":[1.0,0.0],"evs":[0.0,-9.02707]},"K5o":{"weight":0.0,"played":[1.0,0.0],"evs":[0.0,-8.76571]},"A5o":{"weight":0.5247,"played":[1.0,0.0],"evs":[0.0,-4.9912]},"62s":{"weight":0.9995,"played":[1.0,0.0],"evs":[0.0,-11.00915]},"63s":{"weight":0.9996,"played":[1.0,0.0],"evs":[0.0,-8.52472]},"64s":{"weight":0.611,"played":[1.0,0.0],"evs":[0.0,-6.54197]},"65s":{"weight":0.7244,"played":[1.0,0.0],"evs":[0.0,-4.87197]},"66":{"weight":0.3936,"played":[0.0,1.0],"evs":[0.0,9.67658]},"76o":{"weight":0.1896,"played":[1.0,0.0],"evs":[0.0,-7.66034]},"86o":{"weight":0.1947,"played":[1.0,0.0],"evs":[0.0,-8.18918]},"96o":{"weight":4.0E-4,"played":[1.0,0.0],"evs":[0.0,-8.32881]},"T6o":{"weight":0.1278,"played":[1.0,0.0],"evs":[0.0,-9.2041]},"J6o":{"weight":0.1383,"played":[1.0,0.0],"evs":[0.0,-9.78217]},"Q6o":{"weight":0.1419,"played":[1.0,0.0],"evs":[0.0,-8.83153]},"K6o":{"weight":0.0,"played":[1.0,0.0],"evs":[0.0,-8.54265]},"A6o":{"weight":0.2448,"played":[1.0,0.0],"evs":[0.0,-5.26907]},"72s":{"weight":0.9342,"played":[1.0,0.0],"evs":[0.0,-11.58141]},"73s":{"weight":0.9995,"played":[1.0,0.0],"evs":[0.0,-9.01885]},"74s":{"weight":0.9574,"played":[1.0,0.0],"evs":[0.0,-7.00119]},"75s":{"weight":0.423,"played":[1.0,0.0],"evs":[0.0,-5.25777]},"76s":{"weight":0.0705,"played":[1.0,0.0],"evs":[0.0,-4.05859]},"77":{"weight":0.999,"played":[0.0,1.0],"evs":[0.0,11.78614]},"87o":{"weight":0.1147,"played":[1.0,0.0],"evs":[0.0,-6.58591]},"97o":{"weight":0.2969,"played":[1.0,0.0],"evs":[0.0,-6.70449]},"T7o":{"weight":0.3339,"played":[1.0,0.0],"evs":[0.0,-7.69218]},"J7o":{"weight":0.3029,"played":[1.0,0.0],"evs":[0.0,-8.29746]},"Q7o":{"weight":0.1473,"played":[1.0,0.0],"evs":[0.0,-8.66828]},"K7o":{"weight":0.1606,"played":[1.0,0.0],"evs":[0.0,-8.11317]},"A7o":{"weight":0.5485,"played":[1.0,0.0],"evs":[0.0,-3.31438]},"82s":{"weight":0.8806,"played":[1.0,0.0],"evs":[0.0,-10.88123]},"83s":{"weight":0.2222,"played":[1.0,0.0],"evs":[0.0,-9.64331]},"84s":{"weight":0.7775,"played":[1.0,0.0],"evs":[0.0,-7.57446]},"85s":{"weight":0.7688,"played":[1.0,0.0],"evs":[0.0,-5.73234]},"86s":{"weight":0.3135,"played":[1.0,0.0],"evs":[0.0,-4.54991]},"87s":{"weight":4.0E-4,"played":[1.0,0.0],"evs":[0.0,-3.03352]},"88":{"weight":1.0,"played":[0.0,1.0],"evs":[0.0,15.8553]},"98o":{"weight":0.2679,"played":[1.0,0.0],"evs":[0.0,-5.19683]},"T8o":{"weight":0.3265,"played":[1.0,0.0],"evs":[0.0,-6.19126]},"J8o":{"weight":0.3193,"played":[1.0,0.0],"evs":[0.0,-6.90168]},"Q8o":{"weight":0.2817,"played":[1.0,0.0],"evs":[0.0,-7.2869]},"K8o":{"weight":0.3605,"played":[1.0,0.0],"evs":[0.0,-7.26597]},"A8o":{"weight":0.9959,"played":[1.0,0.0],"evs":[0.0,-1.13241]},"92s":{"weight":0.4394,"played":[1.0,0.0],"evs":[0.0,-9.95943]},"93s":{"weight":0.6966,"played":[1.0,0.0],"evs":[0.0,-8.49692]},"94s":{"weight":0.0484,"played":[1.0,0.0],"evs":[0.0,-7.76669]},"95s":{"weight":0.8208,"played":[1.0,0.0],"evs":[0.0,-5.84604]},"96s":{"weight":0.7245,"played":[1.0,0.0],"evs":[0.0,-4.63733]},"97s":{"weight":0.3761,"played":[1.0,0.0],"evs":[0.0,-3.1559]},"98s":{"weight":0.0491,"played":[1.0,0.0],"evs":[0.0,-1.69765]},"99":{"weight":1.0,"played":[0.0,1.0],"evs":[0.0,21.21077]},"T9o":{"weight":0.4885,"played":[1.0,0.0],"evs":[0.0,-4.29958]},"J9o":{"weight":0.4361,"played":[1.0,0.0],"evs":[0.0,-5.01562]},"Q9o":{"weight":0.5019,"played":[1.0,0.0],"evs":[0.0,-5.41344]},"K9o":{"weight":0.4582,"played":[1.0,0.0],"evs":[0.0,-5.14372]},"A9o":{"weight":0.3352,"played":[2.0E-4,0.9998],"evs":[0.0,1.53032]},"T2s":{"weight":0.543,"played":[1.0,0.0],"evs":[0.0,-9.8383]},"T3s":{"weight":0.0875,"played":[1.0,0.0],"evs":[0.0,-8.35176]},"T4s":{"weight":0.0721,"played":[1.0,0.0],"evs":[0.0,-7.30196]},"T5s":{"weight":0.0028,"played":[1.0,0.0],"evs":[0.0,-6.68348]},"T6s":{"weight":0.7134,"played":[1.0,0.0],"evs":[0.0,-5.51444]},"T7s":{"weight":0.7913,"played":[1.0,0.0],"evs":[0.0,-4.08358]},"T8s":{"weight":0.0438,"played":[1.0,0.0],"evs":[0.0,-2.66445]},"T9s":{"weight":0.0032,"played":[1.0,0.0],"evs":[0.0,-0.88252]},"TT":{"weight":1.0,"played":[0.0,1.0],"evs":[0.0,25.56695]},"JTo":{"weight":0.5378,"played":[1.0,0.0],"evs":[0.0,-3.30559]},"QTo":{"weight":0.5219,"played":[1.0,0.0],"evs":[0.0,-3.74531]},"KTo":{"weight":0.5407,"played":[1.0,0.0],"evs":[0.0,-3.44917]},"ATo":{"weight":0.0297,"played":[0.0,1.0],"evs":[0.0,7.7648]},"J2s":{"weight":0.0,"played":[1.0,0.0],"evs":[0.0,-9.4275]},"J3s":{"weight":0.0,"played":[1.0,0.0],"evs":[0.0,-7.92314]},"J4s":{"weight":0.3679,"played":[1.0,0.0],"evs":[0.0,-6.9091]},"J5s":{"weight":0.0773,"played":[1.0,0.0],"evs":[0.0,-6.02206]},"J6s":{"weight":0.0775,"played":[1.0,0.0],"evs":[0.0,-6.05181]},"J7s":{"weight":6.0E-4,"played":[1.0,0.0],"evs":[0.0,-4.59362]},"J8s":{"weight":0.1534,"played":[1.0,0.0],"evs":[0.0,-3.31194]},"J9s":{"weight":0.0,"played":[1.0,0.0],"evs":[0.0,-1.54104]},"JTs":{"weight":0.3033,"played":[0.6749,0.3251],"evs":[0.0,-0.0028]},"JJ":{"weight":1.0,"played":[0.0,1.0],"evs":[0.0,27.80786]},"QJo":{"weight":0.7424,"played":[1.0,0.0],"evs":[0.0,-3.33699]},"KJo":{"weight":1.0,"played":[1.0,0.0],"evs":[0.0,-3.00251]},"AJo":{"weight":0.0391,"played":[0.0,1.0],"evs":[0.0,14.69145]},"Q2s":{"weight":0.0,"played":[1.0,0.0],"evs":[0.0,-8.58498]},"Q3s":{"weight":2.0E-4,"played":[1.0,0.0],"evs":[0.0,-7.22542]},"Q4s":{"weight":0.0,"played":[1.0,0.0],"evs":[0.0,-6.17015]},"Q5s":{"weight":0.0,"played":[1.0,0.0],"evs":[0.0,-5.34349]},"Q6s":{"weight":0.0,"played":[1.0,0.0],"evs":[0.0,-5.13008]},"Q7s":{"weight":0.0,"played":[1.0,0.0],"evs":[0.0,-4.98864]},"Q8s":{"weight":0.0,"played":[1.0,0.0],"evs":[0.0,-3.68391]},"Q9s":{"weight":0.0229,"played":[1.0,0.0],"evs":[0.0,-1.85298]},"QTs":{"weight":0.3548,"played":[0.9998,2.0E-4],"evs":[0.0,-0.44683]},"QJs":{"weight":0.9966,"played":[0.4534,0.5466],"evs":[0.0,0.00614]},"QQ":{"weight":1.0,"played":[0.0,1.0],"evs":[0.0,28.93129]},"KQo":{"weight":0.8676,"played":[1.0,0.0],"evs":[0.0,-2.12816]},"AQo":{"weight":0.9909,"played":[0.0,1.0],"evs":[0.0,19.93183]},"K2s":{"weight":0.0,"played":[1.0,0.0],"evs":[0.0,-8.33183]},"K3s":{"weight":0.0,"played":[1.0,0.0],"evs":[0.0,-6.9868]},"K4s":{"weight":0.0,"played":[1.0,0.0],"evs":[0.0,-5.92634]},"K5s":{"weight":0.0,"played":[1.0,0.0],"evs":[0.0,-5.04286]},"K6s":{"weight":0.0,"played":[1.0,0.0],"evs":[0.0,-4.83245]},"K7s":{"weight":0.0,"played":[1.0,0.0],"evs":[0.0,-4.44152]},"K8s":{"weight":0.263,"played":[1.0,0.0],"evs":[0.0,-3.72335]},"K9s":{"weight":0.9352,"played":[1.0,0.0],"evs":[0.0,-1.62533]},"KTs":{"weight":1.0,"played":[0.9999,1.0E-4],"evs":[0.0,-0.11931]},"KJs":{"weight":1.0,"played":[0.0019,0.9981],"evs":[0.0,0.30513]},"KQs":{"weight":1.0,"played":[0.0,1.0],"evs":[0.0,1.13519]},"KK":{"weight":1.0,"played":[0.0,1.0],"evs":[0.0,29.80015]},"AKo":{"weight":1.0,"played":[0.0,1.0],"evs":[0.0,22.99984]},"A2s":{"weight":0.0,"played":[1.0,0.0],"evs":[0.0,-5.18202]},"A3s":{"weight":0.0,"played":[1.0,0.0],"evs":[0.0,-3.83493]},"A4s":{"weight":0.0,"played":[1.0,0.0],"evs":[0.0,-3.02281]},"A5s":{"weight":0.9987,"played":[1.0,0.0],"evs":[0.0,-1.66227]},"A6s":{"weight":0.9998,"played":[1.0,0.0],"evs":[0.0,-1.98027]},"A7s":{"weight":1.0,"played":[0.9569,0.0431],"evs":[0.0,-0.06106]},"A8s":{"weight":1.0,"played":[0.0,1.0],"evs":[0.0,2.01995]},"A9s":{"weight":1.0,"played":[0.0,1.0],"evs":[0.0,4.42455]},"ATs":{"weight":1.0,"played":[0.0,1.0],"evs":[0.0,10.27751]},"AJs":{"weight":1.0,"played":[0.0,1.0],"evs":[0.0,16.83181]},"AQs":{"weight":1.0,"played":[0.0,1.0],"evs":[0.0,21.79252]},"AKs":{"weight":1.0,"played":[0.0,1.0],"evs":[0.0,24.50515]},"AA":{"weight":1.0,"played":[0.0,1.0],"evs":[0.0,45.23383]}}}