{"player":0,"street":0,"children":2,"sequence":[{"player":0,"type":"C","amount":5000,"street":0},{"player":1,"type":"R","amount":500000,"street":0}],"actions":[{"type":"F","amount":0},{"type":"C","amount":490000}],"hands":{"22":{"weight":0.4423,"played":[1.0,0.0],"evs":[0.0,-2.86846]},"32o":{"weight":1.0,"played":[1.0,0.0],"evs":[0.0,-18.28497]},"42o":{"weight":0.953,"played":[1.0,0.0],"evs":[0.0,-17.1665]},"52o":{"weight":1.0,"played":[1.0,0.0],"evs":[0.0,-16.61371]},"62o":{"weight":1.0,"played":[1.0,0.0],"evs":[0.0,-17.38549]},"72o":{"weight":1.0,"played":[1.0,0.0],"evs":[0.0,-17.04554]},"82o":{"weight":1.0,"played":[1.0,0.0],"evs":[0.0,-15.32669]},"92o":{"weight":1.0,"played":[1.0,0.0],"evs":[0.0,-14.51786]},"T2o":{"weight":0.9988,"played":[1.0,0.0],"evs":[0.0,-13.0537]},"J2o":{"weight":0.8788,"played":[1.0,0.0],"evs":[0.0,-12.68635]},"Q2o":{"weight":0.9743,"played":[1.0,0.0],"evs":[0.0,-11.79238]},"K2o":{"weight":1.0,"played":[1.0,0.0],"evs":[0.0,-11.52376]},"A2o":{"weight":0.8462,"played":[1.0,0.0],"evs":[0.0,-8.87719]},"32s":{"weight":0.0,"played":[1.0,0.0],"evs":[0.0,-14.31067]},"33":{"weight":0.4747,"played":[0.0,1.0],"evs":[0.0,1.95144]},"43o":{"weight":0.5108,"played":[1.0,0.0],"evs":[0.0,-14.7378]},"53o":{"weight":0.479,"played":[1.0,0.0],"evs":[0.0,-14.12307]},"63o":{"weight":1.0,"played":[1.0,0.0],"evs":[0.0,-14.8816]},"73o":{"weight":1.0,"played":[1.0,0.0],"evs":[0.0,-14.68945]},"83o":{"weight":1.0,"played":[1.0,0.0],"evs":[0.0,-14.29731]},"93o":{"weight":1.0,"played":[1.0,0.0],"evs":[0.0,-13.16624]},"T3o":{"weight":0.9727,"played":[1.0,0.0],"evs":[0.0,-11.7132]},"J3o":{"weight":0.8073,"played":[1.0,0.0],"evs":[0.0,-11.3345]},"Q3o":{"weight":0.987,"played":[1.0,0.0],"evs":[0.0,-10.48875]},"K3o":{"weight":1.0,"played":[1.0,0.0],"evs":[0.0,-10.19763]},"A3o":{"weight":0.6412,"played":[1.0,0.0],"evs":[0.0,-7.33283]},"42s":{"weight":0.0163,"played":[1.0,0.0],"evs":[0.0,-13.29346]},"43s":{"weight":0.4589,"played":[1.0,0.0],"evs":[0.0,-10.99679]},"44":{"weight":0.4646,"played":[0.0,1.0],"evs":[0.0,6.02955]},"54o":{"weight":0.1757,"played":[1.0,0.0],"evs":[0.0,-12.00411]},"64o":{"weight":0.616,"played":[1.0,0.0],"evs":[0.0,-12.71236]},"74o":{"weight":1.0,"played":[1.0,0.0],"evs":[0.0,-12.57501]},"84o":{"weight":1.0,"played":[1.0,0.0],"evs":[0.0,-12.26106]},"94o":{"weight":1.0,"played":[1.0,0.0],"evs":[0.0,-12.41327]},"T4o":{"weight":0.7081,"played":[1.0,0.0],"evs":[0.0,-10.68479]},"J4o":{"weight":0.9058,"played":[1.0,0.0],"evs":[0.0,-10.33329]},"Q4o":{"weight":0.7502,"played":[1.0,0.0],"evs":[0.0,-9.50938]},"K4o":{"weight":0.6625,"played":[1.0,0.0],"evs":[0.0,-9.1973]},"A4o":{"weight":0.3893,"played":[1.0,0.0],"evs":[0.0,-6.066]},"52s":{"weight":0.2956,"played":[1.0,0.0],"evs":[0.0,-12.75962]},"53s":{"weight":0.766,"played":[1.0,0.0],"evs":[0.0,-10.39119]},"54s":{"weight":0.8453,"played":[1.0,0.0],"evs":[0.0,-8.45564]},"55":{"weight":0.3725,"played":[0.0,1.0],"evs":[0.0,9.95899]},"65o":{"weight":0.0408,"played":[1.0,0.0],"evs":[0.0,-11.08844]},"75o":{"weight":0.6518,"played":[1.0,0.0],"evs":[0.0,-11.02]},"85o":{"weight":0.8751,"played":[1.0,0.0],"evs":[0.0,-10.67988]},"95o":{"weight":0.9389,"played":[1.0,0.0],"evs":[0.0,-10.77202]},"T5o":{"weight":0.975,"played":[1.0,0.0],"evs":[0.0,-10.34474]},"J5o":{"weight":0.6653,"played":[1.0,0.0],"evs":[0.0,-9.70603]},"Q5o":{"weight":0.5824,"played":[1.0,0.0],"evs":[0.0,-8.9067]},"K5o":{"weight":0.1333,"played":[1.0,0.0],"evs":[0.0,-8.34971]},"A5o":{"weight":0.3522,"played":[1.0,0.0],"evs":[0.0,-4.57008]},"62s":{"weight":0.0,"played":[1.0,0.0],"evs":[0.0,-13.44101]},"63s":{"weight":0.3368,"played":[1.0,0.0],"evs":[0.0,-11.05135]},"64s":{"weight":0.3973,"played":[1.0,0.0],"evs":[0.0,-9.06998]},"65s":{"weight":0.9577,"played":[1.0,0.0],"evs":[0.0,-7.64133]},"66":{"weight":0.4958,"played":[0.0,1.0],"evs":[0.0,15.29]},"76o":{"weight":0.6774,"played":[1.0,0.0],"evs":[0.0,-9.33977]},"86o":{"weight":0.4281,"played":[1.0,0.0],"evs":[0.0,-8.81174]},"96o":{"weight":0.3278,"played":[1.0,0.0],"evs":[0.0,-8.40628]},"T6o":{"weight":0.5761,"played":[1.0,0.0],"evs":[0.0,-7.94858]},"J6o":{"weight":0.7438,"played":[1.0,0.0],"evs":[0.0,-8.73558]},"Q6o":{"weight":0.8164,"played":[1.0,0.0],"evs":[0.0,-7.61245]},"K6o":{"weight":0.1126,"played":[1.0,0.0],"evs":[0.0,-6.09607]},"A6o":{"weight":0.4467,"played":[1.0,0.0],"evs":[0.0,-2.9635]},"72s":{"weight":0.0,"played":[1.0,0.0],"evs":[0.0,-13.12911]},"73s":{"weight":0.0,"played":[1.0,0.0],"evs":[0.0,-10.94866]},"74s":{"weight":0.8091,"played":[1.0,0.0],"evs":[0.0,-8.9665]},"75s":{"weight":0.7288,"played":[1.0,0.0],"evs":[0.0,-7.52611]},"76s":{"weight":0.3028,"played":[1.0,0.0],"evs":[0.0,-5.98915]},"77":{"weight":0.5781,"played":[0.0,1.0],"evs":[0.0,18.56659]},"87o":{"weight":0.5133,"played":[1.0,0.0],"evs":[0.0,-5.91726]},"97o":{"weight":0.0036,"played":[1.0,0.0],"evs":[0.0,-5.76685]},"T7o":{"weight":0.12,"played":[1.0,0.0],"evs":[0.0,-5.82039]},"J7o":{"weight":0.5815,"played":[1.0,0.0],"evs":[0.0,-6.54751]},"Q7o":{"weight":0.2409,"played":[1.0,0.0],"evs":[0.0,-6.94586]},"K7o":{"weight":0.2388,"played":[1.0,0.0],"evs":[0.0,-4.85049]},"A7o":{"weight":0.2865,"played":[1.0,0.0],"evs":[0.0,-1.40777]},"82s":{"weight":0.0,"played":[1.0,0.0],"evs":[0.0,-11.52794]},"83s":{"weight":0.0,"played":[1.0,0.0],"evs":[0.0,-10.52784]},"84s":{"weight":0.2246,"played":[1.0,0.0],"evs":[0.0,-8.68849]},"85s":{"weight":0.3009,"played":[1.0,0.0],"evs":[0.0,-7.2179]},"86s":{"weight":0.8637,"played":[1.0,0.0],"evs":[0.0,-5.44915]},"87s":{"weight":0.3935,"played":[1.0,0.0],"evs":[0.0,-2.84677]},"88":{"weight":0.4264,"played":[0.0,1.0],"evs":[0.0,20.08491]},"98o":{"weight":0.4824,"played":[1.0,0.0],"evs":[0.0,-3.54819]},"T8o":{"weight":0.5833,"played":[1.0,0.0],"evs":[0.0,-3.77177]},"J8o":{"weight":0.1374,"played":[1.0,0.0],"evs":[0.0,-4.48185]},"Q8o":{"weight":0.0474,"played":[1.0,0.0],"evs":[0.0,-4.88341]},"K8o":{"weight":0.2909,"played":[1.0,0.0],"evs":[0.0,-3.84199]},"A8o":{"weight":0.3723,"played":[0.6397,0.3603],"evs":[0.0,-0.00174]},"92s":{"weight":0.0,"played":[1.0,0.0],"evs":[0.0,-10.73062]},"93s":{"weight":0.0,"played":[1.0,0.0],"evs":[0.0,-9.48359]},"94s":{"weight":0.0,"played":[1.0,0.0],"evs":[0.0,-8.80642]},"95s":{"weight":0.688,"played":[1.0,0.0],"evs":[0.0,-7.29106]},"96s":{"weight":0.9589,"played":[1.0,0.0],"evs":[0.0,-5.12318]},"97s":{"weight":1.0,"played":[1.0,0.0],"evs":[0.0,-2.627]},"98s":{"weight":0.5738,"played":[1.0,0.0],"evs":[0.0,-0.57314]},"99":{"weight":0.5342,"played":[0.0,1.0],"evs":[0.0,22.45321]},"T9o":{"weight":0.4233,"played":[1.0,0.0],"evs":[0.0,-3.30689]},"J9o":{"weight":0.3632,"played":[1.0,0.0],"evs":[0.0,-4.03731]},"Q9o":{"weight":0.4426,"played":[1.0,0.0],"evs":[0.0,-4.34156]},"K9o":{"weight":0.4121,"played":[1.0,0.0],"evs":[0.0,-3.19413]},"A9o":{"weight":0.6824,"played":[0.0,1.0],"evs":[0.0,1.76418]},"T2s":{"weight":0.0,"played":[1.0,0.0],"evs":[0.0,-9.42229]},"T3s":{"weight":3.0E-4,"played":[1.0,0.0],"evs":[0.0,-8.15827]},"T4s":{"weight":0.6232,"played":[1.0,0.0],"evs":[0.0,-7.18302]},"T5s":{"weight":0.4337,"played":[1.0,0.0],"evs":[0.0,-6.89042]},"T6s":{"weight":0.2743,"played":[1.0,0.0],"evs":[0.0,-4.68136]},"T7s":{"weight":0.9834,"played":[1.0,0.0],"evs":[0.0,-2.69448]},"T8s":{"weight":0.2007,"played":[1.0,0.0],"evs":[0.0,-0.74554]},"T9s":{"weight":0.811,"played":[1.0,0.0],"evs":[0.0,-0.35101]},"TT":{"weight":8.0E-4,"played":[0.0,1.0],"evs":[0.0,25.32144]},"JTo":{"weight":0.4499,"played":[1.0,0.0],"evs":[0.0,-2.40879]},"QTo":{"weight":0.5743,"played":[1.0,0.0],"evs":[0.0,-2.83857]},"KTo":{"weight":0.3871,"played":[1.0,0.0],"evs":[0.0,-1.71849]},"ATo":{"weight":0.8626,"played":[0.0,1.0],"evs":[0.0,6.86778]},"J2s":{"weight":0.5345,"played":[1.0,0.0],"evs":[0.0,-8.99644]},"J3s":{"weight":0.0576,"played":[1.0,0.0],"evs":[0.0,-7.72888]},"J4s":{"weight":0.3543,"played":[1.0,0.0],"evs":[0.0,-6.88403]},"J5s":{"weight":0.9807,"played":[1.0,0.0],"evs":[0.0,-6.29623]},"J6s":{"weight":0.9474,"played":[1.0,0.0],"evs":[0.0,-5.34521]},"J7s":{"weight":0.5366,"played":[1.0,0.0],"evs":[0.0,-3.34534]},"J8s":{"weight":0.9817,"played":[1.0,0.0],"evs":[0.0,-1.36601]},"J9s":{"weight":0.9462,"played":[1.0,0.0],"evs":[0.0,-1.02915]},"JTs":{"weight":0.7945,"played":[1.0E-4,0.9999],"evs":[0.0,0.45635]},"JJ":{"weight":1.0E-4,"played":[0.0,1.0],"evs":[0.0,27.11591]},"QJo":{"weight":0.2355,"played":[1.0,0.0],"evs":[0.0,-2.5988]},"KJo":{"weight":0.4398,"played":[1.0,0.0],"evs":[0.0,-1.33]},"AJo":{"weight":0.5624,"played":[0.0,1.0],"evs":[0.0,12.20056]},"Q2s":{"weight":0.8578,"played":[1.0,0.0],"evs":[0.0,-8.20795]},"Q3s":{"weight":0.5803,"played":[1.0,0.0],"evs":[0.0,-6.97213]},"Q4s":{"weight":0.9009,"played":[1.0,0.0],"evs":[0.0,-6.02861]},"Q5s":{"weight":0.3475,"played":[1.0,0.0],"evs":[0.0,-5.5106]},"Q6s":{"weight":0.5669,"played":[1.0,0.0],"evs":[0.0,-4.29462]},"Q7s":{"weight":0.5928,"played":[1.0,0.0],"evs":[0.0,-3.71514]},"Q8s":{"weight":0.8336,"played":[1.0,0.0],"evs":[0.0,-1.75113]},"Q9s":{"weight":0.69,"played":[1.0,0.0],"evs":[0.0,-1.27841]},"QTs":{"weight":0.1665,"played":[0.107,0.893],"evs":[0.0,0.04195]},"QJs":{"weight":0.9999,"played":[0.0,1.0],"evs":[0.0,0.40547]},"QQ":{"weight":0.235,"played":[0.0,1.0],"evs":[0.0,27.1755]},"KQo":{"weight":0.4034,"played":[5.0E-4,0.9995],"evs":[0.0,0.12395]},"AQo":{"weight":0.3049,"played":[0.0,1.0],"evs":[0.0,14.94284]},"K2s":{"weight":1.0,"played":[1.0,0.0],"evs":[0.0,-7.93511]},"K3s":{"weight":0.9998,"played":[1.0,0.0],"evs":[0.0,-6.677]},"K4s":{"weight":0.9989,"played":[1.0,0.0],"evs":[0.0,-5.75059]},"K5s":{"weight":0.3811,"played":[1.0,0.0],"evs":[0.0,-5.01759]},"K6s":{"weight":0.8559,"played":[1.0,0.0],"evs":[0.0,-2.95321]},"K7s":{"weight":0.0552,"played":[1.0,0.0],"evs":[0.0,-1.72999]},"K8s":{"weight":0.5133,"played":[1.0,0.0],"evs":[0.0,-0.80254]},"K9s":{"weight":0.1345,"played":[0.9959,0.0041],"evs":[0.0,-0.18327]},"KTs":{"weight":0.7028,"played":[0.0,1.0],"evs":[0.0,1.15688]},"KJs":{"weight":0.3272,"played":[0.0,1.0],"evs":[0.0,1.48828]},"KQs":{"weight":0.3742,"played":[0.0,1.0],"evs":[0.0,2.90807]},"KK":{"weight":0.0177,"played":[0.0,1.0],"evs":[0.0,28.5001]},"AKo":{"weight":0.12,"played":[0.0,1.0],"evs":[0.0,16.01185]},"A2s":{"weight":0.0533,"played":[1.0,0.0],"evs":[0.0,-5.47048]},"A3s":{"weight":0.8881,"played":[1.0,0.0],"evs":[0.0,-4.13642]},"A4s":{"weight":0.9962,"played":[1.0,0.0],"evs":[0.0,-2.9086]},"A5s":{"weight":0.8,"played":[1.0,0.0],"evs":[0.0,-1.52727]},"A6s":{"weight":0.2947,"played":[0.7086,0.2914],"evs":[0.0,0.01107]},"A7s":{"weight":0.3518,"played":[0.0,1.0],"evs":[0.0,1.37089]},"A8s":{"weight":0.402,"played":[0.0,1.0],"evs":[0.0,2.68914]},"A9s":{"weight":0.0044,"played":[0.0,1.0],"evs":[0.0,4.35513]},"ATs":{"weight":0.0015,"played":[0.0,1.0],"evs":[0.0,9.18932]},"AJs":{"weight":0.213,"played":[0.0,1.0],"evs":[0.0,14.20458]},"AQs":{"weight":0.0,"played":[0.0,1.0],"evs":[0.0,16.70755]},"AKs":{"weight":0.0,"played":[0.0,1.0],"evs":[0.0,17.66441]},"AA":{"weight":0.0,"played":[0.0,1.0],"evs":[0.0,38.18525]}}}