{"player":0,"street":0,"children":3,"sequence":[{"player":0,"type":"R","amount":30000,"street":0},{"player":1,"type":"R","amount":100000,"street":0}],"actions":[{"type":"F","amount":0},{"type":"C","amount":70000},{"type":"R","amount":500000,"node":7}],"hands":{"22":{"weight":0.5577,"played":[0.0,0.0,1.0],"evs":[0.0,1.36261,1.41471]},"32o":{"weight":0.0,"played":[1.0,0.0,0.0],"evs":[0.0,-1.54313,-4.0238]},"42o":{"weight":0.047,"played":[1.0,0.0,0.0],"evs":[0.0,-1.43355,-3.77874]},"52o":{"weight":0.0,"played":[1.0,0.0,0.0],"evs":[0.0,-1.38874,-3.5338]},"62o":{"weight":0.0,"played":[1.0,0.0,0.0],"evs":[0.0,-1.78222,-4.1447]},"72o":{"weight":0.0,"played":[1.0,0.0,0.0],"evs":[0.0,-2.15804,-4.55726]},"82o":{"weight":0.0,"played":[1.0,0.0,0.0],"evs":[0.0,-2.04968,-4.13642]},"92o":{"weight":0.0,"played":[1.0,0.0,0.0],"evs":[0.0,-1.94818,-3.78941]},"T2o":{"weight":0.0012,"played":[1.0,0.0,0.0],"evs":[0.0,-1.59482,-3.2053]},"J2o":{"weight":0.1212,"played":[1.0,0.0,0.0],"evs":[0.0,-1.36757,-2.84427]},"Q2o":{"weight":0.0257,"played":[1.0,0.0,0.0],"evs":[0.0,-0.95923,-2.27414]},"K2o":{"weight":0.0,"played":[1.0,0.0,0.0],"evs":[0.0,-0.62512,-1.69943]},"A2o":{"weight":0.1538,"played":[0.0887,0.9089,0.0023],"evs":[0.0,0.01118,-0.03051]},"32s":{"weight":1.0,"played":[1.0,0.0,0.0],"evs":[0.0,-0.10096,-2.17919]},"33":{"weight":0.5253,"played":[0.0,0.4869,0.5131],"evs":[0.0,1.72653,1.72568]},"43o":{"weight":0.4892,"played":[1.0,0.0,0.0],"evs":[0.0,-0.8773,-3.03834]},"53o":{"weight":0.521,"played":[1.0,0.0,0.0],"evs":[0.0,-0.76635,-2.77312]},"63o":{"weight":0.0,"played":[1.0,0.0,0.0],"evs":[0.0,-1.17946,-3.37068]},"73o":{"weight":0.0,"played":[1.0,0.0,0.0],"evs":[0.0,-1.64825,-3.77395]},"83o":{"weight":0.0,"played":[1.0,0.0,0.0],"evs":[0.0,-2.0207,-4.06141]},"93o":{"weight":0.0,"played":[1.0,0.0,0.0],"evs":[0.0,-1.86229,-3.55801]},"T3o":{"weight":0.0273,"played":[1.0,0.0,0.0],"evs":[0.0,-1.49128,-2.98288]},"J3o":{"weight":0.1927,"played":[1.0,0.0,0.0],"evs":[0.0,-1.26984,-2.61802]},"Q3o":{"weight":0.013,"played":[1.0,0.0,0.0],"evs":[0.0,-0.85255,-2.04179]},"K3o":{"weight":0.0,"played":[1.0,0.0,0.0],"evs":[0.0,-0.49203,-1.47459]},"A3o":{"weight":0.3588,"played":[0.0,1.0,0.0],"evs":[0.0,0.21436,0.17045]},"42s":{"weight":0.9837,"played":[0.6881,0.3119,0.0],"evs":[0.0,0.00173,-1.9509]},"43s":{"weight":0.5411,"played":[0.0,1.0,0.0],"evs":[0.0,0.57508,-1.26388]},"44":{"weight":0.5354,"played":[0.0,0.48,0.52],"evs":[0.0,2.06162,2.06136]},"54o":{"weight":0.8243,"played":[1.0,0.0,0.0],"evs":[0.0,-0.25847,-2.07487]},"64o":{"weight":0.384,"played":[1.0,0.0,0.0],"evs":[0.0,-0.61381,-2.65529]},"74o":{"weight":0.0,"played":[1.0,0.0,0.0],"evs":[0.0,-1.09465,-3.02007]},"84o":{"weight":0.0,"played":[1.0,0.0,0.0],"evs":[0.0,-1.57206,-3.32933]},"94o":{"weight":0.0,"played":[1.0,0.0,0.0],"evs":[0.0,-1.88126,-3.51849]},"T4o":{"weight":0.2919,"played":[1.0,0.0,0.0],"evs":[0.0,-1.46249,-2.78837]},"J4o":{"weight":0.0942,"played":[1.0,0.0,0.0],"evs":[0.0,-1.21539,-2.41638]},"Q4o":{"weight":0.2498,"played":[1.0,0.0,0.0],"evs":[0.0,-0.80675,-1.85274]},"K4o":{"weight":0.3375,"played":[1.0,0.0,0.0],"evs":[0.0,-0.3882,-1.266]},"A4o":{"weight":0.6107,"played":[0.0,0.8524,0.1476],"evs":[0.0,0.35263,0.34825]},"52s":{"weight":0.7044,"played":[2.0E-4,0.9998,0.0],"evs":[0.0,0.05284,-1.72587]},"53s":{"weight":0.234,"played":[0.0,1.0,0.0],"evs":[0.0,0.69028,-1.02198]},"54s":{"weight":0.1547,"played":[0.0,1.0,0.0],"evs":[0.0,1.25712,-0.35515]},"55":{"weight":0.6275,"played":[0.0,0.98,0.02],"evs":[0.0,2.62431,2.60747]},"65o":{"weight":0.9592,"played":[1.0,0.0,0.0],"evs":[0.0,-0.16855,-1.96809]},"75o":{"weight":0.3482,"played":[1.0,0.0,0.0],"evs":[0.0,-0.60736,-2.33585]},"85o":{"weight":0.1249,"played":[1.0,0.0,0.0],"evs":[0.0,-1.09269,-2.62259]},"95o":{"weight":0.0611,"played":[1.0,0.0,0.0],"evs":[0.0,-1.50001,-2.82528]},"T5o":{"weight":0.025,"played":[1.0,0.0,0.0],"evs":[0.0,-1.51304,-2.76575]},"J5o":{"weight":0.3347,"played":[1.0,0.0,0.0],"evs":[0.0,-1.21888,-2.23803]},"Q5o":{"weight":0.4176,"played":[1.0,0.0,0.0],"evs":[0.0,-0.74515,-1.63331]},"K5o":{"weight":0.8667,"played":[1.0,0.0,0.0],"evs":[0.0,-0.28297,-1.08571]},"A5o":{"weight":0.6478,"played":[0.0,0.6255,0.3745],"evs":[0.0,0.55363,0.55376]},"62s":{"weight":1.0,"played":[1.0,0.0,0.0],"evs":[0.0,-0.34005,-2.29052]},"63s":{"weight":0.6632,"played":[0.0,1.0,0.0],"evs":[0.0,0.2969,-1.56275]},"64s":{"weight":0.6027,"played":[0.0,1.0,0.0],"evs":[0.0,0.87264,-0.90108]},"65s":{"weight":0.0423,"played":[0.0,1.0,0.0],"evs":[0.0,1.34895,-0.26829]},"66":{"weight":0.5042,"played":[0.0,1.0,0.0],"evs":[0.0,3.46982,3.3201]},"76o":{"weight":0.3226,"played":[1.0,0.0,0.0],"evs":[0.0,-0.07444,-1.71101]},"86o":{"weight":0.5719,"played":[1.0,0.0,0.0],"evs":[0.0,-0.45285,-1.94727]},"96o":{"weight":0.6722,"played":[1.0,0.0,0.0],"evs":[0.0,-0.84433,-2.13282]},"T6o":{"weight":0.4239,"played":[1.0,0.0,0.0],"evs":[0.0,-0.98761,-2.10768]},"J6o":{"weight":0.2562,"played":[1.0,0.0,0.0],"evs":[0.0,-1.0777,-2.229]},"Q6o":{"weight":0.1836,"played":[1.0,0.0,0.0],"evs":[0.0,-0.58012,-1.48994]},"K6o":{"weight":0.8874,"played":[1.0,0.0,0.0],"evs":[0.0,-0.14773,-0.95384]},"A6o":{"weight":0.5533,"played":[1.0E-4,0.8384,0.1615],"evs":[0.0,0.04124,0.04062]},"72s":{"weight":1.0,"played":[1.0,0.0,0.0],"evs":[0.0,-0.72463,-2.66189]},"73s":{"weight":1.0,"played":[1.0,0.0,0.0],"evs":[0.0,-0.18999,-1.94513]},"74s":{"weight":0.1909,"played":[0.0,1.0,0.0],"evs":[0.0,0.37535,-1.25814]},"75s":{"weight":0.2712,"played":[0.0,1.0,0.0],"evs":[0.0,0.89281,-0.59402]},"76s":{"weight":0.6972,"played":[0.0,1.0,0.0],"evs":[0.0,1.44162,-0.00551]},"77":{"weight":0.4219,"played":[0.0,1.0,0.0],"evs":[0.0,4.33882,4.27862]},"87o":{"weight":0.4867,"played":[0.9881,0.0119,0.0],"evs":[0.0,-0.01834,-1.33698]},"97o":{"weight":0.9964,"played":[1.0,0.0,0.0],"evs":[0.0,-0.28139,-1.46954]},"T7o":{"weight":0.88,"played":[1.0,0.0,0.0],"evs":[0.0,-0.42606,-1.40664]},"J7o":{"weight":0.4185,"played":[1.0,0.0,0.0],"evs":[0.0,-0.54519,-1.55362]},"Q7o":{"weight":0.7591,"played":[1.0,0.0,0.0],"evs":[0.0,-0.41654,-1.46244]},"K7o":{"weight":0.7612,"played":[0.8425,0.1575,0.0],"evs":[0.0,4.1E-4,-0.78463]},"A7o":{"weight":0.7135,"played":[0.0,0.6983,0.3017],"evs":[0.0,0.36536,0.36303]},"82s":{"weight":1.0,"played":[1.0,0.0,0.0],"evs":[0.0,-0.60637,-2.26847]},"83s":{"weight":1.0,"played":[1.0,0.0,0.0],"evs":[0.0,-0.58022,-2.19745]},"84s":{"weight":0.7754,"played":[1.0,0.0,0.0],"evs":[0.0,-0.07969,-1.50969]},"85s":{"weight":0.6991,"played":[0.0,1.0,0.0],"evs":[0.0,0.41824,-0.84029]},"86s":{"weight":0.1363,"played":[0.0,1.0,0.0],"evs":[0.0,1.04179,-0.226]},"87s":{"weight":0.6065,"played":[0.0,1.0,0.0],"evs":[0.0,1.50203,0.35719]},"88":{"weight":0.5736,"played":[0.0,0.0097,0.9903],"evs":[0.0,5.89893,5.91871]},"98o":{"weight":0.5176,"played":[0.7821,0.2179,0.0],"evs":[0.0,-6.1E-4,-0.85722]},"T8o":{"weight":0.4167,"played":[0.4232,0.5768,0.0],"evs":[0.0,-2.7E-4,-0.65846]},"J8o":{"weight":0.8626,"played":[1.0,0.0,0.0],"evs":[0.0,-0.02576,-0.82166]},"Q8o":{"weight":0.9526,"played":[1.0,0.0,0.0],"evs":[0.0,-0.03463,-0.72957]},"K8o":{"weight":0.7091,"played":[0.7263,0.2737,0.0],"evs":[0.0,-0.00426,-0.61691]},"A8o":{"weight":0.6277,"played":[0.0,1.0,0.0],"evs":[0.0,0.77722,0.69288]},"92s":{"weight":1.0,"played":[1.0,0.0,0.0],"evs":[0.0,-0.51158,-1.93277]},"93s":{"weight":1.0,"played":[1.0,0.0,0.0],"evs":[0.0,-0.41148,-1.72915]},"94s":{"weight":1.0,"played":[1.0,0.0,0.0],"evs":[0.0,-0.40809,-1.67486]},"95s":{"weight":0.312,"played":[0.0796,0.9204,0.0],"evs":[0.0,0.01474,-1.02021]},"96s":{"weight":0.0411,"played":[0.0,1.0,0.0],"evs":[0.0,0.6881,-0.36697]},"97s":{"weight":0.0,"played":[0.0,1.0,0.0],"evs":[0.0,1.2545,0.23557]},"98s":{"weight":0.4262,"played":[0.0,1.0,0.0],"evs":[0.0,1.5457,0.83928]},"99":{"weight":0.4658,"played":[0.0,0.5469,0.4531],"evs":[0.0,7.94148,7.94606]},"T9o":{"weight":0.5767,"played":[0.0,1.0,0.0],"evs":[0.0,0.50388,0.10934]},"J9o":{"weight":0.6368,"played":[0.0,1.0,0.0],"evs":[0.0,0.3585,-0.04382]},"Q9o":{"weight":0.5574,"played":[0.0,1.0,0.0],"evs":[0.0,0.30398,0.05651]},"K9o":{"weight":0.5879,"played":[0.0,1.0,0.0],"evs":[0.0,0.39658,0.1446]},"A9o":{"weight":0.3176,"played":[0.0,1.0,0.0],"evs":[0.0,1.59074,1.36031]},"T2s":{"weight":1.0,"played":[1.0,0.0,0.0],"evs":[0.0,-0.15722,-1.38018]},"T3s":{"weight":0.9997,"played":[0.9999,1.0E-4,0.0],"evs":[0.0,-0.05763,-1.18241]},"T4s":{"weight":0.3768,"played":[0.1741,0.8259,0.0],"evs":[0.0,0.00506,-1.00019]},"T5s":{"weight":0.5663,"played":[0.9999,1.0E-4,0.0],"evs":[0.0,-0.02156,-0.94214]},"T6s":{"weight":0.7257,"played":[0.0,1.0,0.0],"evs":[0.0,0.53052,-0.34882]},"T7s":{"weight":0.0166,"played":[0.0,1.0,0.0],"evs":[0.0,1.10533,0.2916]},"T8s":{"weight":0.7993,"played":[0.0,1.0,0.0],"evs":[0.0,1.54691,1.00987]},"T9s":{"weight":0.189,"played":[0.0,1.0,0.0],"evs":[0.0,2.07939,1.7375]},"TT":{"weight":0.9992,"played":[0.0,0.0,1.0],"evs":[0.0,10.43273,10.57752]},"JTo":{"weight":0.5501,"played":[0.0,0.9929,0.0071],"evs":[0.0,1.3515,1.3303]},"QTo":{"weight":0.4257,"played":[0.0,0.8163,0.1837],"evs":[0.0,1.38747,1.38762]},"KTo":{"weight":0.6129,"played":[0.0,0.9949,0.0051],"evs":[0.0,1.52138,1.49628]},"ATo":{"weight":0.1374,"played":[0.0,0.6955,0.3045],"evs":[0.0,3.20272,3.1988]},"J2s":{"weight":0.4655,"played":[0.0,1.0,0.0],"evs":[0.0,0.08969,-1.00311]},"J3s":{"weight":0.9424,"played":[0.0,1.0,0.0],"evs":[0.0,0.20275,-0.79222]},"J4s":{"weight":0.6457,"played":[0.0,1.0,0.0],"evs":[0.0,0.26979,-0.60909]},"J5s":{"weight":0.0193,"played":[0.0,1.0,0.0],"evs":[0.0,0.2771,-0.45389]},"J6s":{"weight":0.0526,"played":[0.0,1.0,0.0],"evs":[0.0,0.44216,-0.41193]},"J7s":{"weight":0.4634,"played":[0.0,1.0,0.0],"evs":[0.0,0.97078,0.17478]},"J8s":{"weight":0.0183,"played":[0.0,1.0,0.0],"evs":[0.0,1.49423,0.88194]},"J9s":{"weight":0.0538,"played":[0.0,1.0,0.0],"evs":[0.0,1.93262,1.62334]},"JTs":{"weight":0.2055,"played":[0.0,0.9997,3.0E-4],"evs":[0.0,2.98306,2.91641]},"JJ":{"weight":0.9999,"played":[0.0,0.0,1.0],"evs":[0.0,12.89438,13.05531]},"QJo":{"weight":0.7645,"played":[0.0,0.9108,0.0892],"evs":[0.0,1.83802,1.83601]},"KJo":{"weight":0.5602,"played":[0.0,0.6468,0.3532],"evs":[0.0,2.28177,2.28112]},"AJo":{"weight":0.4376,"played":[0.0,0.0,1.0],"evs":[0.0,4.45281,4.71914]},"Q2s":{"weight":0.1422,"played":[0.0,1.0,0.0],"evs":[0.0,0.49489,-0.4413]},"Q3s":{"weight":0.4197,"played":[0.0,1.0,0.0],"evs":[0.0,0.60716,-0.24289]},"Q4s":{"weight":0.0991,"played":[0.0,1.0,0.0],"evs":[0.0,0.67866,-0.05115]},"Q5s":{"weight":0.6525,"played":[0.0,1.0,0.0],"evs":[0.0,0.75588,0.11478]},"Q6s":{"weight":0.4331,"played":[0.0,1.0,0.0],"evs":[0.0,0.94481,0.25946]},"Q7s":{"weight":0.4072,"played":[0.0,1.0,0.0],"evs":[0.0,1.08362,0.30608]},"Q8s":{"weight":0.1664,"played":[0.0,1.0,0.0],"evs":[0.0,1.48693,0.99659]},"Q9s":{"weight":0.31,"played":[0.0,1.0,0.0],"evs":[0.0,1.91277,1.73014]},"QTs":{"weight":0.8335,"played":[0.0,0.9995,5.0E-4],"evs":[0.0,2.99815,2.9691]},"QJs":{"weight":1.0E-4,"played":[0.0,0.9999,1.0E-4],"evs":[0.0,3.46192,3.41914]},"QQ":{"weight":0.765,"played":[0.0,1.0,0.0],"evs":[0.0,16.15527,16.06811]},"KQo":{"weight":0.5966,"played":[0.0,0.7994,0.2006],"evs":[0.0,3.14231,3.13966]},"AQo":{"weight":0.6951,"played":[0.0,0.0,1.0],"evs":[0.0,6.272,6.85245]},"K2s":{"weight":0.0,"played":[0.0,1.0,0.0],"evs":[0.0,0.8419,0.10592]},"K3s":{"weight":2.0E-4,"played":[0.0,1.0,0.0],"evs":[0.0,0.99067,0.30389]},"K4s":{"weight":0.0011,"played":[0.0,1.0,0.0],"evs":[0.0,1.12785,0.50096]},"K5s":{"weight":0.6189,"played":[0.0,1.0,0.0],"evs":[0.0,1.24185,0.67297]},"K6s":{"weight":0.1441,"played":[0.0,1.0,0.0],"evs":[0.0,1.37863,0.81835]},"K7s":{"weight":0.9448,"played":[0.0,1.0,0.0],"evs":[0.0,1.5686,0.98597]},"K8s":{"weight":0.4867,"played":[0.0,1.0,0.0],"evs":[0.0,1.56718,1.13861]},"K9s":{"weight":0.8655,"played":[0.0,0.9999,1.0E-4],"evs":[0.0,2.07981,1.85333]},"KTs":{"weight":0.2972,"played":[0.0,1.0,0.0],"evs":[0.0,3.23609,3.1229]},"KJs":{"weight":0.6728,"played":[0.0,1.0,0.0],"evs":[0.0,3.99243,3.81539]},"KQs":{"weight":0.6258,"played":[0.0,1.0,0.0],"evs":[0.0,4.84934,4.63673]},"KK":{"weight":0.9823,"played":[0.0,1.0,0.0],"evs":[0.0,20.72032,19.62303]},"AKo":{"weight":0.88,"played":[0.0,0.0,1.0],"evs":[0.0,9.2695,10.13875]},"A2s":{"weight":0.9467,"played":[0.0,0.0661,0.9339],"evs":[0.0,1.69906,1.70946]},"A3s":{"weight":0.1119,"played":[0.0,0.3064,0.6936],"evs":[0.0,1.89611,1.89379]},"A4s":{"weight":0.0038,"played":[0.0,0.9964,0.0036],"evs":[0.0,2.06941,2.04995]},"A5s":{"weight":0.2,"played":[0.0,0.9979,0.0021],"evs":[0.0,2.28314,2.26868]},"A6s":{"weight":0.7053,"played":[0.0,0.9715,0.0285],"evs":[0.0,1.79987,1.77199]},"A7s":{"weight":0.6482,"played":[0.0,1.0,0.0],"evs":[0.0,2.20374,2.0905]},"A8s":{"weight":0.598,"played":[0.0,1.0,0.0],"evs":[0.0,2.6645,2.35791]},"A9s":{"weight":0.9956,"played":[0.0,1.0,0.0],"evs":[0.0,3.53304,3.0193]},"ATs":{"weight":0.9985,"played":[0.0,1.0,0.0],"evs":[0.0,5.06344,4.73086]},"AJs":{"weight":0.787,"played":[0.0,1.0,0.0],"evs":[0.0,6.26918,6.13213]},"AQs":{"weight":1.0,"played":[0.0,0.0,1.0],"evs":[0.0,7.98365,8.14204]},"AKs":{"weight":1.0,"played":[0.0,0.0,1.0],"evs":[0.0,10.75058,11.21336]},"AA":{"weight":1.0,"played":[0.0,1.0,0.0],"evs":[0.0,28.24928,24.3537]}}}