{"player":1,"street":0,"children":2,"sequence":[{"player":0,"type":"R","amount":30000,"street":0},{"player":1,"type":"R","amount":100000,"street":0},{"player":0,"type":"R","amount":500000,"street":0}],"actions":[{"type":"F","amount":0},{"type":"C","amount":400000}],"hands":{"22":{"weight":0.0,"played":[0.0,1.0],"evs":[0.0,2.71368]},"32o":{"weight":0.0,"played":[1.0,0.0],"evs":[0.0,-12.01386]},"42o":{"weight":0.0,"played":[1.0,0.0],"evs":[0.0,-11.25528]},"52o":{"weight":0.0,"played":[1.0,0.0],"evs":[0.0,-10.79057]},"62o":{"weight":0.0,"played":[1.0,0.0],"evs":[0.0,-11.73011]},"72o":{"weight":0.0,"played":[1.0,0.0],"evs":[0.0,-13.10105]},"82o":{"weight":0.0,"played":[1.0,0.0],"evs":[0.0,-12.14451]},"92o":{"weight":0.0,"played":[1.0,0.0],"evs":[0.0,-11.78256]},"T2o":{"weight":0.0,"played":[1.0,0.0],"evs":[0.0,-11.44523]},"J2o":{"weight":0.0,"played":[1.0,0.0],"evs":[0.0,-10.90321]},"Q2o":{"weight":0.0,"played":[1.0,0.0],"evs":[0.0,-10.47029]},"K2o":{"weight":0.2406,"played":[1.0,0.0],"evs":[0.0,-9.65268]},"A2o":{"weight":0.5028,"played":[1.0,0.0],"evs":[0.0,-7.07742]},"32s":{"weight":0.0,"played":[1.0,0.0],"evs":[0.0,-8.09558]},"33":{"weight":0.0,"played":[0.0,1.0],"evs":[0.0,6.20023]},"43o":{"weight":0.0,"played":[1.0,0.0],"evs":[0.0,-8.46371]},"53o":{"weight":0.0,"played":[1.0,0.0],"evs":[0.0,-8.01102]},"63o":{"weight":0.0,"played":[1.0,0.0],"evs":[0.0,-8.99695]},"73o":{"weight":0.0,"played":[1.0,0.0],"evs":[0.0,-10.29773]},"83o":{"weight":0.0,"played":[1.0,0.0],"evs":[0.0,-10.79999]},"93o":{"weight":0.0,"played":[1.0,0.0],"evs":[0.0,-10.11569]},"T3o":{"weight":0.0,"played":[1.0,0.0],"evs":[0.0,-9.76439]},"J3o":{"weight":0.0,"played":[1.0,0.0],"evs":[0.0,-9.18627]},"Q3o":{"weight":0.0,"played":[1.0,0.0],"evs":[0.0,-8.80907]},"K3o":{"weight":0.2651,"played":[1.0,0.0],"evs":[0.0,-7.9937]},"A3o":{"weight":0.3201,"played":[1.0,0.0],"evs":[0.0,-5.61037]},"42s":{"weight":0.0,"played":[1.0,0.0],"evs":[0.0,-7.4237]},"43s":{"weight":0.0,"played":[1.0,0.0],"evs":[0.0,-4.79362]},"44":{"weight":0.1265,"played":[0.0,1.0],"evs":[0.0,8.40311]},"54o":{"weight":4.0E-4,"played":[1.0,0.0],"evs":[0.0,-6.31863]},"64o":{"weight":0.0,"played":[1.0,0.0],"evs":[0.0,-7.29328]},"74o":{"weight":0.0,"played":[1.0,0.0],"evs":[0.0,-8.60947]},"84o":{"weight":0.0,"played":[1.0,0.0],"evs":[0.0,-9.11788]},"94o":{"weight":0.0,"played":[1.0,0.0],"evs":[0.0,-9.87135]},"T4o":{"weight":0.0,"played":[1.0,0.0],"evs":[0.0,-9.10052]},"J4o":{"weight":0.0,"played":[1.0,0.0],"evs":[0.0,-8.53667]},"Q4o":{"weight":0.0333,"played":[1.0,0.0],"evs":[0.0,-8.117]},"K4o":{"weight":0.5152,"played":[1.0,0.0],"evs":[0.0,-7.37628]},"A4o":{"weight":0.0438,"played":[1.0,0.0],"evs":[0.0,-4.81986]},"52s":{"weight":0.0,"played":[1.0,0.0],"evs":[0.0,-7.01634]},"53s":{"weight":0.0,"played":[1.0,0.0],"evs":[0.0,-4.37288]},"54s":{"weight":0.0,"played":[1.0,0.0],"evs":[0.0,-2.7908]},"55":{"weight":0.445,"played":[0.0,1.0],"evs":[0.0,10.04253]},"65o":{"weight":0.0964,"played":[1.0,0.0],"evs":[0.0,-5.8069]},"75o":{"weight":7.0E-4,"played":[1.0,0.0],"evs":[0.0,-7.07694]},"85o":{"weight":0.0,"played":[1.0,0.0],"evs":[0.0,-7.49263]},"95o":{"weight":0.0,"played":[1.0,0.0],"evs":[0.0,-8.27722]},"T5o":{"weight":0.0,"played":[1.0,0.0],"evs":[0.0,-8.94451]},"J5o":{"weight":0.0,"played":[1.0,0.0],"evs":[0.0,-8.06829]},"Q5o":{"weight":0.4122,"played":[1.0,0.0],"evs":[0.0,-7.66123]},"K5o":{"weight":0.3453,"played":[1.0,0.0],"evs":[0.0,-6.87638]},"A5o":{"weight":0.2121,"played":[1.0,0.0],"evs":[0.0,-3.87027]},"62s":{"weight":0.0,"played":[1.0,0.0],"evs":[0.0,-7.88101]},"63s":{"weight":0.0,"played":[1.0,0.0],"evs":[0.0,-5.35365]},"64s":{"weight":0.0,"played":[1.0,0.0],"evs":[0.0,-3.66975]},"65s":{"weight":0.0,"played":[1.0,0.0],"evs":[0.0,-2.33144]},"66":{"weight":0.3357,"played":[0.0,1.0],"evs":[0.0,10.73974]},"76o":{"weight":0.1799,"played":[1.0,0.0],"evs":[0.0,-5.60552]},"86o":{"weight":0.1909,"played":[1.0,0.0],"evs":[0.0,-5.91657]},"96o":{"weight":0.1273,"played":[1.0,0.0],"evs":[0.0,-6.65828]},"T6o":{"weight":0.0258,"played":[1.0,0.0],"evs":[0.0,-7.21852]},"J6o":{"weight":1.0E-4,"played":[1.0,0.0],"evs":[0.0,-7.65392]},"Q6o":{"weight":0.2293,"played":[1.0,0.0],"evs":[0.0,-7.01206]},"K6o":{"weight":1.0E-4,"played":[1.0,0.0],"evs":[0.0,-6.23344]},"A6o":{"weight":0.3971,"played":[1.0,0.0],"evs":[0.0,-4.42282]},"72s":{"weight":0.0,"played":[1.0,0.0],"evs":[0.0,-9.18305]},"73s":{"weight":0.0,"played":[1.0,0.0],"evs":[0.0,-6.5087]},"74s":{"weight":0.0,"played":[1.0,0.0],"evs":[0.0,-4.95912]},"75s":{"weight":0.0,"played":[1.0,0.0],"evs":[0.0,-3.56689]},"76s":{"weight":0.0,"played":[1.0,0.0],"evs":[0.0,-2.09994]},"77":{"weight":0.8201,"played":[0.0,1.0],"evs":[0.0,11.04292]},"87o":{"weight":0.1261,"played":[1.0,0.0],"evs":[0.0,-5.2189]},"97o":{"weight":0.2726,"played":[1.0,0.0],"evs":[0.0,-5.9734]},"T7o":{"weight":0.3313,"played":[1.0,0.0],"evs":[0.0,-6.39729]},"J7o":{"weight":0.321,"played":[1.0,0.0],"evs":[0.0,-6.82659]},"Q7o":{"weight":0.0554,"played":[1.0,0.0],"evs":[0.0,-7.44605]},"K7o":{"weight":0.002,"played":[1.0,0.0],"evs":[0.0,-6.37129]},"A7o":{"weight":0.2123,"played":[1.0,0.0],"evs":[0.0,-3.26956]},"82s":{"weight":0.0,"played":[1.0,0.0],"evs":[0.0,-8.22886]},"83s":{"weight":0.0,"played":[1.0,0.0],"evs":[0.0,-7.00523]},"84s":{"weight":0.0,"played":[1.0,0.0],"evs":[0.0,-5.3749]},"85s":{"weight":0.0,"played":[1.0,0.0],"evs":[0.0,-3.89658]},"86s":{"weight":0.0,"played":[1.0,0.0],"evs":[0.0,-2.38826]},"87s":{"weight":0.0,"played":[1.0,0.0],"evs":[0.0,-1.80656]},"88":{"weight":1.0,"played":[0.0,1.0],"evs":[0.0,13.22054]},"98o":{"weight":0.0801,"played":[1.0,0.0],"evs":[0.0,-4.73261]},"T8o":{"weight":0.3772,"played":[1.0,0.0],"evs":[0.0,-4.75625]},"J8o":{"weight":0.3767,"played":[1.0,0.0],"evs":[0.0,-5.17022]},"Q8o":{"weight":0.0811,"played":[1.0,0.0],"evs":[0.0,-5.87311]},"K8o":{"weight":0.0,"played":[1.0,0.0],"evs":[0.0,-6.01458]},"A8o":{"weight":0.8021,"played":[1.0,0.0],"evs":[0.0,-2.08945]},"92s":{"weight":0.0,"played":[1.0,0.0],"evs":[0.0,-7.87645]},"93s":{"weight":0.0,"played":[1.0,0.0],"evs":[0.0,-6.40604]},"94s":{"weight":0.0,"played":[1.0,0.0],"evs":[0.0,-6.1291]},"95s":{"weight":0.0,"played":[1.0,0.0],"evs":[0.0,-4.68058]},"96s":{"weight":0.0,"played":[1.0,0.0],"evs":[0.0,-3.14124]},"97s":{"weight":0.0,"played":[1.0,0.0],"evs":[0.0,-2.44199]},"98s":{"weight":0.0,"played":[1.0,0.0],"evs":[0.0,-1.26337]},"99":{"weight":1.0,"played":[0.0,1.0],"evs":[0.0,15.34216]},"T9o":{"weight":4.0E-4,"played":[1.0,0.0],"evs":[0.0,-3.24521]},"J9o":{"weight":0.2377,"played":[1.0,0.0],"evs":[0.0,-3.67075]},"Q9o":{"weight":0.2192,"played":[1.0,0.0],"evs":[0.0,-4.52613]},"K9o":{"weight":0.3911,"played":[1.0,0.0],"evs":[0.0,-4.68981]},"A9o":{"weight":0.5561,"played":[1.0,0.0],"evs":[0.0,-1.30426]},"T2s":{"weight":0.0,"played":[1.0,0.0],"evs":[0.0,-7.47384]},"T3s":{"weight":0.0,"played":[1.0,0.0],"evs":[0.0,-5.92902]},"T4s":{"weight":0.0,"played":[1.0,0.0],"evs":[0.0,-5.39366]},"T5s":{"weight":0.0,"played":[1.0,0.0],"evs":[0.0,-5.21933]},"T6s":{"weight":0.0,"played":[1.0,0.0],"evs":[0.0,-3.59805]},"T7s":{"weight":0.0,"played":[1.0,0.0],"evs":[0.0,-2.88343]},"T8s":{"weight":0.0,"played":[1.0,0.0],"evs":[0.0,-1.28235]},"T9s":{"weight":0.0,"played":[0.0024,0.9976],"evs":[0.0,0.19847]},"TT":{"weight":1.0,"played":[0.0,1.0],"evs":[0.0,20.13292]},"JTo":{"weight":8.0E-4,"played":[1.0,0.0],"evs":[0.0,-1.63086]},"QTo":{"weight":0.2289,"played":[1.0,0.0],"evs":[0.0,-2.29166]},"KTo":{"weight":0.2792,"played":[1.0,0.0],"evs":[0.0,-2.58349]},"ATo":{"weight":0.0867,"played":[0.0,1.0],"evs":[0.0,0.85375]},"J2s":{"weight":0.0,"played":[1.0,0.0],"evs":[0.0,-6.94529]},"J3s":{"weight":0.0,"played":[1.0,0.0],"evs":[0.0,-5.39671]},"J4s":{"weight":0.0,"played":[1.0,0.0],"evs":[0.0,-4.80864]},"J5s":{"weight":0.0,"played":[1.0,0.0],"evs":[0.0,-4.37081]},"J6s":{"weight":0.0,"played":[1.0,0.0],"evs":[0.0,-3.92591]},"J7s":{"weight":0.0,"played":[1.0,0.0],"evs":[0.0,-3.18085]},"J8s":{"weight":0.0,"played":[1.0,0.0],"evs":[0.0,-1.63608]},"J9s":{"weight":0.0,"played":[0.9999,1.0E-4],"evs":[0.0,-0.15306]},"JTs":{"weight":0.6226,"played":[0.0,1.0],"evs":[0.0,1.66722]},"JJ":{"weight":1.0,"played":[0.0,1.0],"evs":[0.0,27.31062]},"QJo":{"weight":0.15,"played":[1.0,0.0],"evs":[0.0,-1.52135]},"KJo":{"weight":0.2901,"played":[1.0,0.0],"evs":[0.0,-1.40703]},"AJo":{"weight":0.1246,"played":[0.0,1.0],"evs":[0.0,4.24111]},"Q2s":{"weight":0.0,"played":[1.0,0.0],"evs":[0.0,-6.54159]},"Q3s":{"weight":0.0,"played":[1.0,0.0],"evs":[0.0,-4.98647]},"Q4s":{"weight":0.0,"played":[1.0,0.0],"evs":[0.0,-4.39396]},"Q5s":{"weight":0.0,"played":[1.0,0.0],"evs":[0.0,-3.96926]},"Q6s":{"weight":0.0,"played":[1.0,0.0],"evs":[0.0,-3.38057]},"Q7s":{"weight":0.0,"played":[1.0,0.0],"evs":[0.0,-3.73704]},"Q8s":{"weight":0.0,"played":[1.0,0.0],"evs":[0.0,-2.24284]},"Q9s":{"weight":0.0,"played":[1.0,0.0],"evs":[0.0,-0.95771]},"QTs":{"weight":0.0,"played":[0.0,1.0],"evs":[0.0,1.07983]},"QJs":{"weight":0.4697,"played":[0.0,1.0],"evs":[0.0,1.76928]},"QQ":{"weight":1.0,"played":[0.0,1.0],"evs":[0.0,32.02011]},"KQo":{"weight":0.3061,"played":[0.9999,1.0E-4],"evs":[0.0,-0.23947]},"AQo":{"weight":0.7426,"played":[0.0,1.0],"evs":[0.0,10.18197]},"K2s":{"weight":0.0,"played":[1.0,0.0],"evs":[0.0,-5.78003]},"K3s":{"weight":0.0,"played":[1.0,0.0],"evs":[0.0,-4.28304]},"K4s":{"weight":0.0,"played":[1.0,0.0],"evs":[0.0,-3.63226]},"K5s":{"weight":0.0,"played":[1.0,0.0],"evs":[0.0,-3.2305]},"K6s":{"weight":0.0,"played":[1.0,0.0],"evs":[0.0,-2.57096]},"K7s":{"weight":0.0,"played":[1.0,0.0],"evs":[0.0,-2.75553]},"K8s":{"weight":0.0,"played":[1.0,0.0],"evs":[0.0,-2.32538]},"K9s":{"weight":0.0,"played":[1.0,0.0],"evs":[0.0,-1.10916]},"KTs":{"weight":0.0,"played":[0.0,1.0],"evs":[0.0,0.81944]},"KJs":{"weight":0.9377,"played":[0.0,1.0],"evs":[0.0,1.88939]},"KQs":{"weight":1.0,"played":[0.0,1.0],"evs":[0.0,2.98501]},"KK":{"weight":1.0,"played":[0.0,1.0],"evs":[0.0,35.986]},"AKo":{"weight":1.0,"played":[0.0,1.0],"evs":[0.0,18.69814]},"A2s":{"weight":0.0,"played":[1.0,0.0],"evs":[0.0,-3.24177]},"A3s":{"weight":0.0,"played":[1.0,0.0],"evs":[0.0,-2.02976]},"A4s":{"weight":0.0,"played":[1.0,0.0],"evs":[0.0,-1.3526]},"A5s":{"weight":0.0,"played":[0.9999,1.0E-4],"evs":[0.0,-0.44419]},"A6s":{"weight":0.0,"played":[1.0,0.0],"evs":[0.0,-0.93763]},"A7s":{"weight":0.0,"played":[0.0035,0.9965],"evs":[0.0,0.14185]},"A8s":{"weight":0.0,"played":[0.0,1.0],"evs":[0.0,1.27894]},"A9s":{"weight":1.0,"played":[0.0,1.0],"evs":[0.0,2.01785]},"ATs":{"weight":1.0,"played":[0.0,1.0],"evs":[0.0,4.04217]},"AJs":{"weight":1.0,"played":[0.0,1.0],"evs":[0.0,7.15335]},"AQs":{"weight":1.0,"played":[0.0,1.0],"evs":[0.0,12.68231]},"AKs":{"weight":1.0,"played":[0.0,1.0],"evs":[0.0,20.63701]},"AA":{"weight":1.0,"played":[0.0,1.0],"evs":[0.0,47.0123]}}}