{"player":0,"street":0,"children":2,"sequence":[{"player":0,"type":"R","amount":30000,"street":0},{"player":1,"type":"R","amount":500000,"street":0}],"actions":[{"type":"F","amount":0},{"type":"C","amount":470000}],"hands":{"22":{"weight":0.5577,"played":[1.0,0.0],"evs":[0.0,-2.84154]},"32o":{"weight":0.0,"played":[1.0,0.0],"evs":[0.0,-17.55761]},"42o":{"weight":0.047,"played":[1.0,0.0],"evs":[0.0,-16.08876]},"52o":{"weight":0.0,"played":[1.0,0.0],"evs":[0.0,-15.32681]},"62o":{"weight":0.0,"played":[1.0,0.0],"evs":[0.0,-15.84325]},"72o":{"weight":0.0,"played":[1.0,0.0],"evs":[0.0,-15.34948]},"82o":{"weight":0.0,"played":[1.0,0.0],"evs":[0.0,-13.63539]},"92o":{"weight":0.0,"played":[1.0,0.0],"evs":[0.0,-13.5443]},"T2o":{"weight":0.0012,"played":[1.0,0.0],"evs":[0.0,-13.65551]},"J2o":{"weight":0.1212,"played":[1.0,0.0],"evs":[0.0,-13.27843]},"Q2o":{"weight":0.0257,"played":[1.0,0.0],"evs":[0.0,-12.6264]},"K2o":{"weight":0.0,"played":[1.0,0.0],"evs":[0.0,-12.10975]},"A2o":{"weight":0.1538,"played":[1.0,0.0],"evs":[0.0,-9.42523]},"32s":{"weight":1.0,"played":[1.0,0.0],"evs":[0.0,-13.61575]},"33":{"weight":0.5253,"played":[0.0,1.0],"evs":[0.0,2.43291]},"43o":{"weight":0.4892,"played":[1.0,0.0],"evs":[0.0,-13.54952]},"53o":{"weight":0.521,"played":[1.0,0.0],"evs":[0.0,-12.74292]},"63o":{"weight":0.0,"played":[1.0,0.0],"evs":[0.0,-13.22482]},"73o":{"weight":0.0,"played":[1.0,0.0],"evs":[0.0,-12.89996]},"83o":{"weight":0.0,"played":[1.0,0.0],"evs":[0.0,-12.50531]},"93o":{"weight":0.0,"played":[1.0,0.0],"evs":[0.0,-12.11235]},"T3o":{"weight":0.0273,"played":[1.0,0.0],"evs":[0.0,-12.20577]},"J3o":{"weight":0.1927,"played":[1.0,0.0],"evs":[0.0,-11.83351]},"Q3o":{"weight":0.013,"played":[1.0,0.0],"evs":[0.0,-11.19126]},"K3o":{"weight":0.0,"played":[1.0,0.0],"evs":[0.0,-10.64123]},"A3o":{"weight":0.3588,"played":[1.0,0.0],"evs":[0.0,-7.71347]},"42s":{"weight":0.9837,"played":[1.0,0.0],"evs":[0.0,-12.21534]},"43s":{"weight":0.5411,"played":[1.0,0.0],"evs":[0.0,-9.84696]},"44":{"weight":0.5354,"played":[0.0,1.0],"evs":[0.0,7.5997]},"54o":{"weight":0.8243,"played":[1.0,0.0],"evs":[0.0,-10.31928]},"64o":{"weight":0.384,"played":[1.0,0.0],"evs":[0.0,-10.77368]},"74o":{"weight":0.0,"played":[1.0,0.0],"evs":[0.0,-10.53682]},"84o":{"weight":0.0,"played":[1.0,0.0],"evs":[0.0,-10.20101]},"94o":{"weight":0.0,"played":[1.0,0.0],"evs":[0.0,-11.18534]},"T4o":{"weight":0.2919,"played":[1.0,0.0],"evs":[0.0,-10.90909]},"J4o":{"weight":0.0942,"played":[1.0,0.0],"evs":[0.0,-10.5508]},"Q4o":{"weight":0.2498,"played":[1.0,0.0],"evs":[0.0,-9.94423]},"K4o":{"weight":0.3375,"played":[1.0,0.0],"evs":[0.0,-9.35429]},"A4o":{"weight":0.6107,"played":[1.0,0.0],"evs":[0.0,-6.15437]},"52s":{"weight":0.7044,"played":[1.0,0.0],"evs":[0.0,-11.50328]},"53s":{"weight":0.234,"played":[1.0,0.0],"evs":[0.0,-9.04718]},"54s":{"weight":0.1547,"played":[1.0,0.0],"evs":[0.0,-6.78635]},"55":{"weight":0.6275,"played":[0.0,1.0],"evs":[0.0,12.15068]},"65o":{"weight":0.9592,"played":[1.0,0.0],"evs":[0.0,-8.90291]},"75o":{"weight":0.3482,"played":[1.0,0.0],"evs":[0.0,-8.72301]},"85o":{"weight":0.1249,"played":[1.0,0.0],"evs":[0.0,-8.48615]},"95o":{"weight":0.0611,"played":[1.0,0.0],"evs":[0.0,-9.38518]},"T5o":{"weight":0.025,"played":[1.0,0.0],"evs":[0.0,-10.53744]},"J5o":{"weight":0.3347,"played":[1.0,0.0],"evs":[0.0,-9.85996]},"Q5o":{"weight":0.4176,"played":[1.0,0.0],"evs":[0.0,-9.25719]},"K5o":{"weight":0.8667,"played":[1.0,0.0],"evs":[0.0,-8.65932]},"A5o":{"weight":0.6478,"played":[1.0,0.0],"evs":[0.0,-4.64328]},"62s":{"weight":1.0,"played":[1.0,0.0],"evs":[0.0,-11.90242]},"63s":{"weight":0.6632,"played":[1.0,0.0],"evs":[0.0,-9.4381]},"64s":{"weight":0.6027,"played":[1.0,0.0],"evs":[0.0,-7.17009]},"65s":{"weight":0.0423,"played":[1.0,0.0],"evs":[0.0,-5.49934]},"66":{"weight":0.5042,"played":[0.0,1.0],"evs":[0.0,17.43245]},"76o":{"weight":0.3226,"played":[1.0,0.0],"evs":[0.0,-6.64868]},"86o":{"weight":0.5719,"played":[1.0,0.0],"evs":[0.0,-6.41332]},"96o":{"weight":0.6722,"played":[1.0,0.0],"evs":[0.0,-7.31301]},"T6o":{"weight":0.4239,"played":[1.0,0.0],"evs":[0.0,-8.45808]},"J6o":{"weight":0.2562,"played":[1.0,0.0],"evs":[0.0,-9.26024]},"Q6o":{"weight":0.1836,"played":[1.0,0.0],"evs":[0.0,-8.31389]},"K6o":{"weight":0.8874,"played":[1.0,0.0],"evs":[0.0,-6.2025]},"A6o":{"weight":0.5533,"played":[1.0,0.0],"evs":[0.0,-3.03202]},"72s":{"weight":1.0,"played":[1.0,0.0],"evs":[0.0,-11.42794]},"73s":{"weight":1.0,"played":[1.0,0.0],"evs":[0.0,-9.14041]},"74s":{"weight":0.1909,"played":[1.0,0.0],"evs":[0.0,-6.93904]},"75s":{"weight":0.2712,"played":[1.0,0.0],"evs":[0.0,-5.27409]},"76s":{"weight":0.6972,"played":[1.0,0.0],"evs":[0.0,-3.27477]},"77":{"weight":0.4219,"played":[0.0,1.0],"evs":[0.0,21.00695]},"87o":{"weight":0.4867,"played":[1.0,0.0],"evs":[0.0,-3.99941]},"97o":{"weight":0.9964,"played":[1.0,0.0],"evs":[0.0,-4.88736]},"T7o":{"weight":0.88,"played":[1.0,0.0],"evs":[0.0,-5.87667]},"J7o":{"weight":0.4185,"played":[1.0,0.0],"evs":[0.0,-6.54772]},"Q7o":{"weight":0.7591,"played":[1.0,0.0],"evs":[0.0,-7.13848]},"K7o":{"weight":0.7612,"played":[1.0,0.0],"evs":[0.0,-4.66634]},"A7o":{"weight":0.7135,"played":[1.0,0.0],"evs":[0.0,-1.50152]},"82s":{"weight":1.0,"played":[1.0,0.0],"evs":[0.0,-9.82508]},"83s":{"weight":1.0,"played":[1.0,0.0],"evs":[0.0,-8.79898]},"84s":{"weight":0.7754,"played":[1.0,0.0],"evs":[0.0,-6.62422]},"85s":{"weight":0.6991,"played":[1.0,0.0],"evs":[0.0,-4.99456]},"86s":{"weight":0.1363,"played":[1.0,0.0],"evs":[0.0,-3.11539]},"87s":{"weight":0.6065,"played":[1.0,0.0],"evs":[0.0,-0.87728]},"88":{"weight":0.5736,"played":[0.0,1.0],"evs":[0.0,22.23002]},"98o":{"weight":0.5176,"played":[1.0,0.0],"evs":[0.0,-3.00178]},"T8o":{"weight":0.4167,"played":[1.0,0.0],"evs":[0.0,-3.92232]},"J8o":{"weight":0.8626,"played":[1.0,0.0],"evs":[0.0,-4.64458]},"Q8o":{"weight":0.9526,"played":[1.0,0.0],"evs":[0.0,-5.24388]},"K8o":{"weight":0.7091,"played":[1.0,0.0],"evs":[0.0,-3.90193]},"A8o":{"weight":0.6277,"played":[0.9099,0.0901],"evs":[0.0,-0.0077]},"92s":{"weight":1.0,"played":[1.0,0.0],"evs":[0.0,-9.71789]},"93s":{"weight":1.0,"played":[1.0,0.0],"evs":[0.0,-8.4052]},"94s":{"weight":1.0,"played":[1.0,0.0],"evs":[0.0,-7.51169]},"95s":{"weight":0.312,"played":[1.0,0.0],"evs":[0.0,-5.88878]},"96s":{"weight":0.0411,"played":[1.0,0.0],"evs":[0.0,-3.88754]},"97s":{"weight":0.0,"played":[1.0,0.0],"evs":[0.0,-1.71734]},"98s":{"weight":0.4262,"played":[0.0191,0.9809],"evs":[0.0,0.0778]},"99":{"weight":0.4658,"played":[0.0,1.0],"evs":[0.0,23.23333]},"T9o":{"weight":0.5767,"played":[1.0,0.0],"evs":[0.0,-3.26332]},"J9o":{"weight":0.6368,"played":[1.0,0.0],"evs":[0.0,-4.03037]},"Q9o":{"weight":0.5574,"played":[1.0,0.0],"evs":[0.0,-4.54313]},"K9o":{"weight":0.5879,"played":[1.0,0.0],"evs":[0.0,-3.065]},"A9o":{"weight":0.3176,"played":[0.0,1.0],"evs":[0.0,1.30641]},"T2s":{"weight":1.0,"played":[1.0,0.0],"evs":[0.0,-9.87772]},"T3s":{"weight":0.9997,"played":[1.0,0.0],"evs":[0.0,-8.49391]},"T4s":{"weight":0.3768,"played":[1.0,0.0],"evs":[0.0,-7.30469]},"T5s":{"weight":0.5663,"played":[1.0,0.0],"evs":[0.0,-6.9539]},"T6s":{"weight":0.7257,"played":[1.0,0.0],"evs":[0.0,-5.04735]},"T7s":{"weight":0.0166,"played":[1.0,0.0],"evs":[0.0,-2.64367]},"T8s":{"weight":0.7993,"played":[1.0,0.0],"evs":[0.0,-0.77823]},"T9s":{"weight":0.189,"played":[0.9984,0.0016],"evs":[0.0,-0.13972]},"TT":{"weight":0.9992,"played":[0.0,1.0],"evs":[0.0,25.78654]},"JTo":{"weight":0.5501,"played":[1.0,0.0],"evs":[0.0,-2.68327]},"QTo":{"weight":0.4257,"played":[1.0,0.0],"evs":[0.0,-3.30351]},"KTo":{"weight":0.6129,"played":[1.0,0.0],"evs":[0.0,-1.78241]},"ATo":{"weight":0.1374,"played":[0.0,1.0],"evs":[0.0,6.19937]},"J2s":{"weight":0.4655,"played":[1.0,0.0],"evs":[0.0,-9.48312]},"J3s":{"weight":0.9424,"played":[1.0,0.0],"evs":[0.0,-8.1138]},"J4s":{"weight":0.6457,"played":[1.0,0.0],"evs":[0.0,-6.94809]},"J5s":{"weight":0.0193,"played":[1.0,0.0],"evs":[0.0,-6.32739]},"J6s":{"weight":0.0526,"played":[1.0,0.0],"evs":[0.0,-5.71041]},"J7s":{"weight":0.4634,"played":[1.0,0.0],"evs":[0.0,-3.27618]},"J8s":{"weight":0.0183,"played":[1.0,0.0],"evs":[0.0,-1.45487]},"J9s":{"weight":0.0538,"played":[1.0,0.0],"evs":[0.0,-0.88453]},"JTs":{"weight":0.2055,"played":[0.0,1.0],"evs":[0.0,0.35169]},"JJ":{"weight":0.9999,"played":[0.0,1.0],"evs":[0.0,27.6503]},"QJo":{"weight":0.7645,"played":[1.0,0.0],"evs":[0.0,-2.97285]},"KJo":{"weight":0.5602,"played":[1.0,0.0],"evs":[0.0,-1.35296]},"AJo":{"weight":0.4376,"played":[0.0,1.0],"evs":[0.0,11.43756]},"Q2s":{"weight":0.1422,"played":[1.0,0.0],"evs":[0.0,-8.83762]},"Q3s":{"weight":0.4197,"played":[1.0,0.0],"evs":[0.0,-7.5072]},"Q4s":{"weight":0.0991,"played":[1.0,0.0],"evs":[0.0,-6.34276]},"Q5s":{"weight":0.6525,"played":[1.0,0.0],"evs":[0.0,-5.75248]},"Q6s":{"weight":0.4331,"played":[1.0,0.0],"evs":[0.0,-4.81912]},"Q7s":{"weight":0.4072,"played":[1.0,0.0],"evs":[0.0,-3.81169]},"Q8s":{"weight":0.1664,"played":[1.0,0.0],"evs":[0.0,-1.95134]},"Q9s":{"weight":0.31,"played":[1.0,0.0],"evs":[0.0,-1.30924]},"QTs":{"weight":0.8335,"played":[1.0,0.0],"evs":[0.0,-0.18528]},"QJs":{"weight":1.0E-4,"played":[0.0488,0.9512],"evs":[0.0,0.18693]},"QQ":{"weight":0.765,"played":[0.0,1.0],"evs":[0.0,28.48077]},"KQo":{"weight":0.5966,"played":[0.6745,0.3255],"evs":[0.0,0.00602]},"AQo":{"weight":0.6951,"played":[0.0,1.0],"evs":[0.0,15.06563]},"K2s":{"weight":0.0,"played":[1.0,0.0],"evs":[0.0,-8.36865]},"K3s":{"weight":2.0E-4,"played":[1.0,0.0],"evs":[0.0,-6.99579]},"K4s":{"weight":0.0011,"played":[1.0,0.0],"evs":[0.0,-5.77465]},"K5s":{"weight":0.6189,"played":[1.0,0.0],"evs":[0.0,-5.17376]},"K6s":{"weight":0.1441,"played":[1.0,0.0],"evs":[0.0,-2.96865]},"K7s":{"weight":0.9448,"played":[1.0,0.0],"evs":[0.0,-1.46136]},"K8s":{"weight":0.4867,"played":[1.0,0.0],"evs":[0.0,-0.75081]},"K9s":{"weight":0.8655,"played":[0.0328,0.9672],"evs":[0.0,0.04996]},"KTs":{"weight":0.2972,"played":[0.0,1.0],"evs":[0.0,1.2098]},"KJs":{"weight":0.6728,"played":[0.0,1.0],"evs":[0.0,1.59176]},"KQs":{"weight":0.6258,"played":[0.0,1.0],"evs":[0.0,2.87321]},"KK":{"weight":0.9823,"played":[0.0,1.0],"evs":[0.0,29.98044]},"AKo":{"weight":0.88,"played":[0.0,1.0],"evs":[0.0,16.79546]},"A2s":{"weight":0.9467,"played":[1.0,0.0],"evs":[0.0,-5.91861]},"A3s":{"weight":0.1119,"played":[1.0,0.0],"evs":[0.0,-4.37022]},"A4s":{"weight":0.0038,"played":[1.0,0.0],"evs":[0.0,-2.8987]},"A5s":{"weight":0.2,"played":[1.0,0.0],"evs":[0.0,-1.49227]},"A6s":{"weight":0.7053,"played":[0.3318,0.6682],"evs":[0.0,0.0107]},"A7s":{"weight":0.6482,"played":[0.0,1.0],"evs":[0.0,1.37419]},"A8s":{"weight":0.598,"played":[0.0,1.0],"evs":[0.0,2.828]},"A9s":{"weight":0.9956,"played":[0.0,1.0],"evs":[0.0,4.07175]},"ATs":{"weight":0.9985,"played":[0.0,1.0],"evs":[0.0,8.64564]},"AJs":{"weight":0.787,"played":[0.0,1.0],"evs":[0.0,13.60725]},"AQs":{"weight":1.0,"played":[0.0,1.0],"evs":[0.0,16.95745]},"AKs":{"weight":1.0,"played":[0.0,1.0],"evs":[0.0,18.50753]},"AA":{"weight":1.0,"played":[0.0,1.0],"evs":[0.0,40.00633]}}}