{"player":0,"street":0,"children":3,"sequence":[{"player":0,"type":"C","amount":5000,"street":0},{"player":1,"type":"R","amount":40000,"street":0}],"actions":[{"type":"F","amount":0},{"type":"C","amount":30000},{"type":"R","amount":250000,"node":3}],"hands":{"22":{"weight":0.0,"played":[0.0,0.9979,0.0021],"evs":[0.0,0.80642,0.65151]},"32o":{"weight":1.0,"played":[1.0,0.0,0.0],"evs":[0.0,-0.58876,-1.72553]},"42o":{"weight":1.0,"played":[1.0,0.0,0.0],"evs":[0.0,-0.54682,-1.63539]},"52o":{"weight":1.0,"played":[1.0,0.0,0.0],"evs":[0.0,-0.50013,-1.54822]},"62o":{"weight":1.0,"played":[1.0,0.0,0.0],"evs":[0.0,-0.7044,-1.81049]},"72o":{"weight":1.0,"played":[1.0,0.0,0.0],"evs":[0.0,-0.87173,-2.06209]},"82o":{"weight":1.0,"played":[1.0,0.0,0.0],"evs":[0.0,-0.81727,-1.84696]},"92o":{"weight":1.0,"played":[1.0,0.0,0.0],"evs":[0.0,-0.64913,-1.66965]},"T2o":{"weight":1.0,"played":[1.0,0.0,0.0],"evs":[0.0,-0.48786,-1.42096]},"J2o":{"weight":1.0,"played":[1.0,0.0,0.0],"evs":[0.0,-0.3434,-1.08972]},"Q2o":{"weight":1.0,"played":[1.0,0.0,0.0],"evs":[0.0,-0.15119,-0.62994]},"K2o":{"weight":1.0,"played":[1.0,0.0,0.0],"evs":[0.0,-0.05411,-0.14538]},"A2o":{"weight":0.9995,"played":[0.0,0.003,0.997],"evs":[0.0,1.38216,1.38886]},"32s":{"weight":0.0,"played":[0.004,0.996,0.0],"evs":[0.0,0.0242,-0.94628]},"33":{"weight":0.3623,"played":[0.0,0.9999,1.0E-4],"evs":[0.0,0.96368,0.8087]},"43o":{"weight":0.9999,"played":[1.0,0.0,0.0],"evs":[0.0,-0.2976,-1.29127]},"53o":{"weight":0.9908,"played":[1.0,0.0,0.0],"evs":[0.0,-0.23279,-1.20471]},"63o":{"weight":1.0,"played":[1.0,0.0,0.0],"evs":[0.0,-0.44677,-1.46583]},"73o":{"weight":1.0,"played":[1.0,0.0,0.0],"evs":[0.0,-0.64177,-1.6874]},"83o":{"weight":1.0,"played":[1.0,0.0,0.0],"evs":[0.0,-0.79572,-1.81902]},"93o":{"weight":1.0,"played":[1.0,0.0,0.0],"evs":[0.0,-0.61228,-1.57214]},"T3o":{"weight":0.9953,"played":[1.0,0.0,0.0],"evs":[0.0,-0.45488,-1.31894]},"J3o":{"weight":0.9998,"played":[1.0,0.0,0.0],"evs":[0.0,-0.30077,-0.98488]},"Q3o":{"weight":0.9999,"played":[1.0,0.0,0.0],"evs":[0.0,-0.10893,-0.53]},"K3o":{"weight":0.9429,"played":[0.5923,0.4077,0.0],"evs":[0.0,-8.5E-4,-0.05075]},"A3o":{"weight":0.7958,"played":[0.0,0.3986,0.6014],"evs":[0.0,1.45872,1.45883]},"42s":{"weight":0.2616,"played":[0.0,1.0,0.0],"evs":[0.0,0.0739,-0.86108]},"43s":{"weight":0.8375,"played":[0.0,1.0,0.0],"evs":[0.0,0.33713,-0.54124]},"44":{"weight":0.5705,"played":[0.0,1.0,0.0],"evs":[0.0,1.1303,0.94523]},"54o":{"weight":0.6644,"played":[0.9973,0.0027,0.0],"evs":[0.0,-0.01502,-0.91155]},"64o":{"weight":0.9236,"played":[1.0,0.0,0.0],"evs":[0.0,-0.20657,-1.14959]},"74o":{"weight":1.0,"played":[1.0,0.0,0.0],"evs":[0.0,-0.41785,-1.37125]},"84o":{"weight":1.0,"played":[1.0,0.0,0.0],"evs":[0.0,-0.5979,-1.49014]},"94o":{"weight":1.0,"played":[1.0,0.0,0.0],"evs":[0.0,-0.61735,-1.54943]},"T4o":{"weight":0.9441,"played":[1.0,0.0,0.0],"evs":[0.0,-0.43934,-1.24044]},"J4o":{"weight":0.9339,"played":[1.0,0.0,0.0],"evs":[0.0,-0.2884,-0.90032]},"Q4o":{"weight":0.8319,"played":[1.0,0.0,0.0],"evs":[0.0,-0.08211,-0.44172]},"K4o":{"weight":0.9352,"played":[0.0,0.9927,0.0073],"evs":[0.0,0.04078,0.01321]},"A4o":{"weight":0.1335,"played":[0.0,0.9978,0.0022],"evs":[0.0,1.55902,1.51483]},"52s":{"weight":0.3836,"played":[1.0E-4,0.9999,0.0],"evs":[0.0,0.12155,-0.7912]},"53s":{"weight":0.9844,"played":[0.0,1.0,0.0],"evs":[0.0,0.39687,-0.46758]},"54s":{"weight":1.0,"played":[0.0,1.0,0.0],"evs":[0.0,0.62961,-0.18208]},"55":{"weight":0.5781,"played":[0.0,1.0,0.0],"evs":[0.0,1.34587,1.121]},"65o":{"weight":0.6013,"played":[0.9744,0.0256,0.0],"evs":[0.0,-0.01183,-0.88303]},"75o":{"weight":0.8852,"played":[1.0,0.0,0.0],"evs":[0.0,-0.19589,-1.08489]},"85o":{"weight":0.925,"played":[1.0,0.0,0.0],"evs":[0.0,-0.3819,-1.18418]},"95o":{"weight":0.9928,"played":[1.0,0.0,0.0],"evs":[0.0,-0.44346,-1.24788]},"T5o":{"weight":0.8352,"played":[1.0,0.0,0.0],"evs":[0.0,-0.42375,-1.24085]},"J5o":{"weight":0.5474,"played":[1.0,0.0,0.0],"evs":[0.0,-0.25326,-0.84988]},"Q5o":{"weight":0.35,"played":[1.0,0.0,0.0],"evs":[0.0,-0.0528,-0.39807]},"K5o":{"weight":0.3943,"played":[0.0,0.9999,1.0E-4],"evs":[0.0,0.10214,0.08658]},"A5o":{"weight":0.5869,"played":[0.0,0.9999,1.0E-4],"evs":[0.0,1.64693,1.62111]},"62s":{"weight":0.0,"played":[1.0,0.0,0.0],"evs":[0.0,-0.08383,-1.02792]},"63s":{"weight":0.2389,"played":[0.0,1.0,0.0],"evs":[0.0,0.18313,-0.69156]},"64s":{"weight":0.8878,"played":[0.0,1.0,0.0],"evs":[0.0,0.42791,-0.39053]},"65s":{"weight":1.0,"played":[0.0,1.0,0.0],"evs":[0.0,0.62494,-0.14559]},"66":{"weight":0.6894,"played":[0.0,1.0,0.0],"evs":[0.0,1.62959,1.40596]},"76o":{"weight":0.7884,"played":[0.5615,0.4385,0.0],"evs":[0.0,0.00134,-0.83668]},"86o":{"weight":0.7475,"played":[1.0,0.0,0.0],"evs":[0.0,-0.15528,-0.91044]},"96o":{"weight":0.6702,"played":[1.0,0.0,0.0],"evs":[0.0,-0.21647,-0.96427]},"T6o":{"weight":0.634,"played":[1.0,0.0,0.0],"evs":[0.0,-0.22506,-0.94952]},"J6o":{"weight":0.7081,"played":[1.0,0.0,0.0],"evs":[0.0,-0.19229,-0.83154]},"Q6o":{"weight":0.4214,"played":[0.5414,0.4586,0.0],"evs":[0.0,-0.00123,-0.33582]},"K6o":{"weight":0.5998,"played":[0.0,0.7827,0.2173],"evs":[0.0,0.15012,0.14874]},"A6o":{"weight":0.685,"played":[0.0,0.2864,0.7136],"evs":[0.0,1.48302,1.48412]},"72s":{"weight":0.9982,"played":[1.0,0.0,0.0],"evs":[0.0,-0.26003,-1.2445]},"73s":{"weight":1.0E-4,"played":[0.9791,0.0209,0.0],"evs":[0.0,-0.02626,-0.91903]},"74s":{"weight":0.4212,"played":[0.0,1.0,0.0],"evs":[0.0,0.21814,-0.61457]},"75s":{"weight":0.7393,"played":[0.0,1.0,0.0],"evs":[0.0,0.46316,-0.32837]},"76s":{"weight":0.9998,"played":[0.0,1.0,0.0],"evs":[0.0,0.64856,-0.1143]},"77":{"weight":0.8602,"played":[0.0,1.0,0.0],"evs":[0.0,1.92844,1.72271]},"87o":{"weight":0.6359,"played":[0.3073,0.6927,0.0],"evs":[0.0,7.1E-4,-0.69639]},"97o":{"weight":0.5407,"played":[0.5529,0.4471,0.0],"evs":[0.0,-0.00279,-0.72289]},"T7o":{"weight":0.5632,"played":[1.0,0.0,0.0],"evs":[0.0,-0.03019,-0.7083]},"J7o":{"weight":0.4215,"played":[0.9999,1.0E-4,0.0],"evs":[0.0,-0.04538,-0.59956]},"Q7o":{"weight":0.6327,"played":[0.0,1.0,0.0],"evs":[0.0,0.0116,-0.33109]},"K7o":{"weight":0.315,"played":[0.0,1.0,0.0],"evs":[0.0,0.22839,0.20025]},"A7o":{"weight":0.857,"played":[0.0,0.0026,0.9974],"evs":[0.0,1.65019,1.66916]},"82s":{"weight":0.6973,"played":[1.0,0.0,0.0],"evs":[0.0,-0.20208,-1.04527]},"83s":{"weight":0.0297,"played":[1.0,0.0,0.0],"evs":[0.0,-0.17766,-1.03687]},"84s":{"weight":0.0,"played":[4.0E-4,0.9996,0.0],"evs":[0.0,0.04284,-0.71308]},"85s":{"weight":0.9228,"played":[0.0,1.0,0.0],"evs":[0.0,0.26999,-0.44806]},"86s":{"weight":0.9999,"played":[0.0,1.0,0.0],"evs":[0.0,0.509,-0.16813]},"87s":{"weight":1.0,"played":[0.0,1.0,0.0],"evs":[0.0,0.65765,0.02096]},"88":{"weight":0.6233,"played":[0.0,1.0,0.0],"evs":[0.0,2.60253,2.44358]},"98o":{"weight":0.9312,"played":[0.0,1.0,0.0],"evs":[0.0,0.16014,-0.42665]},"T8o":{"weight":0.5516,"played":[0.0,1.0,0.0],"evs":[0.0,0.16683,-0.40887]},"J8o":{"weight":0.5463,"played":[0.0,1.0,0.0],"evs":[0.0,0.14295,-0.26211]},"Q8o":{"weight":0.6021,"played":[0.0,1.0,0.0],"evs":[0.0,0.22932,-0.00468]},"K8o":{"weight":0.541,"played":[0.0,1.0,0.0],"evs":[0.0,0.41762,0.32105]},"A8o":{"weight":0.9416,"played":[0.0,0.0,1.0],"evs":[0.0,1.86888,1.96065]},"92s":{"weight":0.1299,"played":[0.9995,5.0E-4,0.0],"evs":[0.0,-0.04878,-0.8973]},"93s":{"weight":1.0E-4,"played":[0.0307,0.9693,0.0],"evs":[0.0,0.0207,-0.79308]},"94s":{"weight":2.0E-4,"played":[0.376,0.624,0.0],"evs":[0.0,0.00286,-0.77758]},"95s":{"weight":0.9812,"played":[0.0,1.0,0.0],"evs":[0.0,0.20463,-0.49155]},"96s":{"weight":1.0,"played":[0.0,1.0,0.0],"evs":[0.0,0.43864,-0.22304]},"97s":{"weight":1.0,"played":[0.0,1.0,0.0],"evs":[0.0,0.65256,-0.00388]},"98s":{"weight":0.0504,"played":[0.0,1.0,0.0],"evs":[0.0,0.82825,0.2849]},"99":{"weight":0.7107,"played":[0.0,1.0,0.0],"evs":[0.0,3.68143,3.44146]},"T9o":{"weight":0.8631,"played":[0.0,1.0,0.0],"evs":[0.0,0.57728,0.08466]},"J9o":{"weight":0.6783,"played":[0.0,1.0,0.0],"evs":[0.0,0.56588,0.19384]},"Q9o":{"weight":0.679,"played":[0.0,1.0,0.0],"evs":[0.0,0.69661,0.46256]},"K9o":{"weight":0.6944,"played":[0.0,1.0,0.0],"evs":[0.0,0.9837,0.7807]},"A9o":{"weight":0.9299,"played":[0.0,0.0,1.0],"evs":[0.0,2.15452,2.34203]},"T2s":{"weight":0.9485,"played":[0.0,1.0,0.0],"evs":[0.0,0.12849,-0.64264]},"T3s":{"weight":0.7002,"played":[0.0,1.0,0.0],"evs":[0.0,0.16395,-0.5475]},"T4s":{"weight":0.8352,"played":[0.0,1.0,0.0],"evs":[0.0,0.2023,-0.47057]},"T5s":{"weight":0.7234,"played":[0.0,1.0,0.0],"evs":[0.0,0.22682,-0.45763]},"T6s":{"weight":0.6288,"played":[0.0,1.0,0.0],"evs":[0.0,0.42776,-0.20611]},"T7s":{"weight":1.0,"played":[0.0,1.0,0.0],"evs":[0.0,0.6444,0.02568]},"T8s":{"weight":0.9424,"played":[0.0,1.0,0.0],"evs":[0.0,0.84442,0.31105]},"T9s":{"weight":0.3679,"played":[0.0,1.0,0.0],"evs":[0.0,1.24235,0.78685]},"TT":{"weight":0.7783,"played":[0.0,1.0,0.0],"evs":[0.0,5.03056,4.76057]},"JTo":{"weight":0.8058,"played":[0.0,1.0,0.0],"evs":[0.0,1.09171,0.74696]},"QTo":{"weight":0.6622,"played":[0.0,1.0,0.0],"evs":[0.0,1.27869,1.10896]},"KTo":{"weight":0.7431,"played":[0.0,1.0,0.0],"evs":[0.0,1.70114,1.58138]},"ATo":{"weight":0.9995,"played":[0.0,0.0,1.0],"evs":[0.0,2.77707,3.27638]},"J2s":{"weight":1.0,"played":[0.0,1.0,0.0],"evs":[0.0,0.2885,-0.30475]},"J3s":{"weight":1.0,"played":[0.0,1.0,0.0],"evs":[0.0,0.33838,-0.20986]},"J4s":{"weight":1.0,"played":[0.0,1.0,0.0],"evs":[0.0,0.361,-0.14489]},"J5s":{"weight":0.8445,"played":[0.0,1.0,0.0],"evs":[0.0,0.41199,-0.07718]},"J6s":{"weight":0.6477,"played":[0.0,1.0,0.0],"evs":[0.0,0.45893,-0.06274]},"J7s":{"weight":1.0,"played":[0.0,1.0,0.0],"evs":[0.0,0.62852,0.15317]},"J8s":{"weight":1.0,"played":[0.0,1.0,0.0],"evs":[0.0,0.83757,0.46867]},"J9s":{"weight":0.8901,"played":[0.0,1.0,0.0],"evs":[0.0,1.25798,0.88611]},"JTs":{"weight":0.358,"played":[0.0,1.0,0.0],"evs":[0.0,1.76395,1.4019]},"JJ":{"weight":0.7078,"played":[0.0,1.0,0.0],"evs":[0.0,6.69884,6.18402]},"QJo":{"weight":0.4286,"played":[0.0,1.0,0.0],"evs":[0.0,1.64058,1.58883]},"KJo":{"weight":0.4972,"played":[0.0,1.0,0.0],"evs":[0.0,2.32189,2.12433]},"AJo":{"weight":0.84,"played":[0.0,0.0,1.0],"evs":[0.0,3.21857,3.78876]},"Q2s":{"weight":1.0,"played":[0.0,1.0,0.0],"evs":[0.0,0.50712,0.15869]},"Q3s":{"weight":1.0,"played":[0.0,1.0,0.0],"evs":[0.0,0.54704,0.23062]},"Q4s":{"weight":1.0,"played":[0.0,1.0,0.0],"evs":[0.0,0.58484,0.29495]},"Q5s":{"weight":0.6771,"played":[0.0,1.0,0.0],"evs":[0.0,0.64166,0.35812]},"Q6s":{"weight":0.9857,"played":[0.0,1.0,0.0],"evs":[0.0,0.69282,0.42348]},"Q7s":{"weight":0.9958,"played":[0.0,1.0,0.0],"evs":[0.0,0.70982,0.40811]},"Q8s":{"weight":0.8487,"played":[0.0,1.0,0.0],"evs":[0.0,0.94423,0.71033]},"Q9s":{"weight":0.9579,"played":[0.0,1.0,0.0],"evs":[0.0,1.41656,1.14751]},"QTs":{"weight":0.8008,"played":[0.0,1.0,0.0],"evs":[0.0,1.99732,1.75914]},"QJs":{"weight":0.9996,"played":[0.0,1.0,0.0],"evs":[0.0,2.35562,2.2237]},"QQ":{"weight":0.4507,"played":[0.0,1.0,0.0],"evs":[0.0,8.54448,7.5612]},"KQo":{"weight":0.4379,"played":[0.0,1.0,0.0],"evs":[0.0,2.99672,2.81104]},"AQo":{"weight":0.6508,"played":[0.0,0.0,1.0],"evs":[0.0,3.57067,4.38333]},"K2s":{"weight":1.0,"played":[0.0,0.9998,2.0E-4],"evs":[0.0,0.65287,0.62758]},"K3s":{"weight":1.0,"played":[0.0,0.7442,0.2558],"evs":[0.0,0.70917,0.7103]},"K4s":{"weight":1.0,"played":[0.0,0.103,0.897],"evs":[0.0,0.77962,0.78301]},"K5s":{"weight":0.816,"played":[0.0,0.9523,0.0477],"evs":[0.0,0.84671,0.83203]},"K6s":{"weight":0.6644,"played":[0.0,0.9632,0.0368],"evs":[0.0,0.90893,0.90491]},"K7s":{"weight":0.9082,"played":[0.0,1.0,0.0],"evs":[0.0,0.99492,0.94152]},"K8s":{"weight":0.9999,"played":[0.0,1.0,0.0],"evs":[0.0,1.2071,1.04568]},"K9s":{"weight":0.5768,"played":[0.0,1.0,0.0],"evs":[0.0,1.78232,1.48558]},"KTs":{"weight":0.3361,"played":[0.0,1.0,0.0],"evs":[0.0,2.50013,2.21733]},"KJs":{"weight":0.9912,"played":[0.0,1.0,0.0],"evs":[0.0,3.08082,2.71895]},"KQs":{"weight":0.9912,"played":[0.0,1.0,0.0],"evs":[0.0,3.70778,3.37076]},"KK":{"weight":0.001,"played":[0.0,1.0,0.0],"evs":[0.0,11.06286,9.07552]},"AKo":{"weight":0.3668,"played":[0.0,0.0,1.0],"evs":[0.0,4.2633,4.94795]},"A2s":{"weight":1.0,"played":[0.0,1.0,0.0],"evs":[0.0,2.14819,2.08268]},"A3s":{"weight":0.9996,"played":[0.0,0.9998,2.0E-4],"evs":[0.0,2.23919,2.14649]},"A4s":{"weight":0.9963,"played":[0.0,1.0,0.0],"evs":[0.0,2.34223,2.21946]},"A5s":{"weight":0.4819,"played":[0.0,1.0,0.0],"evs":[0.0,2.42272,2.29247]},"A6s":{"weight":0.8196,"played":[0.0,1.0,0.0],"evs":[0.0,2.24553,2.17993]},"A7s":{"weight":0.9531,"played":[0.0,0.9999,1.0E-4],"evs":[0.0,2.41156,2.34685]},"A8s":{"weight":0.0535,"played":[0.0,0.8993,0.1007],"evs":[0.0,2.64544,2.62764]},"A9s":{"weight":2.0E-4,"played":[0.0,0.0,1.0],"evs":[0.0,2.91346,2.97761]},"ATs":{"weight":0.0091,"played":[0.0,0.0,1.0],"evs":[0.0,3.50086,3.82344]},"AJs":{"weight":3.0E-4,"played":[0.0,0.0,1.0],"evs":[0.0,3.95144,4.30434]},"AQs":{"weight":1.0E-4,"played":[0.0,0.0,1.0],"evs":[0.0,4.29101,4.8578]},"AKs":{"weight":0.0,"played":[0.0,0.0,1.0],"evs":[0.0,4.92932,5.377]},"AA":{"weight":1.0E-4,"played":[0.0,1.0,0.0],"evs":[0.0,12.64289,10.33096]}}}