{"player":0,"street":0,"children":3,"sequence":[{"player":0,"type":"C","amount":5000,"street":0},{"player":1,"type":"R","amount":40000,"street":0}],"actions":[{"type":"F","amount":0},{"type":"C","amount":30000},{"type":"R","amount":250000,"node":3}],"hands":{"22":{"weight":0.0,"played":[0.0,0.0,1.0],"evs":[0.0,0.73096,0.81341]},"32o":{"weight":1.0,"played":[1.0,0.0,0.0],"evs":[0.0,-0.60314,-1.62013]},"42o":{"weight":1.0,"played":[1.0,0.0,0.0],"evs":[0.0,-0.56169,-1.54528]},"52o":{"weight":1.0,"played":[1.0,0.0,0.0],"evs":[0.0,-0.52006,-1.47438]},"62o":{"weight":1.0,"played":[1.0,0.0,0.0],"evs":[0.0,-0.72026,-1.76861]},"72o":{"weight":1.0,"played":[1.0,0.0,0.0],"evs":[0.0,-0.92659,-2.00355]},"82o":{"weight":1.0,"played":[1.0,0.0,0.0],"evs":[0.0,-0.85852,-1.78554]},"92o":{"weight":1.0,"played":[1.0,0.0,0.0],"evs":[0.0,-0.71794,-1.61049]},"T2o":{"weight":1.0,"played":[1.0,0.0,0.0],"evs":[0.0,-0.55734,-1.36282]},"J2o":{"weight":1.0,"played":[1.0,0.0,0.0],"evs":[0.0,-0.37161,-1.06611]},"Q2o":{"weight":1.0,"played":[1.0,0.0,0.0],"evs":[0.0,-0.14691,-0.61597]},"K2o":{"weight":1.0,"played":[1.0,0.0,0.0],"evs":[0.0,-0.09621,-0.19107]},"A2o":{"weight":0.9975,"played":[0.0,0.0103,0.9897],"evs":[0.0,1.29643,1.29984]},"32s":{"weight":1.0E-4,"played":[0.0572,0.9428,0.0],"evs":[0.0,0.03853,-0.83829]},"33":{"weight":0.3738,"played":[0.0,1.0E-4,0.9999],"evs":[0.0,0.95429,1.0086]},"43o":{"weight":0.9996,"played":[1.0,0.0,0.0],"evs":[0.0,-0.28455,-1.18135]},"53o":{"weight":0.8979,"played":[1.0,0.0,0.0],"evs":[0.0,-0.21964,-1.10936]},"63o":{"weight":1.0,"played":[1.0,0.0,0.0],"evs":[0.0,-0.44243,-1.40345]},"73o":{"weight":1.0,"played":[1.0,0.0,0.0],"evs":[0.0,-0.64964,-1.60528]},"83o":{"weight":1.0,"played":[1.0,0.0,0.0],"evs":[0.0,-0.80589,-1.72587]},"93o":{"weight":1.0,"played":[1.0,0.0,0.0],"evs":[0.0,-0.64284,-1.49391]},"T3o":{"weight":1.0,"played":[1.0,0.0,0.0],"evs":[0.0,-0.48931,-1.24621]},"J3o":{"weight":0.9221,"played":[1.0,0.0,0.0],"evs":[0.0,-0.30537,-0.95277]},"Q3o":{"weight":0.9807,"played":[1.0,0.0,0.0],"evs":[0.0,-0.09503,-0.49924]},"K3o":{"weight":0.96,"played":[0.9998,2.0E-4,0.0],"evs":[0.0,-0.03319,-0.08048]},"A3o":{"weight":0.9158,"played":[0.0,0.6421,0.3579],"evs":[0.0,1.37831,1.37648]},"42s":{"weight":0.7244,"played":[3.0E-4,0.9997,0.0],"evs":[0.0,0.09538,-0.78082]},"43s":{"weight":0.9945,"played":[0.0,1.0,0.0],"evs":[0.0,0.38241,-0.42699]},"44":{"weight":0.6642,"played":[0.0,0.9988,0.0012],"evs":[0.0,1.1553,1.12314]},"54o":{"weight":0.5119,"played":[0.9179,0.0821,0.0],"evs":[0.0,-0.00627,-0.82806]},"64o":{"weight":0.9197,"played":[1.0,0.0,0.0],"evs":[0.0,-0.21024,-1.09447]},"74o":{"weight":1.0,"played":[1.0,0.0,0.0],"evs":[0.0,-0.42344,-1.32111]},"84o":{"weight":1.0,"played":[1.0,0.0,0.0],"evs":[0.0,-0.61303,-1.41008]},"94o":{"weight":1.0,"played":[1.0,0.0,0.0],"evs":[0.0,-0.66473,-1.50059]},"T4o":{"weight":0.9998,"played":[1.0,0.0,0.0],"evs":[0.0,-0.49126,-1.18251]},"J4o":{"weight":0.87,"played":[1.0,0.0,0.0],"evs":[0.0,-0.31563,-0.88408]},"Q4o":{"weight":0.7753,"played":[1.0,0.0,0.0],"evs":[0.0,-0.08107,-0.4322]},"K4o":{"weight":0.5917,"played":[0.4471,0.3576,0.1953],"evs":[0.0,0.0014,-0.00635]},"A4o":{"weight":0.2813,"played":[0.0,0.9927,0.0073],"evs":[0.0,1.4652,1.41932]},"52s":{"weight":0.5562,"played":[0.0,1.0,0.0],"evs":[0.0,0.11596,-0.74137]},"53s":{"weight":0.7504,"played":[0.0,1.0,0.0],"evs":[0.0,0.44618,-0.36751]},"54s":{"weight":1.0,"played":[0.0,1.0,0.0],"evs":[0.0,0.67729,-0.09492]},"55":{"weight":0.5185,"played":[0.0,1.0,0.0],"evs":[0.0,1.40481,1.24711]},"65o":{"weight":0.533,"played":[0.7933,0.2067,0.0],"evs":[0.0,-0.0032,-0.82263]},"75o":{"weight":0.8309,"played":[1.0,0.0,0.0],"evs":[0.0,-0.18383,-1.03089]},"85o":{"weight":0.9998,"played":[1.0,0.0,0.0],"evs":[0.0,-0.40102,-1.13992]},"95o":{"weight":0.9999,"played":[1.0,0.0,0.0],"evs":[0.0,-0.48343,-1.19796]},"T5o":{"weight":0.7611,"played":[1.0,0.0,0.0],"evs":[0.0,-0.47703,-1.19605]},"J5o":{"weight":0.6714,"played":[1.0,0.0,0.0],"evs":[0.0,-0.28011,-0.85285]},"Q5o":{"weight":0.5203,"played":[0.9995,5.0E-4,0.0],"evs":[0.0,-0.05103,-0.38208]},"K5o":{"weight":0.5582,"played":[0.0,0.9897,0.0103],"evs":[0.0,0.04037,0.03322]},"A5o":{"weight":0.4291,"played":[0.0,1.0,0.0],"evs":[0.0,1.57226,1.50987]},"62s":{"weight":0.3427,"played":[1.0,0.0,0.0],"evs":[0.0,-0.07639,-0.9951]},"63s":{"weight":0.6846,"played":[0.0,1.0,0.0],"evs":[0.0,0.21208,-0.63515]},"64s":{"weight":0.6478,"played":[0.0,1.0,0.0],"evs":[0.0,0.44559,-0.36452]},"65s":{"weight":0.9983,"played":[0.0,1.0,0.0],"evs":[0.0,0.67044,-0.11636]},"66":{"weight":0.6976,"played":[0.0,1.0,0.0],"evs":[0.0,1.67267,1.41797]},"76o":{"weight":0.8505,"played":[0.3958,0.6042,0.0],"evs":[0.0,9.9E-4,-0.80165]},"86o":{"weight":0.6961,"played":[1.0,0.0,0.0],"evs":[0.0,-0.16303,-0.85738]},"96o":{"weight":0.7541,"played":[1.0,0.0,0.0],"evs":[0.0,-0.21704,-0.93035]},"T6o":{"weight":0.6369,"played":[1.0,0.0,0.0],"evs":[0.0,-0.25529,-0.91173]},"J6o":{"weight":0.9194,"played":[1.0,0.0,0.0],"evs":[0.0,-0.21335,-0.85392]},"Q6o":{"weight":0.5501,"played":[0.7609,0.2391,0.0],"evs":[0.0,-0.00425,-0.33929]},"K6o":{"weight":0.637,"played":[0.0,0.6011,0.3989],"evs":[0.0,0.07019,0.06968]},"A6o":{"weight":0.642,"played":[0.0,0.648,0.352],"evs":[0.0,1.32525,1.3184]},"72s":{"weight":0.9999,"played":[1.0,0.0,0.0],"evs":[0.0,-0.2711,-1.18867]},"73s":{"weight":2.0E-4,"played":[0.7976,0.2024,0.0],"evs":[0.0,0.00923,-0.83806]},"74s":{"weight":0.665,"played":[0.0,1.0,0.0],"evs":[0.0,0.24735,-0.57122]},"75s":{"weight":0.6015,"played":[0.0,1.0,0.0],"evs":[0.0,0.47591,-0.30538]},"76s":{"weight":0.5182,"played":[0.0,1.0,0.0],"evs":[0.0,0.70539,-0.05676]},"77":{"weight":0.7816,"played":[0.0,1.0,0.0],"evs":[0.0,1.99765,1.71354]},"87o":{"weight":0.6488,"played":[0.3079,0.6921,0.0],"evs":[0.0,0.00374,-0.66421]},"97o":{"weight":0.4519,"played":[0.9683,0.0317,0.0],"evs":[0.0,-0.01508,-0.70371]},"T7o":{"weight":0.5219,"played":[0.9999,1.0E-4,0.0],"evs":[0.0,-0.03372,-0.69754]},"J7o":{"weight":0.5503,"played":[1.0,0.0,0.0],"evs":[0.0,-0.05959,-0.61812]},"Q7o":{"weight":0.6717,"played":[0.4048,0.5952,0.0],"evs":[0.0,0.00184,-0.38252]},"K7o":{"weight":0.819,"played":[0.0,0.8102,0.1898],"evs":[0.0,0.1088,0.10439]},"A7o":{"weight":0.7759,"played":[0.0,1.0E-4,0.9999],"evs":[0.0,1.54332,1.56232]},"82s":{"weight":0.7074,"played":[1.0,0.0,0.0],"evs":[0.0,-0.21832,-0.98737]},"83s":{"weight":0.3951,"played":[1.0,0.0,0.0],"evs":[0.0,-0.15847,-0.93723]},"84s":{"weight":0.0172,"played":[0.0015,0.9985,0.0],"evs":[0.0,0.05723,-0.65039]},"85s":{"weight":0.7893,"played":[0.0,1.0,0.0],"evs":[0.0,0.29831,-0.3726]},"86s":{"weight":0.8899,"played":[0.0,1.0,0.0],"evs":[0.0,0.54782,-0.11663]},"87s":{"weight":0.9573,"played":[0.0,1.0,0.0],"evs":[0.0,0.72782,0.0454]},"88":{"weight":0.5973,"played":[0.0,1.0,0.0],"evs":[0.0,2.72959,2.51923]},"98o":{"weight":0.796,"played":[0.0,1.0,0.0],"evs":[0.0,0.1415,-0.40116]},"T8o":{"weight":0.6309,"played":[0.0,1.0,0.0],"evs":[0.0,0.16737,-0.35599]},"J8o":{"weight":0.4601,"played":[0.0,1.0,0.0],"evs":[0.0,0.12127,-0.28453]},"Q8o":{"weight":0.764,"played":[0.0,1.0,0.0],"evs":[0.0,0.18378,-0.02214]},"K8o":{"weight":0.6592,"played":[0.0,0.9955,0.0045],"evs":[0.0,0.25288,0.23206]},"A8o":{"weight":0.9572,"played":[0.0,0.0,1.0],"evs":[0.0,1.8155,1.91396]},"92s":{"weight":0.323,"played":[1.0,0.0,0.0],"evs":[0.0,-0.07075,-0.83212]},"93s":{"weight":0.0037,"played":[0.5064,0.4936,0.0],"evs":[0.0,0.01464,-0.72942]},"94s":{"weight":1.0E-4,"played":[0.9814,0.0186,0.0],"evs":[0.0,-0.0274,-0.7419]},"95s":{"weight":0.9903,"played":[0.0,1.0,0.0],"evs":[0.0,0.20246,-0.46023]},"96s":{"weight":0.9863,"played":[0.0,1.0,0.0],"evs":[0.0,0.49041,-0.17552]},"97s":{"weight":0.9991,"played":[0.0,1.0,0.0],"evs":[0.0,0.71126,0.02714]},"98s":{"weight":0.3697,"played":[0.0,1.0,0.0],"evs":[0.0,0.86744,0.32203]},"99":{"weight":0.7274,"played":[0.0,1.0,0.0],"evs":[0.0,3.80309,3.49268]},"T9o":{"weight":0.7777,"played":[0.0,1.0,0.0],"evs":[0.0,0.57286,0.08337]},"J9o":{"weight":0.6831,"played":[0.0,1.0,0.0],"evs":[0.0,0.54524,0.14863]},"Q9o":{"weight":0.7881,"played":[0.0,1.0,0.0],"evs":[0.0,0.63511,0.41299]},"K9o":{"weight":0.6338,"played":[0.0,1.0,0.0],"evs":[0.0,0.79871,0.67806]},"A9o":{"weight":0.9995,"played":[0.0,0.0,1.0],"evs":[0.0,2.16889,2.34624]},"T2s":{"weight":0.5726,"played":[1.0E-4,0.9999,0.0],"evs":[0.0,0.11029,-0.60727]},"T3s":{"weight":0.7605,"played":[0.0,1.0,0.0],"evs":[0.0,0.18213,-0.45817]},"T4s":{"weight":0.8551,"played":[0.0,1.0,0.0],"evs":[0.0,0.18095,-0.41013]},"T5s":{"weight":0.8265,"played":[0.0,1.0,0.0],"evs":[0.0,0.21162,-0.4103]},"T6s":{"weight":0.5497,"played":[0.0,1.0,0.0],"evs":[0.0,0.44878,-0.17183]},"T7s":{"weight":0.9962,"played":[0.0,1.0,0.0],"evs":[0.0,0.68515,0.04206]},"T8s":{"weight":0.5759,"played":[0.0,1.0,0.0],"evs":[0.0,0.90694,0.37059]},"T9s":{"weight":0.4276,"played":[0.0,1.0,0.0],"evs":[0.0,1.31734,0.80571]},"TT":{"weight":0.6163,"played":[0.0,1.0,0.0],"evs":[0.0,5.26931,4.80992]},"JTo":{"weight":0.688,"played":[0.0,1.0,0.0],"evs":[0.0,1.12282,0.72098]},"QTo":{"weight":0.6411,"played":[0.0,1.0,0.0],"evs":[0.0,1.26636,1.04188]},"KTo":{"weight":0.7318,"played":[0.0,1.0,0.0],"evs":[0.0,1.56705,1.44011]},"ATo":{"weight":0.9996,"played":[0.0,0.0,1.0],"evs":[0.0,2.84251,3.27147]},"J2s":{"weight":1.0,"played":[0.0,1.0,0.0],"evs":[0.0,0.30446,-0.28552]},"J3s":{"weight":1.0,"played":[0.0,1.0,0.0],"evs":[0.0,0.36814,-0.18147]},"J4s":{"weight":0.8722,"played":[0.0,1.0,0.0],"evs":[0.0,0.38007,-0.11986]},"J5s":{"weight":0.6977,"played":[0.0,1.0,0.0],"evs":[0.0,0.40494,-0.09807]},"J6s":{"weight":0.5804,"played":[0.0,1.0,0.0],"evs":[0.0,0.4724,-0.08702]},"J7s":{"weight":0.8997,"played":[0.0,1.0,0.0],"evs":[0.0,0.66605,0.10985]},"J8s":{"weight":0.9782,"played":[0.0,1.0,0.0],"evs":[0.0,0.86278,0.43531]},"J9s":{"weight":0.8119,"played":[0.0,1.0,0.0],"evs":[0.0,1.29376,0.85399]},"JTs":{"weight":0.7484,"played":[0.0,1.0,0.0],"evs":[0.0,1.85447,1.38381]},"JJ":{"weight":0.7176,"played":[0.0,1.0,0.0],"evs":[0.0,6.96329,6.11125]},"QJo":{"weight":0.4078,"played":[0.0,1.0,0.0],"evs":[0.0,1.56697,1.49409]},"KJo":{"weight":0.5688,"played":[0.0,1.0,0.0],"evs":[0.0,2.17865,1.96212]},"AJo":{"weight":0.9191,"played":[0.0,0.0,1.0],"evs":[0.0,3.32447,3.78624]},"Q2s":{"weight":1.0,"played":[0.0,1.0,0.0],"evs":[0.0,0.54571,0.14782]},"Q3s":{"weight":1.0,"played":[0.0,1.0,0.0],"evs":[0.0,0.59072,0.25398]},"Q4s":{"weight":0.9983,"played":[0.0,1.0,0.0],"evs":[0.0,0.6132,0.31136]},"Q5s":{"weight":0.3631,"played":[0.0,1.0,0.0],"evs":[0.0,0.66026,0.3604]},"Q6s":{"weight":0.7584,"played":[0.0,1.0,0.0],"evs":[0.0,0.70962,0.39654]},"Q7s":{"weight":0.9935,"played":[0.0,1.0,0.0],"evs":[0.0,0.72446,0.37408]},"Q8s":{"weight":0.5007,"played":[0.0,1.0,0.0],"evs":[0.0,0.9288,0.68313]},"Q9s":{"weight":0.7979,"played":[0.0,1.0,0.0],"evs":[0.0,1.43291,1.12636]},"QTs":{"weight":0.7609,"played":[0.0,1.0,0.0],"evs":[0.0,2.02757,1.68298]},"QJs":{"weight":0.9993,"played":[0.0,1.0,0.0],"evs":[0.0,2.34544,2.14208]},"QQ":{"weight":0.3946,"played":[0.0,1.0,0.0],"evs":[0.0,8.75005,7.43038]},"KQo":{"weight":0.5689,"played":[0.0,1.0,0.0],"evs":[0.0,2.90682,2.63504]},"AQo":{"weight":0.8603,"played":[0.0,0.0,1.0],"evs":[0.0,3.73325,4.40073]},"K2s":{"weight":1.0,"played":[0.0,1.0,0.0],"evs":[0.0,0.65591,0.60167]},"K3s":{"weight":1.0,"played":[0.0,0.9994,6.0E-4],"evs":[0.0,0.71769,0.66942]},"K4s":{"weight":1.0,"played":[0.0,0.9684,0.0316],"evs":[0.0,0.74756,0.73113]},"K5s":{"weight":0.7813,"played":[0.0,0.9996,4.0E-4],"evs":[0.0,0.80521,0.77853]},"K6s":{"weight":0.3853,"played":[0.0,0.9985,0.0015],"evs":[0.0,0.85109,0.83423]},"K7s":{"weight":0.0261,"played":[0.0,0.9994,6.0E-4],"evs":[0.0,0.90328,0.85533]},"K8s":{"weight":0.8617,"played":[0.0,1.0,0.0],"evs":[0.0,1.08081,0.95949]},"K9s":{"weight":0.9373,"played":[0.0,1.0,0.0],"evs":[0.0,1.64965,1.36884]},"KTs":{"weight":0.2642,"played":[0.0,1.0,0.0],"evs":[0.0,2.41817,2.10508]},"KJs":{"weight":0.9071,"played":[0.0,1.0,0.0],"evs":[0.0,3.00674,2.56947]},"KQs":{"weight":0.9493,"played":[0.0,1.0,0.0],"evs":[0.0,3.68031,3.20801]},"KK":{"weight":0.0,"played":[0.0,1.0,0.0],"evs":[0.0,11.19465,8.90768]},"AKo":{"weight":0.5862,"played":[0.0,0.0,1.0],"evs":[0.0,4.4497,5.0359]},"A2s":{"weight":0.8492,"played":[0.0,1.0,0.0],"evs":[0.0,2.11694,1.99005]},"A3s":{"weight":0.3032,"played":[0.0,1.0,0.0],"evs":[0.0,2.22785,2.08605]},"A4s":{"weight":0.9911,"played":[0.0,1.0,0.0],"evs":[0.0,2.31241,2.12922]},"A5s":{"weight":0.795,"played":[0.0,1.0,0.0],"evs":[0.0,2.42158,2.20531]},"A6s":{"weight":0.9525,"played":[0.0,1.0,0.0],"evs":[0.0,2.16134,2.01591]},"A7s":{"weight":0.9992,"played":[0.0,1.0,0.0],"evs":[0.0,2.39577,2.24186]},"A8s":{"weight":0.5058,"played":[0.0,0.9993,7.0E-4],"evs":[0.0,2.65541,2.56918]},"A9s":{"weight":0.0261,"played":[0.0,0.9955,0.0045],"evs":[0.0,2.99661,2.96177]},"ATs":{"weight":0.1892,"played":[0.0,0.0,1.0],"evs":[0.0,3.63048,3.80388]},"AJs":{"weight":0.0062,"played":[0.0,0.0,1.0],"evs":[0.0,4.08746,4.31115]},"AQs":{"weight":0.0,"played":[0.0,0.0,1.0],"evs":[0.0,4.46989,4.86308]},"AKs":{"weight":0.0,"played":[0.0,0.0,1.0],"evs":[0.0,5.15924,5.4722]},"AA":{"weight":0.0,"played":[0.0,1.0,0.0],"evs":[0.0,12.99663,10.30546]}}}