{"player":1,"street":0,"children":2,"sequence":[{"player":0,"type":"C","amount":5000,"street":0},{"player":1,"type":"R","amount":40000,"street":0},{"player":0,"type":"R","amount":250000,"street":0}],"actions":[{"type":"F","amount":0},{"type":"C","amount":210000}],"hands":{"22":{"weight":0.0,"played":[0.0,1.0],"evs":[0.0,5.73323]},"32o":{"weight":0.1411,"played":[1.0,0.0],"evs":[0.0,-4.42462]},"42o":{"weight":0.2499,"played":[1.0,0.0],"evs":[0.0,-3.98433]},"52o":{"weight":0.2975,"played":[1.0,0.0],"evs":[0.0,-3.72554]},"62o":{"weight":0.2023,"played":[1.0,0.0],"evs":[0.0,-4.44482]},"72o":{"weight":0.0067,"played":[1.0,0.0],"evs":[0.0,-5.24898]},"82o":{"weight":0.1741,"played":[1.0,0.0],"evs":[0.0,-4.91276]},"92o":{"weight":0.165,"played":[1.0,0.0],"evs":[0.0,-4.82]},"T2o":{"weight":0.318,"played":[1.0,0.0],"evs":[0.0,-4.62287]},"J2o":{"weight":0.4507,"played":[1.0,0.0],"evs":[0.0,-4.43547]},"Q2o":{"weight":2.0E-4,"played":[1.0,0.0],"evs":[0.0,-4.28704]},"K2o":{"weight":0.0,"played":[1.0,0.0],"evs":[0.0,-3.99312]},"A2o":{"weight":0.0,"played":[1.0,0.0],"evs":[0.0,-2.75604]},"32s":{"weight":0.0,"played":[1.0,0.0],"evs":[0.0,-2.41154]},"33":{"weight":0.0,"played":[0.0,1.0],"evs":[0.0,7.2137]},"43o":{"weight":0.2213,"played":[1.0,0.0],"evs":[0.0,-2.63342]},"53o":{"weight":0.2212,"played":[1.0,0.0],"evs":[0.0,-2.3597]},"63o":{"weight":0.1164,"played":[1.0,0.0],"evs":[0.0,-3.13351]},"73o":{"weight":0.3293,"played":[1.0,0.0],"evs":[0.0,-3.91328]},"83o":{"weight":7.0E-4,"played":[1.0,0.0],"evs":[0.0,-4.27752]},"93o":{"weight":0.1563,"played":[1.0,0.0],"evs":[0.0,-4.04366]},"T3o":{"weight":0.2148,"played":[1.0,0.0],"evs":[0.0,-3.83289]},"J3o":{"weight":0.0622,"played":[1.0,0.0],"evs":[0.0,-3.63895]},"Q3o":{"weight":0.0413,"played":[1.0,0.0],"evs":[0.0,-3.47928]},"K3o":{"weight":0.0,"played":[1.0,0.0],"evs":[0.0,-3.22176]},"A3o":{"weight":0.0,"played":[1.0,0.0],"evs":[0.0,-2.19729]},"42s":{"weight":0.0,"played":[1.0,0.0],"evs":[0.0,-2.02352]},"43s":{"weight":0.0,"played":[1.0,0.0],"evs":[0.0,-0.75189]},"44":{"weight":0.0,"played":[0.0,1.0],"evs":[0.0,8.08793]},"54o":{"weight":0.0068,"played":[1.0,0.0],"evs":[0.0,-1.39063]},"64o":{"weight":0.3004,"played":[1.0,0.0],"evs":[0.0,-2.10475]},"74o":{"weight":0.2024,"played":[1.0,0.0],"evs":[0.0,-2.8105]},"84o":{"weight":0.1426,"played":[1.0,0.0],"evs":[0.0,-3.26529]},"94o":{"weight":1.0E-4,"played":[1.0,0.0],"evs":[0.0,-3.69195]},"T4o":{"weight":0.0979,"played":[1.0,0.0],"evs":[0.0,-3.30749]},"J4o":{"weight":0.1322,"played":[1.0,0.0],"evs":[0.0,-3.14049]},"Q4o":{"weight":0.2503,"played":[1.0,0.0],"evs":[0.0,-3.01845]},"K4o":{"weight":0.0,"played":[1.0,0.0],"evs":[0.0,-2.69124]},"A4o":{"weight":0.0315,"played":[1.0,0.0],"evs":[0.0,-1.72007]},"52s":{"weight":0.0,"played":[1.0,0.0],"evs":[0.0,-1.78998]},"53s":{"weight":0.0,"played":[1.0,0.0],"evs":[0.0,-0.49281]},"54s":{"weight":0.0,"played":[1.0E-4,0.9999],"evs":[0.0,0.42768]},"55":{"weight":0.0984,"played":[0.0,1.0],"evs":[0.0,8.55543]},"65o":{"weight":1.0E-4,"played":[1.0,0.0],"evs":[0.0,-1.33771]},"75o":{"weight":0.2498,"played":[1.0,0.0],"evs":[0.0,-2.03465]},"85o":{"weight":0.2129,"played":[1.0,0.0],"evs":[0.0,-2.40774]},"95o":{"weight":0.3664,"played":[1.0,0.0],"evs":[0.0,-2.88775]},"T5o":{"weight":2.0E-4,"played":[1.0,0.0],"evs":[0.0,-3.2005]},"J5o":{"weight":0.1862,"played":[1.0,0.0],"evs":[0.0,-2.90778]},"Q5o":{"weight":0.1093,"played":[1.0,0.0],"evs":[0.0,-2.78607]},"K5o":{"weight":0.1171,"played":[1.0,0.0],"evs":[0.0,-2.43095]},"A5o":{"weight":0.012,"played":[1.0,0.0],"evs":[0.0,-1.36685]},"62s":{"weight":0.0,"played":[1.0,0.0],"evs":[0.0,-2.48771]},"63s":{"weight":0.0,"played":[1.0,0.0],"evs":[0.0,-1.20284]},"64s":{"weight":0.0,"played":[0.9992,8.0E-4],"evs":[0.0,-0.27982]},"65s":{"weight":4.0E-4,"played":[0.0,1.0],"evs":[0.0,0.48035]},"66":{"weight":0.0046,"played":[0.0,1.0],"evs":[0.0,8.99718]},"76o":{"weight":2.0E-4,"played":[1.0,0.0],"evs":[0.0,-1.46944]},"86o":{"weight":0.0967,"played":[1.0,0.0],"evs":[0.0,-1.91052]},"96o":{"weight":0.1888,"played":[1.0,0.0],"evs":[0.0,-2.37248]},"T6o":{"weight":0.4301,"played":[1.0,0.0],"evs":[0.0,-2.73937]},"J6o":{"weight":0.062,"played":[1.0,0.0],"evs":[0.0,-3.1242]},"Q6o":{"weight":0.0117,"played":[1.0,0.0],"evs":[0.0,-2.82758]},"K6o":{"weight":0.1129,"played":[1.0,0.0],"evs":[0.0,-2.29169]},"A6o":{"weight":0.0,"played":[1.0,0.0],"evs":[0.0,-1.57167]},"72s":{"weight":1.0E-4,"played":[1.0,0.0],"evs":[0.0,-3.22425]},"73s":{"weight":0.0,"played":[1.0,0.0],"evs":[0.0,-1.91117]},"74s":{"weight":0.0,"played":[1.0,0.0],"evs":[0.0,-0.94559]},"75s":{"weight":0.0,"played":[0.9996,4.0E-4],"evs":[0.0,-0.16966]},"76s":{"weight":0.0,"played":[0.0,1.0],"evs":[0.0,0.34979]},"77":{"weight":0.6434,"played":[0.0,1.0],"evs":[0.0,9.77761]},"87o":{"weight":0.0,"played":[1.0,0.0],"evs":[0.0,-1.48859]},"97o":{"weight":0.2161,"played":[1.0,0.0],"evs":[0.0,-2.02501]},"T7o":{"weight":0.2991,"played":[1.0,0.0],"evs":[0.0,-2.35645]},"J7o":{"weight":0.2307,"played":[1.0,0.0],"evs":[0.0,-2.7703]},"Q7o":{"weight":0.1761,"played":[1.0,0.0],"evs":[0.0,-3.22537]},"K7o":{"weight":0.2299,"played":[1.0,0.0],"evs":[0.0,-2.3232]},"A7o":{"weight":0.0,"played":[0.9998,2.0E-4],"evs":[0.0,-0.51064]},"82s":{"weight":0.0,"played":[1.0,0.0],"evs":[0.0,-2.89756]},"83s":{"weight":0.0,"played":[1.0,0.0],"evs":[0.0,-2.24379]},"84s":{"weight":0.0,"played":[1.0,0.0],"evs":[0.0,-1.29531]},"85s":{"weight":0.0,"played":[1.0,0.0],"evs":[0.0,-0.57636]},"86s":{"weight":0.0,"played":[0.9925,0.0075],"evs":[0.0,-0.07203]},"87s":{"weight":0.0,"played":[0.0,1.0],"evs":[0.0,0.28453]},"88":{"weight":1.0,"played":[0.0,1.0],"evs":[0.0,10.90034]},"98o":{"weight":4.0E-4,"played":[1.0,0.0],"evs":[0.0,-1.31606]},"T8o":{"weight":0.1904,"played":[1.0,0.0],"evs":[0.0,-1.57389]},"J8o":{"weight":0.2318,"played":[1.0,0.0],"evs":[0.0,-1.99792]},"Q8o":{"weight":0.4821,"played":[1.0,0.0],"evs":[0.0,-2.45867]},"K8o":{"weight":0.789,"played":[1.0,0.0],"evs":[0.0,-2.20228]},"A8o":{"weight":0.0,"played":[0.0,1.0],"evs":[0.0,1.45548]},"92s":{"weight":0.0,"played":[1.0,0.0],"evs":[0.0,-2.84838]},"93s":{"weight":0.0,"played":[1.0,0.0],"evs":[0.0,-2.07014]},"94s":{"weight":0.0,"played":[1.0,0.0],"evs":[0.0,-1.71318]},"95s":{"weight":0.0,"played":[1.0,0.0],"evs":[0.0,-0.96503]},"96s":{"weight":0.0,"played":[0.9999,1.0E-4],"evs":[0.0,-0.51293]},"97s":{"weight":0.0,"played":[0.999,0.001],"evs":[0.0,-0.19948]},"98s":{"weight":0.0,"played":[0.0,1.0],"evs":[0.0,0.50202]},"99":{"weight":1.0,"played":[0.0,1.0],"evs":[0.0,11.82595]},"T9o":{"weight":0.0377,"played":[1.0,0.0],"evs":[0.0,-0.92428]},"J9o":{"weight":0.199,"played":[1.0,0.0],"evs":[0.0,-1.34438]},"Q9o":{"weight":0.5138,"played":[1.0,0.0],"evs":[0.0,-1.76153]},"K9o":{"weight":0.785,"played":[1.0,0.0],"evs":[0.0,-1.40969]},"A9o":{"weight":0.0,"played":[0.0,1.0],"evs":[0.0,3.93403]},"T2s":{"weight":0.0,"played":[1.0,0.0],"evs":[0.0,-2.59085]},"T3s":{"weight":0.0,"played":[1.0,0.0],"evs":[0.0,-1.77853]},"T4s":{"weight":0.0,"played":[1.0,0.0],"evs":[0.0,-1.35817]},"T5s":{"weight":0.0,"played":[1.0,0.0],"evs":[0.0,-1.31027]},"T6s":{"weight":0.0,"played":[1.0,0.0],"evs":[0.0,-0.7934]},"T7s":{"weight":0.0,"played":[1.0,0.0],"evs":[0.0,-0.49943]},"T8s":{"weight":0.0,"played":[1.0E-4,0.9999],"evs":[0.0,0.19775]},"T9s":{"weight":0.5039,"played":[0.0,1.0],"evs":[0.0,0.77494]},"TT":{"weight":1.0,"played":[0.0,1.0],"evs":[0.0,13.33542]},"JTo":{"weight":0.0,"played":[0.9999,1.0E-4],"evs":[0.0,-0.30248]},"QTo":{"weight":0.0935,"played":[1.0,0.0],"evs":[0.0,-0.75339]},"KTo":{"weight":0.3644,"played":[0.9999,1.0E-4],"evs":[0.0,-0.38129]},"ATo":{"weight":0.0,"played":[0.0,1.0],"evs":[0.0,7.3072]},"J2s":{"weight":0.0,"played":[1.0,0.0],"evs":[0.0,-2.38385]},"J3s":{"weight":0.0,"played":[1.0,0.0],"evs":[0.0,-1.66239]},"J4s":{"weight":0.0,"played":[1.0,0.0],"evs":[0.0,-1.21675]},"J5s":{"weight":0.0,"played":[1.0,0.0],"evs":[0.0,-1.01252]},"J6s":{"weight":0.0,"played":[1.0,0.0],"evs":[0.0,-1.23022]},"J7s":{"weight":0.0,"played":[1.0,0.0],"evs":[0.0,-0.86426]},"J8s":{"weight":0.0,"played":[0.9993,7.0E-4],"evs":[0.0,-0.13682]},"J9s":{"weight":0.0,"played":[0.0,1.0],"evs":[0.0,0.44399]},"JTs":{"weight":0.9993,"played":[0.0,1.0],"evs":[0.0,1.4123]},"JJ":{"weight":1.0,"played":[0.0,1.0],"evs":[0.0,14.19552]},"QJo":{"weight":0.1062,"played":[1.0,0.0],"evs":[0.0,-0.58381]},"KJo":{"weight":0.7996,"played":[0.9995,5.0E-4],"evs":[0.0,-0.16313]},"AJo":{"weight":0.0,"played":[0.0,1.0],"evs":[0.0,10.27724]},"Q2s":{"weight":0.0,"played":[1.0,0.0],"evs":[0.0,-2.2654]},"Q3s":{"weight":0.0,"played":[1.0,0.0],"evs":[0.0,-1.57413]},"Q4s":{"weight":0.0,"played":[1.0,0.0],"evs":[0.0,-1.07515]},"Q5s":{"weight":0.0,"played":[1.0,0.0],"evs":[0.0,-0.88591]},"Q6s":{"weight":0.0,"played":[1.0,0.0],"evs":[0.0,-0.94209]},"Q7s":{"weight":0.0,"played":[1.0,0.0],"evs":[0.0,-1.29753]},"Q8s":{"weight":0.0,"played":[0.9998,2.0E-4],"evs":[0.0,-0.59388]},"Q9s":{"weight":0.0,"played":[0.2554,0.7446],"evs":[0.0,0.01077]},"QTs":{"weight":0.7965,"played":[0.0,1.0],"evs":[0.0,0.97567]},"QJs":{"weight":0.9997,"played":[0.0,1.0],"evs":[0.0,1.17903]},"QQ":{"weight":1.0,"played":[0.0,1.0],"evs":[0.0,15.01295]},"KQo":{"weight":0.2514,"played":[0.2092,0.7908],"evs":[0.0,0.03279]},"AQo":{"weight":0.0,"played":[0.0,1.0],"evs":[0.0,13.06184]},"K2s":{"weight":0.0,"played":[1.0,0.0],"evs":[0.0,-1.95769]},"K3s":{"weight":0.0,"played":[1.0,0.0],"evs":[0.0,-1.23399]},"K4s":{"weight":0.0,"played":[1.0,0.0],"evs":[0.0,-0.78392]},"K5s":{"weight":0.0,"played":[1.0,0.0],"evs":[0.0,-0.56845]},"K6s":{"weight":0.0,"played":[1.0,0.0],"evs":[0.0,-0.42355]},"K7s":{"weight":0.0,"played":[0.9998,2.0E-4],"evs":[0.0,-0.42436]},"K8s":{"weight":0.0,"played":[0.9999,1.0E-4],"evs":[0.0,-0.33611]},"K9s":{"weight":0.0,"played":[0.0,1.0],"evs":[0.0,0.37832]},"KTs":{"weight":1.0,"played":[0.0,1.0],"evs":[0.0,1.3311]},"KJs":{"weight":1.0,"played":[0.0,1.0],"evs":[0.0,1.54391]},"KQs":{"weight":1.0,"played":[0.0,1.0],"evs":[0.0,1.70021]},"KK":{"weight":1.0,"played":[0.0,1.0],"evs":[0.0,15.88621]},"AKo":{"weight":0.1832,"played":[0.0,1.0],"evs":[0.0,15.70092]},"A2s":{"weight":0.0,"played":[1.0,0.0],"evs":[0.0,-1.05962]},"A3s":{"weight":0.0,"played":[1.0,0.0],"evs":[0.0,-0.41402]},"A4s":{"weight":0.0,"played":[0.0018,0.9982],"evs":[0.0,0.12696]},"A5s":{"weight":0.3899,"played":[0.0,1.0],"evs":[0.0,0.39414]},"A6s":{"weight":0.377,"played":[1.0E-4,0.9999],"evs":[0.0,0.1815]},"A7s":{"weight":0.9112,"played":[0.0,1.0],"evs":[0.0,1.09346]},"A8s":{"weight":0.9995,"played":[0.0,1.0],"evs":[0.0,2.96106]},"A9s":{"weight":0.7013,"played":[0.0,1.0],"evs":[0.0,5.35517]},"ATs":{"weight":1.0,"played":[0.0,1.0],"evs":[0.0,8.50096]},"AJs":{"weight":1.0,"played":[0.0,1.0],"evs":[0.0,11.32063]},"AQs":{"weight":1.0,"played":[0.0,1.0],"evs":[0.0,13.93184]},"AKs":{"weight":1.0,"played":[0.0,1.0],"evs":[0.0,16.43641]},"AA":{"weight":1.0,"played":[0.0,1.0],"evs":[0.0,25.86406]}}}