{"player":1,"street":0,"children":2,"sequence":[{"player":0,"type":"C","amount":5000,"street":0},{"player":1,"type":"R","amount":40000,"street":0},{"player":0,"type":"R","amount":250000,"street":0}],"actions":[{"type":"F","amount":0},{"type":"C","amount":210000}],"hands":{"22":{"weight":0.0,"played":[0.0,1.0],"evs":[0.0,6.13696]},"32o":{"weight":0.268,"played":[1.0,0.0],"evs":[0.0,-4.4415]},"42o":{"weight":0.065,"played":[1.0,0.0],"evs":[0.0,-4.01128]},"52o":{"weight":0.3552,"played":[1.0,0.0],"evs":[0.0,-3.69138]},"62o":{"weight":0.1566,"played":[1.0,0.0],"evs":[0.0,-4.52339]},"72o":{"weight":0.0416,"played":[1.0,0.0],"evs":[0.0,-5.13584]},"82o":{"weight":0.1978,"played":[1.0,0.0],"evs":[0.0,-4.82493]},"92o":{"weight":0.2345,"played":[1.0,0.0],"evs":[0.0,-4.71161]},"T2o":{"weight":0.2327,"played":[1.0,0.0],"evs":[0.0,-4.47001]},"J2o":{"weight":0.1693,"played":[1.0,0.0],"evs":[0.0,-4.29474]},"Q2o":{"weight":0.0213,"played":[1.0,0.0],"evs":[0.0,-4.1285]},"K2o":{"weight":0.0,"played":[1.0,0.0],"evs":[0.0,-3.74697]},"A2o":{"weight":0.0,"played":[1.0,0.0],"evs":[0.0,-2.26751]},"32s":{"weight":0.0,"played":[1.0,0.0],"evs":[0.0,-2.50651]},"33":{"weight":0.0,"played":[0.0,1.0],"evs":[0.0,7.33486]},"43o":{"weight":0.2081,"played":[1.0,0.0],"evs":[0.0,-2.77473]},"53o":{"weight":0.0068,"played":[1.0,0.0],"evs":[0.0,-2.46699]},"63o":{"weight":0.173,"played":[1.0,0.0],"evs":[0.0,-3.26187]},"73o":{"weight":0.2799,"played":[1.0,0.0],"evs":[0.0,-3.87923]},"83o":{"weight":0.0021,"played":[1.0,0.0],"evs":[0.0,-4.31711]},"93o":{"weight":0.1217,"played":[1.0,0.0],"evs":[0.0,-4.059]},"T3o":{"weight":0.2702,"played":[1.0,0.0],"evs":[0.0,-3.80049]},"J3o":{"weight":0.1555,"played":[1.0,0.0],"evs":[0.0,-3.64585]},"Q3o":{"weight":0.0028,"played":[1.0,0.0],"evs":[0.0,-3.49666]},"K3o":{"weight":0.0,"played":[1.0,0.0],"evs":[0.0,-3.04094]},"A3o":{"weight":0.0,"played":[1.0,0.0],"evs":[0.0,-1.67583]},"42s":{"weight":0.0,"played":[1.0,0.0],"evs":[0.0,-2.00545]},"43s":{"weight":0.0,"played":[1.0,0.0],"evs":[0.0,-0.8764]},"44":{"weight":0.0378,"played":[0.0,1.0],"evs":[0.0,8.17684]},"54o":{"weight":0.0,"played":[1.0,0.0],"evs":[0.0,-1.47084]},"64o":{"weight":0.069,"played":[1.0,0.0],"evs":[0.0,-2.26065]},"74o":{"weight":0.3473,"played":[1.0,0.0],"evs":[0.0,-2.88956]},"84o":{"weight":0.1825,"played":[1.0,0.0],"evs":[0.0,-3.29824]},"94o":{"weight":0.0759,"played":[1.0,0.0],"evs":[0.0,-3.76474]},"T4o":{"weight":0.1002,"played":[1.0,0.0],"evs":[0.0,-3.37361]},"J4o":{"weight":0.1968,"played":[1.0,0.0],"evs":[0.0,-3.18773]},"Q4o":{"weight":0.2246,"played":[1.0,0.0],"evs":[0.0,-3.0305]},"K4o":{"weight":1.0E-4,"played":[1.0,0.0],"evs":[0.0,-2.49101]},"A4o":{"weight":0.0,"played":[1.0,0.0],"evs":[0.0,-1.20785]},"52s":{"weight":0.0,"played":[1.0,0.0],"evs":[0.0,-1.7436]},"53s":{"weight":0.0,"played":[1.0,0.0],"evs":[0.0,-0.60776]},"54s":{"weight":0.0,"played":[6.0E-4,0.9994],"evs":[0.0,0.34712]},"55":{"weight":0.1737,"played":[0.0,1.0],"evs":[0.0,8.68383]},"65o":{"weight":0.0,"played":[1.0,0.0],"evs":[0.0,-1.35976]},"75o":{"weight":0.0167,"played":[1.0,0.0],"evs":[0.0,-1.9643]},"85o":{"weight":0.2343,"played":[1.0,0.0],"evs":[0.0,-2.36239]},"95o":{"weight":0.3569,"played":[1.0,0.0],"evs":[0.0,-2.83802]},"T5o":{"weight":0.1285,"played":[1.0,0.0],"evs":[0.0,-3.1544]},"J5o":{"weight":0.1307,"played":[1.0,0.0],"evs":[0.0,-2.81335]},"Q5o":{"weight":0.1445,"played":[1.0,0.0],"evs":[0.0,-2.67667]},"K5o":{"weight":0.1184,"played":[1.0,0.0],"evs":[0.0,-2.22018]},"A5o":{"weight":0.0,"played":[1.0,0.0],"evs":[0.0,-0.87484]},"62s":{"weight":0.0,"played":[1.0,0.0],"evs":[0.0,-2.51484]},"63s":{"weight":0.0,"played":[1.0,0.0],"evs":[0.0,-1.36314]},"64s":{"weight":0.0,"played":[0.9999,1.0E-4],"evs":[0.0,-0.41722]},"65s":{"weight":0.0,"played":[0.0,1.0],"evs":[0.0,0.39264]},"66":{"weight":0.2066,"played":[0.0,1.0],"evs":[0.0,9.18875]},"76o":{"weight":0.0,"played":[1.0,0.0],"evs":[0.0,-1.47147]},"86o":{"weight":0.0,"played":[1.0,0.0],"evs":[0.0,-1.90985]},"96o":{"weight":0.22,"played":[1.0,0.0],"evs":[0.0,-2.40493]},"T6o":{"weight":0.3397,"played":[1.0,0.0],"evs":[0.0,-2.74205]},"J6o":{"weight":0.2751,"played":[1.0,0.0],"evs":[0.0,-3.12492]},"Q6o":{"weight":0.001,"played":[1.0,0.0],"evs":[0.0,-2.8238]},"K6o":{"weight":0.1577,"played":[1.0,0.0],"evs":[0.0,-2.18936]},"A6o":{"weight":0.0,"played":[1.0,0.0],"evs":[0.0,-0.98792]},"72s":{"weight":0.0,"played":[1.0,0.0],"evs":[0.0,-3.04665]},"73s":{"weight":0.0,"played":[1.0,0.0],"evs":[0.0,-1.92652]},"74s":{"weight":0.0,"played":[1.0,0.0],"evs":[0.0,-1.02489]},"75s":{"weight":0.0,"played":[0.9989,0.0011],"evs":[0.0,-0.19691]},"76s":{"weight":0.0,"played":[0.0,1.0],"evs":[0.0,0.31529]},"77":{"weight":0.5095,"played":[0.0,1.0],"evs":[0.0,10.04946]},"87o":{"weight":0.0,"played":[1.0,0.0],"evs":[0.0,-1.37716]},"97o":{"weight":0.0758,"played":[1.0,0.0],"evs":[0.0,-1.85546]},"T7o":{"weight":0.3299,"played":[1.0,0.0],"evs":[0.0,-2.20611]},"J7o":{"weight":0.1609,"played":[1.0,0.0],"evs":[0.0,-2.59803]},"Q7o":{"weight":0.384,"played":[1.0,0.0],"evs":[0.0,-3.02266]},"K7o":{"weight":0.4188,"played":[1.0,0.0],"evs":[0.0,-2.16956]},"A7o":{"weight":0.0,"played":[0.0,1.0],"evs":[0.0,0.40096]},"82s":{"weight":0.0,"played":[1.0,0.0],"evs":[0.0,-2.8342]},"83s":{"weight":0.0,"played":[1.0,0.0],"evs":[0.0,-2.34622]},"84s":{"weight":0.0,"played":[1.0,0.0],"evs":[0.0,-1.38883]},"85s":{"weight":0.0,"played":[1.0,0.0],"evs":[0.0,-0.50074]},"86s":{"weight":0.0,"played":[0.9979,0.0021],"evs":[0.0,-0.10606]},"87s":{"weight":0.0,"played":[0.0,1.0],"evs":[0.0,0.37258]},"88":{"weight":1.0,"played":[0.0,1.0],"evs":[0.0,11.12061]},"98o":{"weight":0.0,"played":[1.0,0.0],"evs":[0.0,-1.20221]},"T8o":{"weight":0.0258,"played":[1.0,0.0],"evs":[0.0,-1.50155]},"J8o":{"weight":0.3076,"played":[1.0,0.0],"evs":[0.0,-1.87674]},"Q8o":{"weight":0.4736,"played":[1.0,0.0],"evs":[0.0,-2.29432]},"K8o":{"weight":0.9693,"played":[1.0,0.0],"evs":[0.0,-2.08273]},"A8o":{"weight":0.0,"played":[0.0,1.0],"evs":[0.0,2.6472]},"92s":{"weight":0.0,"played":[1.0,0.0],"evs":[0.0,-2.71986]},"93s":{"weight":0.0,"played":[1.0,0.0],"evs":[0.0,-2.10418]},"94s":{"weight":0.0,"played":[1.0,0.0],"evs":[0.0,-1.80566]},"95s":{"weight":0.0,"played":[1.0,0.0],"evs":[0.0,-0.96463]},"96s":{"weight":0.0,"played":[1.0,0.0],"evs":[0.0,-0.51389]},"97s":{"weight":0.0,"played":[0.7503,0.2497],"evs":[0.0,-0.01844]},"98s":{"weight":0.0,"played":[0.0,1.0],"evs":[0.0,0.60166]},"99":{"weight":1.0,"played":[0.0,1.0],"evs":[0.0,12.08102]},"T9o":{"weight":2.0E-4,"played":[1.0,0.0],"evs":[0.0,-0.79556]},"J9o":{"weight":0.1609,"played":[1.0,0.0],"evs":[0.0,-1.16589]},"Q9o":{"weight":0.6005,"played":[1.0,0.0],"evs":[0.0,-1.57184]},"K9o":{"weight":0.7555,"played":[1.0,0.0],"evs":[0.0,-1.27319]},"A9o":{"weight":0.0,"played":[0.0,1.0],"evs":[0.0,5.30704]},"T2s":{"weight":0.0,"played":[1.0,0.0],"evs":[0.0,-2.49373]},"T3s":{"weight":0.0,"played":[1.0,0.0],"evs":[0.0,-1.85844]},"T4s":{"weight":0.0,"played":[1.0,0.0],"evs":[0.0,-1.43526]},"T5s":{"weight":0.0,"played":[1.0,0.0],"evs":[0.0,-1.23871]},"T6s":{"weight":0.0,"played":[1.0,0.0],"evs":[0.0,-0.84565]},"T7s":{"weight":0.0,"played":[0.9998,2.0E-4],"evs":[0.0,-0.37685]},"T8s":{"weight":0.0,"played":[2.0E-4,0.9998],"evs":[0.0,0.27822]},"T9s":{"weight":0.7075,"played":[0.0,1.0],"evs":[0.0,0.95287]},"TT":{"weight":1.0,"played":[0.0,1.0],"evs":[0.0,13.54787]},"JTo":{"weight":0.0,"played":[0.9998,2.0E-4],"evs":[0.0,-0.16177]},"QTo":{"weight":0.0014,"played":[1.0,0.0],"evs":[0.0,-0.56297]},"KTo":{"weight":0.4335,"played":[1.0,0.0],"evs":[0.0,-0.25382]},"ATo":{"weight":0.0,"played":[0.0,1.0],"evs":[0.0,8.70394]},"J2s":{"weight":0.0,"played":[1.0,0.0],"evs":[0.0,-2.2998]},"J3s":{"weight":0.0,"played":[1.0,0.0],"evs":[0.0,-1.65732]},"J4s":{"weight":0.0,"played":[1.0,0.0],"evs":[0.0,-1.27853]},"J5s":{"weight":0.0,"played":[1.0,0.0],"evs":[0.0,-0.90902]},"J6s":{"weight":0.0,"played":[1.0,0.0],"evs":[0.0,-1.20794]},"J7s":{"weight":0.0,"played":[1.0,0.0],"evs":[0.0,-0.72853]},"J8s":{"weight":0.0,"played":[0.9464,0.0536],"evs":[0.0,-0.07326]},"J9s":{"weight":0.0,"played":[0.0,1.0],"evs":[0.0,0.56462]},"JTs":{"weight":0.9998,"played":[0.0,1.0],"evs":[0.0,1.52275]},"JJ":{"weight":1.0,"played":[0.0,1.0],"evs":[0.0,14.37879]},"QJo":{"weight":0.1116,"played":[1.0,0.0],"evs":[0.0,-0.35485]},"KJo":{"weight":0.6877,"played":[0.8829,0.1171],"evs":[0.0,-0.00951]},"AJo":{"weight":0.0,"played":[0.0,1.0],"evs":[0.0,11.64758]},"Q2s":{"weight":0.0,"played":[1.0,0.0],"evs":[0.0,-2.12486]},"Q3s":{"weight":0.0,"played":[1.0,0.0],"evs":[0.0,-1.53785]},"Q4s":{"weight":0.0,"played":[1.0,0.0],"evs":[0.0,-1.12058]},"Q5s":{"weight":0.0,"played":[1.0,0.0],"evs":[0.0,-0.80092]},"Q6s":{"weight":0.0,"played":[1.0,0.0],"evs":[0.0,-0.98112]},"Q7s":{"weight":0.0,"played":[1.0,0.0],"evs":[0.0,-1.13035]},"Q8s":{"weight":0.0,"played":[1.0,0.0],"evs":[0.0,-0.45895]},"Q9s":{"weight":0.0,"played":[0.0,1.0],"evs":[0.0,0.25296]},"QTs":{"weight":0.9993,"played":[0.0,1.0],"evs":[0.0,1.18894]},"QJs":{"weight":0.9999,"played":[0.0,1.0],"evs":[0.0,1.35738]},"QQ":{"weight":1.0,"played":[0.0,1.0],"evs":[0.0,15.03184]},"KQo":{"weight":0.1476,"played":[0.0,1.0],"evs":[0.0,0.2365]},"AQo":{"weight":0.0,"played":[0.0,1.0],"evs":[0.0,14.12746]},"K2s":{"weight":0.0,"played":[1.0,0.0],"evs":[0.0,-1.78184]},"K3s":{"weight":0.0,"played":[1.0,0.0],"evs":[0.0,-1.08184]},"K4s":{"weight":0.0,"played":[1.0,0.0],"evs":[0.0,-0.60035]},"K5s":{"weight":0.0,"played":[1.0,0.0],"evs":[0.0,-0.34371]},"K6s":{"weight":0.0,"played":[0.9997,3.0E-4],"evs":[0.0,-0.31245]},"K7s":{"weight":0.0,"played":[0.9998,2.0E-4],"evs":[0.0,-0.27846]},"K8s":{"weight":0.0,"played":[0.9998,2.0E-4],"evs":[0.0,-0.23421]},"K9s":{"weight":0.0,"played":[0.0,1.0],"evs":[0.0,0.50592]},"KTs":{"weight":1.0,"played":[0.0,1.0],"evs":[0.0,1.50464]},"KJs":{"weight":1.0,"played":[0.0,1.0],"evs":[0.0,1.69078]},"KQs":{"weight":1.0,"played":[0.0,1.0],"evs":[0.0,1.91701]},"KK":{"weight":1.0,"played":[0.0,1.0],"evs":[0.0,15.72243]},"AKo":{"weight":0.0,"played":[0.0,1.0],"evs":[0.0,16.23904]},"A2s":{"weight":0.0,"played":[1.0,0.0],"evs":[0.0,-0.53457]},"A3s":{"weight":0.0,"played":[0.0,1.0],"evs":[0.0,0.05972]},"A4s":{"weight":0.0,"played":[0.0,1.0],"evs":[0.0,0.52463]},"A5s":{"weight":0.5561,"played":[0.0,1.0],"evs":[0.0,0.87491]},"A6s":{"weight":0.5978,"played":[0.0,1.0],"evs":[0.0,0.76154]},"A7s":{"weight":0.3815,"played":[0.0,1.0],"evs":[0.0,2.03855]},"A8s":{"weight":0.7202,"played":[0.0,1.0],"evs":[0.0,4.09921]},"A9s":{"weight":0.2628,"played":[0.0,1.0],"evs":[0.0,6.64401]},"ATs":{"weight":1.0,"played":[0.0,1.0],"evs":[0.0,9.82624]},"AJs":{"weight":1.0,"played":[0.0,1.0],"evs":[0.0,12.64689]},"AQs":{"weight":1.0,"played":[0.0,1.0],"evs":[0.0,14.97929]},"AKs":{"weight":1.0,"played":[0.0,1.0],"evs":[0.0,16.90758]},"AA":{"weight":1.0,"played":[0.0,1.0],"evs":[0.0,25.91329]}}}