{"player":0,"street":0,"children":2,"sequence":[{"player":0,"type":"C","amount":5000,"street":0},{"player":1,"type":"R","amount":250000,"street":0}],"actions":[{"type":"F","amount":0},{"type":"C","amount":240000}],"hands":{"22":{"weight":0.0,"played":[0.0,1.0],"evs":[0.0,0.95701]},"32o":{"weight":1.0,"played":[1.0,0.0],"evs":[0.0,-8.00899]},"42o":{"weight":1.0,"played":[1.0,0.0],"evs":[0.0,-7.61265]},"52o":{"weight":1.0,"played":[1.0,0.0],"evs":[0.0,-7.3031]},"62o":{"weight":1.0,"played":[1.0,0.0],"evs":[0.0,-7.50254]},"72o":{"weight":1.0,"played":[1.0,0.0],"evs":[0.0,-7.40061]},"82o":{"weight":1.0,"played":[1.0,0.0],"evs":[0.0,-6.68076]},"92o":{"weight":1.0,"played":[1.0,0.0],"evs":[0.0,-6.17504]},"T2o":{"weight":1.0,"played":[1.0,0.0],"evs":[0.0,-5.65694]},"J2o":{"weight":1.0,"played":[1.0,0.0],"evs":[0.0,-5.29164]},"Q2o":{"weight":1.0,"played":[1.0,0.0],"evs":[0.0,-4.94931]},"K2o":{"weight":1.0,"played":[1.0,0.0],"evs":[0.0,-4.36042]},"A2o":{"weight":0.9995,"played":[1.0,0.0],"evs":[0.0,-1.77758]},"32s":{"weight":0.0,"played":[1.0,0.0],"evs":[0.0,-6.02402]},"33":{"weight":0.3623,"played":[0.0,1.0],"evs":[0.0,2.43201]},"43o":{"weight":0.9999,"played":[1.0,0.0],"evs":[0.0,-6.6509]},"53o":{"weight":0.9908,"played":[1.0,0.0],"evs":[0.0,-6.32375]},"63o":{"weight":1.0,"played":[1.0,0.0],"evs":[0.0,-6.5167]},"73o":{"weight":1.0,"played":[1.0,0.0],"evs":[0.0,-6.43654]},"83o":{"weight":1.0,"played":[1.0,0.0],"evs":[0.0,-6.39879]},"93o":{"weight":1.0,"played":[1.0,0.0],"evs":[0.0,-5.76692]},"T3o":{"weight":0.9953,"played":[1.0,0.0],"evs":[0.0,-5.22884]},"J3o":{"weight":0.9998,"played":[1.0,0.0],"evs":[0.0,-4.88031]},"Q3o":{"weight":0.9999,"played":[1.0,0.0],"evs":[0.0,-4.53242]},"K3o":{"weight":0.9429,"played":[1.0,0.0],"evs":[0.0,-3.93065]},"A3o":{"weight":0.7958,"played":[1.0,0.0],"evs":[0.0,-1.26688]},"42s":{"weight":0.2616,"played":[1.0,0.0],"evs":[0.0,-5.67046]},"43s":{"weight":0.8375,"played":[1.0,0.0],"evs":[0.0,-4.77121]},"44":{"weight":0.5705,"played":[0.0,1.0],"evs":[0.0,4.00117]},"54o":{"weight":0.6644,"played":[1.0,0.0],"evs":[0.0,-5.43117]},"64o":{"weight":0.9236,"played":[1.0,0.0],"evs":[0.0,-5.59015]},"74o":{"weight":1.0,"played":[1.0,0.0],"evs":[0.0,-5.52311]},"84o":{"weight":1.0,"played":[1.0,0.0],"evs":[0.0,-5.48327]},"94o":{"weight":1.0,"played":[1.0,0.0],"evs":[0.0,-5.52351]},"T4o":{"weight":0.9441,"played":[1.0,0.0],"evs":[0.0,-4.85951]},"J4o":{"weight":0.9339,"played":[1.0,0.0],"evs":[0.0,-4.45952]},"Q4o":{"weight":0.8319,"played":[1.0,0.0],"evs":[0.0,-4.07683]},"K4o":{"weight":0.9352,"played":[1.0,0.0],"evs":[0.0,-3.44159]},"A4o":{"weight":0.1335,"played":[1.0,0.0],"evs":[0.0,-0.66167]},"52s":{"weight":0.3836,"played":[1.0,0.0],"evs":[0.0,-5.38344]},"53s":{"weight":0.9844,"played":[1.0,0.0],"evs":[0.0,-4.45767]},"54s":{"weight":1.0,"played":[1.0,0.0],"evs":[0.0,-3.5973]},"55":{"weight":0.5781,"played":[0.0,1.0],"evs":[0.0,5.82]},"65o":{"weight":0.6013,"played":[1.0,0.0],"evs":[0.0,-4.75154]},"75o":{"weight":0.8852,"played":[1.0,0.0],"evs":[0.0,-4.66257]},"85o":{"weight":0.925,"played":[1.0,0.0],"evs":[0.0,-4.62506]},"95o":{"weight":0.9928,"played":[1.0,0.0],"evs":[0.0,-4.63474]},"T5o":{"weight":0.8352,"played":[1.0,0.0],"evs":[0.0,-4.6468]},"J5o":{"weight":0.5474,"played":[1.0,0.0],"evs":[0.0,-4.01891]},"Q5o":{"weight":0.35,"played":[1.0,0.0],"evs":[0.0,-3.52987]},"K5o":{"weight":0.3943,"played":[1.0,0.0],"evs":[0.0,-2.78736]},"A5o":{"weight":0.5869,"played":[0.0,1.0],"evs":[0.0,0.30343]},"62s":{"weight":0.0,"played":[1.0,0.0],"evs":[0.0,-5.52465]},"63s":{"weight":0.2389,"played":[1.0,0.0],"evs":[0.0,-4.62839]},"64s":{"weight":0.8878,"played":[1.0,0.0],"evs":[0.0,-3.76271]},"65s":{"weight":1.0,"played":[1.0,0.0],"evs":[0.0,-2.9875]},"66":{"weight":0.6894,"played":[0.0,1.0],"evs":[0.0,7.79204]},"76o":{"weight":0.7884,"played":[1.0,0.0],"evs":[0.0,-3.57171]},"86o":{"weight":0.7475,"played":[1.0,0.0],"evs":[0.0,-3.46245]},"96o":{"weight":0.6702,"played":[1.0,0.0],"evs":[0.0,-3.43908]},"T6o":{"weight":0.634,"played":[1.0,0.0],"evs":[0.0,-3.42213]},"J6o":{"weight":0.7081,"played":[1.0,0.0],"evs":[0.0,-3.49105]},"Q6o":{"weight":0.4214,"played":[1.0,0.0],"evs":[0.0,-2.78953]},"K6o":{"weight":0.5998,"played":[1.0,0.0],"evs":[0.0,-2.0877]},"A6o":{"weight":0.685,"played":[0.0,1.0],"evs":[0.0,0.85312]},"72s":{"weight":0.9982,"played":[1.0,0.0],"evs":[0.0,-5.43504]},"73s":{"weight":1.0E-4,"played":[1.0,0.0],"evs":[0.0,-4.53434]},"74s":{"weight":0.4212,"played":[1.0,0.0],"evs":[0.0,-3.6785]},"75s":{"weight":0.7393,"played":[1.0,0.0],"evs":[0.0,-2.8998]},"76s":{"weight":0.9998,"played":[1.0,0.0],"evs":[0.0,-1.87619]},"77":{"weight":0.8602,"played":[0.0,1.0],"evs":[0.0,9.45412]},"87o":{"weight":0.6359,"played":[1.0,0.0],"evs":[0.0,-2.39194]},"97o":{"weight":0.5407,"played":[1.0,0.0],"evs":[0.0,-2.42104]},"T7o":{"weight":0.5632,"played":[1.0,0.0],"evs":[0.0,-2.42554]},"J7o":{"weight":0.4215,"played":[1.0,0.0],"evs":[0.0,-2.41893]},"Q7o":{"weight":0.6327,"played":[1.0,0.0],"evs":[0.0,-2.42094]},"K7o":{"weight":0.315,"played":[1.0,0.0],"evs":[0.0,-1.76444]},"A7o":{"weight":0.857,"played":[0.0,1.0],"evs":[0.0,1.9548]},"82s":{"weight":0.6973,"played":[1.0,0.0],"evs":[0.0,-4.75379]},"83s":{"weight":0.0297,"played":[1.0,0.0],"evs":[0.0,-4.4923]},"84s":{"weight":0.0,"played":[1.0,0.0],"evs":[0.0,-3.65778]},"85s":{"weight":0.9228,"played":[1.0,0.0],"evs":[0.0,-2.87352]},"86s":{"weight":0.9999,"played":[1.0,0.0],"evs":[0.0,-1.7792]},"87s":{"weight":1.0,"played":[1.0,0.0],"evs":[0.0,-0.77918]},"88":{"weight":0.6233,"played":[0.0,1.0],"evs":[0.0,10.59975]},"98o":{"weight":0.9312,"played":[1.0,0.0],"evs":[0.0,-1.59371]},"T8o":{"weight":0.5516,"played":[1.0,0.0],"evs":[0.0,-1.54264]},"J8o":{"weight":0.5463,"played":[1.0,0.0],"evs":[0.0,-1.61134]},"Q8o":{"weight":0.6021,"played":[1.0,0.0],"evs":[0.0,-1.5793]},"K8o":{"weight":0.541,"played":[1.0,0.0],"evs":[0.0,-1.57409]},"A8o":{"weight":0.9416,"played":[0.0,1.0],"evs":[0.0,3.19101]},"92s":{"weight":0.1299,"played":[1.0,0.0],"evs":[0.0,-4.29394]},"93s":{"weight":1.0E-4,"played":[1.0,0.0],"evs":[0.0,-3.89397]},"94s":{"weight":2.0E-4,"played":[1.0,0.0],"evs":[0.0,-3.68305]},"95s":{"weight":0.9812,"played":[1.0,0.0],"evs":[0.0,-2.89982]},"96s":{"weight":1.0,"played":[1.0,0.0],"evs":[0.0,-1.74974]},"97s":{"weight":1.0,"played":[1.0,0.0],"evs":[0.0,-0.76566]},"98s":{"weight":0.0504,"played":[0.7913,0.2087],"evs":[0.0,-0.00647]},"99":{"weight":0.7107,"played":[0.0,1.0],"evs":[0.0,11.52332]},"T9o":{"weight":0.8631,"played":[1.0,0.0],"evs":[0.0,-0.78393]},"J9o":{"weight":0.6783,"played":[1.0,0.0],"evs":[0.0,-0.98145]},"Q9o":{"weight":0.679,"played":[1.0,0.0],"evs":[0.0,-0.97067]},"K9o":{"weight":0.6944,"played":[1.0,0.0],"evs":[0.0,-0.91421]},"A9o":{"weight":0.9299,"played":[0.0,1.0],"evs":[0.0,4.39907]},"T2s":{"weight":0.9485,"played":[1.0,0.0],"evs":[0.0,-3.80984]},"T3s":{"weight":0.7002,"played":[1.0,0.0],"evs":[0.0,-3.4266]},"T4s":{"weight":0.8352,"played":[1.0,0.0],"evs":[0.0,-3.07256]},"T5s":{"weight":0.7234,"played":[1.0,0.0],"evs":[0.0,-2.89824]},"T6s":{"weight":0.6288,"played":[1.0,0.0],"evs":[0.0,-1.74559]},"T7s":{"weight":1.0,"played":[1.0,0.0],"evs":[0.0,-0.79187]},"T8s":{"weight":0.9424,"played":[0.534,0.466],"evs":[0.0,8.7E-4]},"T9s":{"weight":0.3679,"played":[0.0,1.0],"evs":[0.0,0.74383]},"TT":{"weight":0.7783,"played":[0.0,1.0],"evs":[0.0,12.41603]},"JTo":{"weight":0.8058,"played":[0.9859,0.0141],"evs":[0.0,-0.01606]},"QTo":{"weight":0.6622,"played":[0.9999,1.0E-4],"evs":[0.0,-0.04206]},"KTo":{"weight":0.7431,"played":[0.9612,0.0388],"evs":[0.0,-0.00368]},"ATo":{"weight":0.9995,"played":[0.0,1.0],"evs":[0.0,6.07414]},"J2s":{"weight":1.0,"played":[1.0,0.0],"evs":[0.0,-3.45613]},"J3s":{"weight":1.0,"played":[1.0,0.0],"evs":[0.0,-3.06278]},"J4s":{"weight":1.0,"played":[1.0,0.0],"evs":[0.0,-2.7101]},"J5s":{"weight":0.8445,"played":[1.0,0.0],"evs":[0.0,-2.32384]},"J6s":{"weight":0.6477,"played":[1.0,0.0],"evs":[0.0,-1.8013]},"J7s":{"weight":1.0,"played":[1.0,0.0],"evs":[0.0,-0.80697]},"J8s":{"weight":1.0,"played":[1.0,0.0],"evs":[0.0,-0.0517]},"J9s":{"weight":0.8901,"played":[0.0,1.0],"evs":[0.0,0.55591]},"JTs":{"weight":0.358,"played":[0.0,1.0],"evs":[0.0,1.44559]},"JJ":{"weight":0.7078,"played":[0.0,1.0],"evs":[0.0,13.05228]},"QJo":{"weight":0.4286,"played":[0.5842,0.4158],"evs":[0.0,7.6E-4]},"KJo":{"weight":0.4972,"played":[0.0,1.0],"evs":[0.0,0.15939]},"AJo":{"weight":0.84,"played":[0.0,1.0],"evs":[0.0,7.30039]},"Q2s":{"weight":1.0,"played":[1.0,0.0],"evs":[0.0,-3.14328]},"Q3s":{"weight":1.0,"played":[1.0,0.0],"evs":[0.0,-2.75218]},"Q4s":{"weight":1.0,"played":[1.0,0.0],"evs":[0.0,-2.34772]},"Q5s":{"weight":0.6771,"played":[1.0,0.0],"evs":[0.0,-1.83285]},"Q6s":{"weight":0.9857,"played":[1.0,0.0],"evs":[0.0,-1.15659]},"Q7s":{"weight":0.9958,"played":[1.0,0.0],"evs":[0.0,-0.79716]},"Q8s":{"weight":0.8487,"played":[0.988,0.012],"evs":[0.0,-0.0205]},"Q9s":{"weight":0.9579,"played":[0.0,1.0],"evs":[0.0,0.58334]},"QTs":{"weight":0.8008,"played":[0.0,1.0],"evs":[0.0,1.40555]},"QJs":{"weight":0.9996,"played":[0.0,1.0],"evs":[0.0,1.48684]},"QQ":{"weight":0.4507,"played":[0.0,1.0],"evs":[0.0,14.00027]},"KQo":{"weight":0.4379,"played":[0.0,1.0],"evs":[0.0,0.73069]},"AQo":{"weight":0.6508,"played":[0.0,1.0],"evs":[0.0,8.71304]},"K2s":{"weight":1.0,"played":[1.0,0.0],"evs":[0.0,-2.57963]},"K3s":{"weight":1.0,"played":[1.0,0.0],"evs":[0.0,-2.20583]},"K4s":{"weight":1.0,"played":[1.0,0.0],"evs":[0.0,-1.72827]},"K5s":{"weight":0.816,"played":[1.0,0.0],"evs":[0.0,-1.14561]},"K6s":{"weight":0.6644,"played":[1.0,0.0],"evs":[0.0,-0.47444]},"K7s":{"weight":0.9082,"played":[1.0,0.0],"evs":[0.0,-0.17486]},"K8s":{"weight":0.9999,"played":[0.0255,0.9745],"evs":[0.0,0.01026]},"K9s":{"weight":0.5768,"played":[0.0,1.0],"evs":[0.0,0.61259]},"KTs":{"weight":0.3361,"played":[0.0,1.0],"evs":[0.0,1.43679]},"KJs":{"weight":0.9912,"played":[0.0,1.0],"evs":[0.0,1.59521]},"KQs":{"weight":0.9912,"played":[0.0,1.0],"evs":[0.0,2.15556]},"KK":{"weight":0.001,"played":[0.0,1.0],"evs":[0.0,14.92637]},"AKo":{"weight":0.3668,"played":[0.0,1.0],"evs":[0.0,9.87942]},"A2s":{"weight":1.0,"played":[1.0,0.0],"evs":[0.0,-0.2192]},"A3s":{"weight":0.9996,"played":[0.0,1.0],"evs":[0.0,0.25462]},"A4s":{"weight":0.9963,"played":[0.0,1.0],"evs":[0.0,0.81621]},"A5s":{"weight":0.4819,"played":[0.0,1.0],"evs":[0.0,1.71788]},"A6s":{"weight":0.8196,"played":[0.0,1.0],"evs":[0.0,2.24991]},"A7s":{"weight":0.9531,"played":[0.0,1.0],"evs":[0.0,3.26815]},"A8s":{"weight":0.0535,"played":[0.0,1.0],"evs":[0.0,4.42142]},"A9s":{"weight":2.0E-4,"played":[0.0,1.0],"evs":[0.0,5.55521]},"ATs":{"weight":0.0091,"played":[0.0,1.0],"evs":[0.0,7.15144]},"AJs":{"weight":3.0E-4,"played":[0.0,1.0],"evs":[0.0,8.28931]},"AQs":{"weight":1.0E-4,"played":[0.0,1.0],"evs":[0.0,9.6279]},"AKs":{"weight":0.0,"played":[0.0,1.0],"evs":[0.0,10.70919]},"AA":{"weight":1.0E-4,"played":[0.0,1.0],"evs":[0.0,20.4107]}}}