{"player":0,"street":0,"children":2,"sequence":[{"player":0,"type":"C","amount":5000,"street":0},{"player":1,"type":"R","amount":250000,"street":0}],"actions":[{"type":"F","amount":0},{"type":"C","amount":240000}],"hands":{"22":{"weight":0.0,"played":[0.0,1.0],"evs":[0.0,0.75912]},"32o":{"weight":1.0,"played":[1.0,0.0],"evs":[0.0,-8.13303]},"42o":{"weight":1.0,"played":[1.0,0.0],"evs":[0.0,-7.70254]},"52o":{"weight":1.0,"played":[1.0,0.0],"evs":[0.0,-7.43628]},"62o":{"weight":1.0,"played":[1.0,0.0],"evs":[0.0,-7.48651]},"72o":{"weight":1.0,"played":[1.0,0.0],"evs":[0.0,-7.29638]},"82o":{"weight":1.0,"played":[1.0,0.0],"evs":[0.0,-6.63856]},"92o":{"weight":1.0,"played":[1.0,0.0],"evs":[0.0,-6.2242]},"T2o":{"weight":1.0,"played":[1.0,0.0],"evs":[0.0,-5.78596]},"J2o":{"weight":1.0,"played":[1.0,0.0],"evs":[0.0,-5.50784]},"Q2o":{"weight":1.0,"played":[1.0,0.0],"evs":[0.0,-5.21126]},"K2o":{"weight":1.0,"played":[1.0,0.0],"evs":[0.0,-4.48714]},"A2o":{"weight":0.9975,"played":[1.0,0.0],"evs":[0.0,-2.10126]},"32s":{"weight":1.0E-4,"played":[1.0,0.0],"evs":[0.0,-6.15059]},"33":{"weight":0.3738,"played":[0.0,1.0],"evs":[0.0,2.38484]},"43o":{"weight":0.9996,"played":[1.0,0.0],"evs":[0.0,-6.72208]},"53o":{"weight":0.8979,"played":[1.0,0.0],"evs":[0.0,-6.43937]},"63o":{"weight":1.0,"played":[1.0,0.0],"evs":[0.0,-6.45561]},"73o":{"weight":1.0,"played":[1.0,0.0],"evs":[0.0,-6.31929]},"83o":{"weight":1.0,"played":[1.0,0.0],"evs":[0.0,-6.31933]},"93o":{"weight":1.0,"played":[1.0,0.0],"evs":[0.0,-5.7645]},"T3o":{"weight":1.0,"played":[1.0,0.0],"evs":[0.0,-5.34261]},"J3o":{"weight":0.9221,"played":[1.0,0.0],"evs":[0.0,-5.06746]},"Q3o":{"weight":0.9807,"played":[1.0,0.0],"evs":[0.0,-4.7606]},"K3o":{"weight":0.96,"played":[1.0,0.0],"evs":[0.0,-4.03905]},"A3o":{"weight":0.9158,"played":[1.0,0.0],"evs":[0.0,-1.53324]},"42s":{"weight":0.7244,"played":[1.0,0.0],"evs":[0.0,-5.73249]},"43s":{"weight":0.9945,"played":[1.0,0.0],"evs":[0.0,-4.84945]},"44":{"weight":0.6642,"played":[0.0,1.0],"evs":[0.0,3.98585]},"54o":{"weight":0.5119,"played":[1.0,0.0],"evs":[0.0,-5.45495]},"64o":{"weight":0.9197,"played":[1.0,0.0],"evs":[0.0,-5.46952]},"74o":{"weight":1.0,"played":[1.0,0.0],"evs":[0.0,-5.33851]},"84o":{"weight":1.0,"played":[1.0,0.0],"evs":[0.0,-5.33769]},"94o":{"weight":1.0,"played":[1.0,0.0],"evs":[0.0,-5.46934]},"T4o":{"weight":0.9998,"played":[1.0,0.0],"evs":[0.0,-4.88809]},"J4o":{"weight":0.87,"played":[1.0,0.0],"evs":[0.0,-4.60278]},"Q4o":{"weight":0.7753,"played":[1.0,0.0],"evs":[0.0,-4.29066]},"K4o":{"weight":0.5917,"played":[1.0,0.0],"evs":[0.0,-3.53009]},"A4o":{"weight":0.2813,"played":[1.0,0.0],"evs":[0.0,-0.94053]},"52s":{"weight":0.5562,"played":[1.0,0.0],"evs":[0.0,-5.50018]},"53s":{"weight":0.7504,"played":[1.0,0.0],"evs":[0.0,-4.53243]},"54s":{"weight":1.0,"played":[1.0,0.0],"evs":[0.0,-3.61571]},"55":{"weight":0.5185,"played":[0.0,1.0],"evs":[0.0,5.97419]},"65o":{"weight":0.533,"played":[1.0,0.0],"evs":[0.0,-4.69655]},"75o":{"weight":0.8309,"played":[1.0,0.0],"evs":[0.0,-4.52818]},"85o":{"weight":0.9998,"played":[1.0,0.0],"evs":[0.0,-4.53694]},"95o":{"weight":0.9999,"played":[1.0,0.0],"evs":[0.0,-4.63399]},"T5o":{"weight":0.7611,"played":[1.0,0.0],"evs":[0.0,-4.74277]},"J5o":{"weight":0.6714,"played":[1.0,0.0],"evs":[0.0,-4.24408]},"Q5o":{"weight":0.5203,"played":[1.0,0.0],"evs":[0.0,-3.75315]},"K5o":{"weight":0.5582,"played":[1.0,0.0],"evs":[0.0,-2.84339]},"A5o":{"weight":0.4291,"played":[0.0,1.0],"evs":[0.0,0.14292]},"62s":{"weight":0.3427,"played":[1.0,0.0],"evs":[0.0,-5.52932]},"63s":{"weight":0.6846,"played":[1.0,0.0],"evs":[0.0,-4.5819]},"64s":{"weight":0.6478,"played":[1.0,0.0],"evs":[0.0,-3.64438]},"65s":{"weight":0.9983,"played":[1.0,0.0],"evs":[0.0,-2.94408]},"66":{"weight":0.6976,"played":[0.0,1.0],"evs":[0.0,8.19266]},"76o":{"weight":0.8505,"played":[1.0,0.0],"evs":[0.0,-3.29475]},"86o":{"weight":0.6961,"played":[1.0,0.0],"evs":[0.0,-3.32217]},"96o":{"weight":0.7541,"played":[1.0,0.0],"evs":[0.0,-3.3821]},"T6o":{"weight":0.6369,"played":[1.0,0.0],"evs":[0.0,-3.47348]},"J6o":{"weight":0.9194,"played":[1.0,0.0],"evs":[0.0,-3.6693]},"Q6o":{"weight":0.5501,"played":[1.0,0.0],"evs":[0.0,-2.92034]},"K6o":{"weight":0.637,"played":[1.0,0.0],"evs":[0.0,-2.05064]},"A6o":{"weight":0.642,"played":[0.0,1.0],"evs":[0.0,0.7229]},"72s":{"weight":0.9999,"played":[1.0,0.0],"evs":[0.0,-5.34675]},"73s":{"weight":2.0E-4,"played":[1.0,0.0],"evs":[0.0,-4.4148]},"74s":{"weight":0.665,"played":[1.0,0.0],"evs":[0.0,-3.51344]},"75s":{"weight":0.6015,"played":[1.0,0.0],"evs":[0.0,-2.76524]},"76s":{"weight":0.5182,"played":[1.0,0.0],"evs":[0.0,-1.60509]},"77":{"weight":0.7816,"played":[0.0,1.0],"evs":[0.0,9.78989]},"87o":{"weight":0.6488,"played":[1.0,0.0],"evs":[0.0,-2.2288]},"97o":{"weight":0.4519,"played":[1.0,0.0],"evs":[0.0,-2.32179]},"T7o":{"weight":0.5219,"played":[1.0,0.0],"evs":[0.0,-2.39296]},"J7o":{"weight":0.5503,"played":[1.0,0.0],"evs":[0.0,-2.55914]},"Q7o":{"weight":0.6717,"played":[1.0,0.0],"evs":[0.0,-2.45158]},"K7o":{"weight":0.819,"played":[1.0,0.0],"evs":[0.0,-1.7187]},"A7o":{"weight":0.7759,"played":[0.0,1.0],"evs":[0.0,1.79216]},"82s":{"weight":0.7074,"played":[1.0,0.0],"evs":[0.0,-4.66223]},"83s":{"weight":0.3951,"played":[1.0,0.0],"evs":[0.0,-4.44072]},"84s":{"weight":0.0172,"played":[1.0,0.0],"evs":[0.0,-3.50601]},"85s":{"weight":0.7893,"played":[1.0,0.0],"evs":[0.0,-2.79415]},"86s":{"weight":0.8899,"played":[1.0,0.0],"evs":[0.0,-1.63611]},"87s":{"weight":0.9573,"played":[1.0,0.0],"evs":[0.0,-0.59708]},"88":{"weight":0.5973,"played":[0.0,1.0],"evs":[0.0,10.82674]},"98o":{"weight":0.796,"played":[1.0,0.0],"evs":[0.0,-1.55979]},"T8o":{"weight":0.6309,"played":[1.0,0.0],"evs":[0.0,-1.56286]},"J8o":{"weight":0.4601,"played":[1.0,0.0],"evs":[0.0,-1.79737]},"Q8o":{"weight":0.764,"played":[1.0,0.0],"evs":[0.0,-1.62016]},"K8o":{"weight":0.6592,"played":[1.0,0.0],"evs":[0.0,-1.56579]},"A8o":{"weight":0.9572,"played":[0.0,1.0],"evs":[0.0,2.98451]},"92s":{"weight":0.323,"played":[1.0,0.0],"evs":[0.0,-4.32111]},"93s":{"weight":0.0037,"played":[1.0,0.0],"evs":[0.0,-3.87433]},"94s":{"weight":1.0E-4,"played":[1.0,0.0],"evs":[0.0,-3.64237]},"95s":{"weight":0.9903,"played":[1.0,0.0],"evs":[0.0,-2.86537]},"96s":{"weight":0.9863,"played":[1.0,0.0],"evs":[0.0,-1.6901]},"97s":{"weight":0.9991,"played":[1.0,0.0],"evs":[0.0,-0.70433]},"98s":{"weight":0.3697,"played":[0.4331,0.5669],"evs":[0.0,0.01005]},"99":{"weight":0.7274,"played":[0.0,1.0],"evs":[0.0,11.57041]},"T9o":{"weight":0.7777,"played":[1.0,0.0],"evs":[0.0,-0.85188]},"J9o":{"weight":0.6831,"played":[1.0,0.0],"evs":[0.0,-1.18525]},"Q9o":{"weight":0.7881,"played":[1.0,0.0],"evs":[0.0,-1.00348]},"K9o":{"weight":0.6338,"played":[1.0,0.0],"evs":[0.0,-0.95657]},"A9o":{"weight":0.9995,"played":[0.0,1.0],"evs":[0.0,4.14713]},"T2s":{"weight":0.5726,"played":[1.0,0.0],"evs":[0.0,-3.92537]},"T3s":{"weight":0.7605,"played":[1.0,0.0],"evs":[0.0,-3.48931]},"T4s":{"weight":0.8551,"played":[1.0,0.0],"evs":[0.0,-3.11203]},"T5s":{"weight":0.8265,"played":[1.0,0.0],"evs":[0.0,-2.95662]},"T6s":{"weight":0.5497,"played":[1.0,0.0],"evs":[0.0,-1.76]},"T7s":{"weight":0.9962,"played":[1.0,0.0],"evs":[0.0,-0.76551]},"T8s":{"weight":0.5759,"played":[0.6797,0.3203],"evs":[0.0,-0.01041]},"T9s":{"weight":0.4276,"played":[0.0,1.0],"evs":[0.0,0.68698]},"TT":{"weight":0.6163,"played":[0.0,1.0],"evs":[0.0,12.52646]},"JTo":{"weight":0.688,"played":[1.0,0.0],"evs":[0.0,-0.20406]},"QTo":{"weight":0.6411,"played":[1.0,0.0],"evs":[0.0,-0.06457]},"KTo":{"weight":0.7318,"played":[0.9746,0.0254],"evs":[0.0,-0.00224]},"ATo":{"weight":0.9996,"played":[0.0,1.0],"evs":[0.0,5.92508]},"J2s":{"weight":1.0,"played":[1.0,0.0],"evs":[0.0,-3.66541]},"J3s":{"weight":1.0,"played":[1.0,0.0],"evs":[0.0,-3.23673]},"J4s":{"weight":0.8722,"played":[1.0,0.0],"evs":[0.0,-2.80255]},"J5s":{"weight":0.6977,"played":[1.0,0.0],"evs":[0.0,-2.50646]},"J6s":{"weight":0.5804,"played":[1.0,0.0],"evs":[0.0,-1.96395]},"J7s":{"weight":0.8997,"played":[1.0,0.0],"evs":[0.0,-0.9088]},"J8s":{"weight":0.9782,"played":[1.0,0.0],"evs":[0.0,-0.19283]},"J9s":{"weight":0.8119,"played":[0.0,1.0],"evs":[0.0,0.332]},"JTs":{"weight":0.7484,"played":[0.0,1.0],"evs":[0.0,1.30685]},"JJ":{"weight":0.7176,"played":[0.0,1.0],"evs":[0.0,12.99965]},"QJo":{"weight":0.4078,"played":[0.8092,0.1908],"evs":[0.0,-0.007]},"KJo":{"weight":0.5688,"played":[0.3633,0.6367],"evs":[0.0,-0.00255]},"AJo":{"weight":0.9191,"played":[0.0,1.0],"evs":[0.0,7.0969]},"Q2s":{"weight":1.0,"played":[1.0,0.0],"evs":[0.0,-3.33537]},"Q3s":{"weight":1.0,"played":[1.0,0.0],"evs":[0.0,-2.93984]},"Q4s":{"weight":0.9983,"played":[1.0,0.0],"evs":[0.0,-2.49177]},"Q5s":{"weight":0.3631,"played":[1.0,0.0],"evs":[0.0,-2.06033]},"Q6s":{"weight":0.7584,"played":[1.0,0.0],"evs":[0.0,-1.24973]},"Q7s":{"weight":0.9935,"played":[1.0,0.0],"evs":[0.0,-0.83151]},"Q8s":{"weight":0.5007,"played":[0.9808,0.0192],"evs":[0.0,-0.00985]},"Q9s":{"weight":0.7979,"played":[0.0,1.0],"evs":[0.0,0.51186]},"QTs":{"weight":0.7609,"played":[0.0,1.0],"evs":[0.0,1.43146]},"QJs":{"weight":0.9993,"played":[0.0,1.0],"evs":[0.0,1.47136]},"QQ":{"weight":0.3946,"played":[0.0,1.0],"evs":[0.0,13.99504]},"KQo":{"weight":0.5689,"played":[0.0,1.0],"evs":[0.0,0.44734]},"AQo":{"weight":0.8603,"played":[0.0,1.0],"evs":[0.0,8.69103]},"K2s":{"weight":1.0,"played":[1.0,0.0],"evs":[0.0,-2.69651]},"K3s":{"weight":1.0,"played":[1.0,0.0],"evs":[0.0,-2.26654]},"K4s":{"weight":1.0,"played":[1.0,0.0],"evs":[0.0,-1.81025]},"K5s":{"weight":0.7813,"played":[1.0,0.0],"evs":[0.0,-1.18815]},"K6s":{"weight":0.3853,"played":[1.0,0.0],"evs":[0.0,-0.4339]},"K7s":{"weight":0.0261,"played":[0.9953,0.0047],"evs":[0.0,-0.13324]},"K8s":{"weight":0.8617,"played":[0.0323,0.9677],"evs":[0.0,0.01635]},"K9s":{"weight":0.9373,"played":[0.0,1.0],"evs":[0.0,0.61961]},"KTs":{"weight":0.2642,"played":[0.0,1.0],"evs":[0.0,1.48907]},"KJs":{"weight":0.9071,"played":[0.0,1.0],"evs":[0.0,1.49296]},"KQs":{"weight":0.9493,"played":[0.0,1.0],"evs":[0.0,1.90082]},"KK":{"weight":0.0,"played":[0.0,1.0],"evs":[0.0,14.82508]},"AKo":{"weight":0.5862,"played":[0.0,1.0],"evs":[0.0,9.76883]},"A2s":{"weight":0.8492,"played":[1.0,0.0],"evs":[0.0,-0.4812]},"A3s":{"weight":0.3032,"played":[0.4217,0.5783],"evs":[0.0,0.00397]},"A4s":{"weight":0.9911,"played":[0.0,1.0],"evs":[0.0,0.55186]},"A5s":{"weight":0.795,"played":[0.0,1.0],"evs":[0.0,1.59699]},"A6s":{"weight":0.9525,"played":[0.0,1.0],"evs":[0.0,2.12384]},"A7s":{"weight":0.9992,"played":[0.0,1.0],"evs":[0.0,3.10875]},"A8s":{"weight":0.5058,"played":[0.0,1.0],"evs":[0.0,4.248]},"A9s":{"weight":0.0261,"played":[0.0,1.0],"evs":[0.0,5.30507]},"ATs":{"weight":0.1892,"played":[0.0,1.0],"evs":[0.0,6.9878]},"AJs":{"weight":0.0062,"played":[0.0,1.0],"evs":[0.0,8.11429]},"AQs":{"weight":0.0,"played":[0.0,1.0],"evs":[0.0,9.61251]},"AKs":{"weight":0.0,"played":[0.0,1.0],"evs":[0.0,10.63349]},"AA":{"weight":0.0,"played":[0.0,1.0],"evs":[0.0,20.40765]}}}