{"player":0,"street":0,"children":3,"sequence":[{"player":0,"type":"R","amount":23000,"street":0},{"player":1,"type":"R","amount":60000,"street":0}],"actions":[{"type":"F","amount":0},{"type":"C","amount":37000},{"type":"R","amount":250000,"node":7}],"hands":{"22":{"weight":0.0,"played":[0.0,1.0E-4,0.9999],"evs":[0.0,0.49347,0.56542]},"32o":{"weight":0.0,"played":[1.0,0.0,0.0],"evs":[0.0,-0.83664,-2.38798]},"42o":{"weight":0.0,"played":[1.0,0.0,0.0],"evs":[0.0,-0.82829,-2.33129]},"52o":{"weight":0.0,"played":[1.0,0.0,0.0],"evs":[0.0,-0.7512,-2.20591]},"62o":{"weight":0.0,"played":[1.0,0.0,0.0],"evs":[0.0,-1.00767,-2.47441]},"72o":{"weight":0.0,"played":[1.0,0.0,0.0],"evs":[0.0,-1.20512,-2.65827]},"82o":{"weight":0.0,"played":[1.0,0.0,0.0],"evs":[0.0,-1.26728,-2.50511]},"92o":{"weight":0.0,"played":[1.0,0.0,0.0],"evs":[0.0,-1.12,-2.04635]},"T2o":{"weight":0.0,"played":[1.0,0.0,0.0],"evs":[0.0,-0.83308,-1.56907]},"J2o":{"weight":0.0,"played":[1.0,0.0,0.0],"evs":[0.0,-0.59878,-1.20309]},"Q2o":{"weight":0.0,"played":[1.0,0.0,0.0],"evs":[0.0,-0.23297,-0.69885]},"K2o":{"weight":0.0,"played":[1.0,0.0,0.0],"evs":[0.0,-0.18485,-0.51088]},"A2o":{"weight":5.0E-4,"played":[0.0,0.0,1.0],"evs":[0.0,1.39958,1.48095]},"32s":{"weight":1.0,"played":[1.0,0.0,0.0],"evs":[0.0,-0.04186,-1.31489]},"33":{"weight":0.3539,"played":[0.0,0.9025,0.0975],"evs":[0.0,0.6276,0.61733]},"43o":{"weight":1.0E-4,"played":[1.0,0.0,0.0],"evs":[0.0,-0.54363,-1.95959]},"53o":{"weight":0.0092,"played":[1.0,0.0,0.0],"evs":[0.0,-0.44227,-1.82262]},"63o":{"weight":0.0,"played":[1.0,0.0,0.0],"evs":[0.0,-0.69514,-2.09807]},"73o":{"weight":0.0,"played":[1.0,0.0,0.0],"evs":[0.0,-0.95763,-2.27936]},"83o":{"weight":0.0,"played":[1.0,0.0,0.0],"evs":[0.0,-1.33839,-2.58969]},"93o":{"weight":0.0,"played":[1.0,0.0,0.0],"evs":[0.0,-1.14875,-1.99347]},"T3o":{"weight":0.0047,"played":[1.0,0.0,0.0],"evs":[0.0,-0.87314,-1.51113]},"J3o":{"weight":2.0E-4,"played":[1.0,0.0,0.0],"evs":[0.0,-0.59482,-1.11695]},"Q3o":{"weight":1.0E-4,"played":[1.0,0.0,0.0],"evs":[0.0,-0.24678,-0.64309]},"K3o":{"weight":0.0571,"played":[1.0,0.0,0.0],"evs":[0.0,-0.17816,-0.44643]},"A3o":{"weight":0.2042,"played":[0.0,0.6321,0.3679],"evs":[0.0,1.5235,1.52768]},"42s":{"weight":0.7384,"played":[0.7308,0.2692,0.0],"evs":[0.0,-0.00673,-1.26087]},"43s":{"weight":0.1625,"played":[1.0E-4,0.9999,0.0],"evs":[0.0,0.27925,-0.93877]},"44":{"weight":0.4295,"played":[0.0,0.9999,1.0E-4],"evs":[0.0,0.85137,0.75199]},"54o":{"weight":0.3356,"played":[1.0,0.0,0.0],"evs":[0.0,-0.1641,-1.44243]},"64o":{"weight":0.0764,"played":[1.0,0.0,0.0],"evs":[0.0,-0.41381,-1.6617]},"74o":{"weight":0.0,"played":[1.0,0.0,0.0],"evs":[0.0,-0.68907,-1.85984]},"84o":{"weight":0.0,"played":[1.0,0.0,0.0],"evs":[0.0,-1.05614,-2.14635]},"94o":{"weight":0.0,"played":[1.0,0.0,0.0],"evs":[0.0,-1.17054,-2.00909]},"T4o":{"weight":0.0559,"played":[1.0,0.0,0.0],"evs":[0.0,-0.86129,-1.41427]},"J4o":{"weight":0.0661,"played":[1.0,0.0,0.0],"evs":[0.0,-0.6109,-1.0276]},"Q4o":{"weight":0.1681,"played":[1.0,0.0,0.0],"evs":[0.0,-0.22552,-0.51492]},"K4o":{"weight":0.0648,"played":[1.0,0.0,0.0],"evs":[0.0,-0.12754,-0.33471]},"A4o":{"weight":0.8236,"played":[0.0,0.7489,0.2511],"evs":[0.0,1.64332,1.64316]},"52s":{"weight":0.6164,"played":[6.0E-4,0.9994,0.0],"evs":[0.0,0.06569,-1.16701]},"53s":{"weight":0.0156,"played":[0.0,1.0,0.0],"evs":[0.0,0.38735,-0.80486]},"54s":{"weight":0.0,"played":[0.0,1.0,0.0],"evs":[0.0,0.68014,-0.45421]},"55":{"weight":0.4219,"played":[0.0,1.0,0.0],"evs":[0.0,1.20767,0.97007]},"65o":{"weight":0.3987,"played":[1.0,0.0,0.0],"evs":[0.0,-0.06491,-1.24623]},"75o":{"weight":0.1148,"played":[1.0,0.0,0.0],"evs":[0.0,-0.31502,-1.37751]},"85o":{"weight":0.075,"played":[1.0,0.0,0.0],"evs":[0.0,-0.68774,-1.68039]},"95o":{"weight":0.0072,"played":[1.0,0.0,0.0],"evs":[0.0,-0.83117,-1.48401]},"T5o":{"weight":0.1648,"played":[1.0,0.0,0.0],"evs":[0.0,-0.78641,-1.34692]},"J5o":{"weight":0.4526,"played":[1.0,0.0,0.0],"evs":[0.0,-0.42934,-0.82292]},"Q5o":{"weight":0.65,"played":[0.9992,8.0E-4,0.0],"evs":[0.0,-0.05076,-0.38124]},"K5o":{"weight":0.6057,"played":[0.5685,0.4315,0.0],"evs":[0.0,0.00169,-0.16198]},"A5o":{"weight":0.0833,"played":[0.0,0.003,0.997],"evs":[0.0,1.77386,1.83011]},"62s":{"weight":1.0,"played":[1.0,0.0,0.0],"evs":[0.0,-0.16615,-1.39633]},"63s":{"weight":0.7611,"played":[1.0E-4,0.9999,0.0],"evs":[0.0,0.14674,-1.04415]},"64s":{"weight":0.1122,"played":[0.0,1.0,0.0],"evs":[0.0,0.44612,-0.64514]},"65s":{"weight":0.0,"played":[0.0,1.0,0.0],"evs":[0.0,0.78242,-0.22578]},"66":{"weight":0.3106,"played":[0.0,1.0,0.0],"evs":[0.0,1.6114,1.35775]},"76o":{"weight":0.2116,"played":[0.0447,0.9553,0.0],"evs":[0.0,0.00401,-1.03556]},"86o":{"weight":0.2525,"played":[1.0,0.0,0.0],"evs":[0.0,-0.32339,-1.28952]},"96o":{"weight":0.3298,"played":[1.0,0.0,0.0],"evs":[0.0,-0.43605,-1.06471]},"T6o":{"weight":0.366,"played":[1.0,0.0,0.0],"evs":[0.0,-0.41619,-0.88226]},"J6o":{"weight":0.2919,"played":[1.0,0.0,0.0],"evs":[0.0,-0.35058,-0.81236]},"Q6o":{"weight":0.5786,"played":[0.9556,0.0444,0.0],"evs":[0.0,-0.01106,-0.26612]},"K6o":{"weight":0.4002,"played":[0.1014,0.887,0.0116],"evs":[0.0,0.01228,-0.06111]},"A6o":{"weight":0.1359,"played":[0.0,0.0,1.0],"evs":[0.0,1.50347,1.58757]},"72s":{"weight":0.0018,"played":[1.0,0.0,0.0],"evs":[0.0,-0.37855,-1.53884]},"73s":{"weight":0.9999,"played":[1.0,0.0,0.0],"evs":[0.0,-0.12094,-1.22125]},"74s":{"weight":0.5788,"played":[0.0,1.0,0.0],"evs":[0.0,0.17136,-0.81945]},"75s":{"weight":0.2607,"played":[0.0,1.0,0.0],"evs":[0.0,0.54957,-0.39346]},"76s":{"weight":2.0E-4,"played":[0.0,1.0,0.0],"evs":[0.0,0.87801,-0.04895]},"77":{"weight":0.1398,"played":[0.0,1.0,0.0],"evs":[0.0,1.91752,1.7348]},"87o":{"weight":0.3641,"played":[0.9883,0.0117,0.0],"evs":[0.0,-0.0234,-0.8836]},"97o":{"weight":0.4593,"played":[0.9999,1.0E-4,0.0],"evs":[0.0,-0.12,-0.67986]},"T7o":{"weight":0.4368,"played":[1.0,0.0,0.0],"evs":[0.0,-0.08895,-0.48584]},"J7o":{"weight":0.5785,"played":[0.9996,4.0E-4,0.0],"evs":[0.0,-0.07629,-0.40104]},"Q7o":{"weight":0.3673,"played":[0.4545,0.5455,0.0],"evs":[0.0,-2.5E-4,-0.22417]},"K7o":{"weight":0.685,"played":[0.0,0.8822,0.1177],"evs":[0.0,0.04732,0.04659]},"A7o":{"weight":0.1283,"played":[0.0,0.0,1.0],"evs":[0.0,1.58536,1.7766]},"82s":{"weight":0.3027,"played":[1.0,0.0,0.0],"evs":[0.0,-0.43187,-1.41167]},"83s":{"weight":0.9703,"played":[1.0,0.0,0.0],"evs":[0.0,-0.49367,-1.48492]},"84s":{"weight":1.0,"played":[1.0,0.0,0.0],"evs":[0.0,-0.21399,-1.10698]},"85s":{"weight":0.0772,"played":[0.0,1.0,0.0],"evs":[0.0,0.18181,-0.66551]},"86s":{"weight":1.0E-4,"played":[0.0,1.0,0.0],"evs":[0.0,0.556,-0.28205]},"87s":{"weight":0.0,"played":[0.0,1.0,0.0],"evs":[0.0,0.86003,0.10147]},"88":{"weight":0.3767,"played":[0.0,1.0,0.0],"evs":[0.0,2.16186,1.92007]},"98o":{"weight":0.0688,"played":[1.0,0.0,0.0],"evs":[0.0,-0.08599,-0.56415]},"T8o":{"weight":0.4484,"played":[0.2957,0.7043,0.0],"evs":[0.0,7.3E-4,-0.33924]},"J8o":{"weight":0.4537,"played":[0.536,0.464,0.0],"evs":[0.0,-0.00414,-0.23203]},"Q8o":{"weight":0.3979,"played":[0.0,0.9999,0.0],"evs":[0.0,0.04219,-0.04472]},"K8o":{"weight":0.459,"played":[0.0,1.0,0.0],"evs":[0.0,0.06501,-0.05007]},"A8o":{"weight":0.0584,"played":[0.0,0.0,1.0],"evs":[0.0,1.62615,1.77471]},"92s":{"weight":0.8701,"played":[1.0,0.0,0.0],"evs":[0.0,-0.28956,-0.99146]},"93s":{"weight":0.9999,"played":[1.0,0.0,0.0],"evs":[0.0,-0.31229,-0.9431]},"94s":{"weight":0.9998,"played":[1.0,0.0,0.0],"evs":[0.0,-0.32744,-0.93923]},"95s":{"weight":0.0188,"played":[7.0E-4,0.9993,0.0],"evs":[0.0,0.0631,-0.47092]},"96s":{"weight":0.0,"played":[0.0,1.0,0.0],"evs":[0.0,0.43835,-0.06961]},"97s":{"weight":0.0,"played":[0.0,1.0,0.0],"evs":[0.0,0.76902,0.26906]},"98s":{"weight":0.9496,"played":[0.0,1.0,0.0],"evs":[0.0,0.82394,0.42123]},"99":{"weight":0.2893,"played":[0.0,1.0,0.0],"evs":[0.0,3.148,2.95135]},"T9o":{"weight":0.1369,"played":[0.0,1.0,0.0],"evs":[0.0,0.38141,0.12142]},"J9o":{"weight":0.3217,"played":[0.0,1.0,0.0],"evs":[0.0,0.35052,0.19202]},"Q9o":{"weight":0.321,"played":[0.0,1.0,0.0],"evs":[0.0,0.45848,0.38133]},"K9o":{"weight":0.3056,"played":[0.0,1.0,0.0],"evs":[0.0,0.69945,0.33093]},"A9o":{"weight":0.0696,"played":[0.0,0.0,1.0],"evs":[0.0,1.85939,1.9973]},"T2s":{"weight":0.0515,"played":[0.3752,0.6248,0.0],"evs":[0.0,0.00564,-0.50722]},"T3s":{"weight":0.2998,"played":[0.9291,0.0709,0.0],"evs":[0.0,-0.01217,-0.45819]},"T4s":{"weight":0.1648,"played":[0.066,0.934,0.0],"evs":[0.0,0.01129,-0.34317]},"T5s":{"weight":0.2766,"played":[1.0E-4,0.9999,0.0],"evs":[0.0,0.10122,-0.30471]},"T6s":{"weight":0.3712,"played":[0.0,1.0,0.0],"evs":[0.0,0.45843,0.0903]},"T7s":{"weight":0.0,"played":[0.0,1.0,0.0],"evs":[0.0,0.80691,0.48565]},"T8s":{"weight":0.0576,"played":[0.0,1.0,0.0],"evs":[0.0,0.87528,0.59877]},"T9s":{"weight":0.6321,"played":[0.0,1.0,0.0],"evs":[0.0,1.27229,1.08288]},"TT":{"weight":0.2217,"played":[0.0,0.4308,0.5692],"evs":[0.0,4.93063,4.93042]},"JTo":{"weight":0.1942,"played":[0.0,1.0,0.0],"evs":[0.0,0.96299,0.90357]},"QTo":{"weight":0.3071,"played":[0.0,0.7729,0.2271],"evs":[0.0,1.08557,1.09329]},"KTo":{"weight":0.2555,"played":[0.0,1.0,0.0],"evs":[0.0,1.51411,1.20417]},"ATo":{"weight":5.0E-4,"played":[0.0,0.0,1.0],"evs":[0.0,2.49513,2.91676]},"J2s":{"weight":0.0,"played":[1.0E-4,0.9999,0.0],"evs":[0.0,0.27715,-0.13217]},"J3s":{"weight":0.0,"played":[0.0,1.0,0.0],"evs":[0.0,0.27993,-0.08859]},"J4s":{"weight":0.0,"played":[0.0,1.0,0.0],"evs":[0.0,0.30458,0.03467]},"J5s":{"weight":0.1555,"played":[0.0,1.0,0.0],"evs":[0.0,0.46915,0.1597]},"J6s":{"weight":0.3523,"played":[0.0,1.0,0.0],"evs":[0.0,0.53475,0.20212]},"J7s":{"weight":0.0,"played":[0.0,1.0,0.0],"evs":[0.0,0.8357,0.59105]},"J8s":{"weight":0.0,"played":[0.0,0.9999,1.0E-4],"evs":[0.0,0.90299,0.74862]},"J9s":{"weight":0.1099,"played":[0.0,1.0,0.0],"evs":[0.0,1.28624,1.15964]},"JTs":{"weight":0.642,"played":[0.0,0.9998,2.0E-4],"evs":[0.0,1.91447,1.85191]},"JJ":{"weight":0.2922,"played":[0.0,0.9526,0.0474],"evs":[0.0,7.03574,6.99376]},"QJo":{"weight":0.5337,"played":[0.0,0.7049,0.2951],"evs":[0.0,1.37595,1.37458]},"KJo":{"weight":0.4583,"played":[0.0,1.0,0.0],"evs":[0.0,2.12484,1.93197]},"AJo":{"weight":0.16,"played":[0.0,0.0,1.0],"evs":[0.0,3.13341,3.72248]},"Q2s":{"weight":0.0,"played":[0.0,1.0,0.0],"evs":[0.0,0.63515,0.35223]},"Q3s":{"weight":0.0,"played":[0.0,1.0,0.0],"evs":[0.0,0.62644,0.36957]},"Q4s":{"weight":0.0,"played":[0.0,1.0,0.0],"evs":[0.0,0.66843,0.47262]},"Q5s":{"weight":0.3229,"played":[0.0,1.0,0.0],"evs":[0.0,0.87386,0.64852]},"Q6s":{"weight":0.0143,"played":[0.0,1.0,0.0],"evs":[0.0,0.9283,0.74433]},"Q7s":{"weight":0.0042,"played":[0.0,0.9997,3.0E-4],"evs":[0.0,0.92565,0.75737]},"Q8s":{"weight":0.1513,"played":[0.0,0.9216,0.0784],"evs":[0.0,0.9869,0.94146]},"Q9s":{"weight":0.0421,"played":[0.0,1.0,0.0],"evs":[0.0,1.44303,1.37138]},"QTs":{"weight":0.1992,"played":[0.0,0.9916,0.0084],"evs":[0.0,2.0669,2.02249]},"QJs":{"weight":4.0E-4,"played":[0.0,0.9998,2.0E-4],"evs":[0.0,2.35177,2.32012]},"QQ":{"weight":0.5493,"played":[0.0,1.0,0.0],"evs":[0.0,9.54778,9.19951]},"KQo":{"weight":0.5621,"played":[0.0,0.7638,0.2362],"evs":[0.0,2.89308,2.89093]},"AQo":{"weight":0.3492,"played":[0.0,0.0,1.0],"evs":[0.0,3.99334,4.7597]},"K2s":{"weight":0.0,"played":[0.0,1.0,0.0],"evs":[0.0,0.73802,0.56275]},"K3s":{"weight":0.0,"played":[0.0,1.0,0.0],"evs":[0.0,0.75276,0.59492]},"K4s":{"weight":0.0,"played":[0.0,1.0,0.0],"evs":[0.0,0.83267,0.69173]},"K5s":{"weight":0.184,"played":[0.0,1.0,0.0],"evs":[0.0,0.99417,0.85471]},"K6s":{"weight":0.3355,"played":[0.0,0.9173,0.0827],"evs":[0.0,1.02707,0.97043]},"K7s":{"weight":0.0918,"played":[0.0,0.77,0.23],"evs":[0.0,1.08193,1.08232]},"K8s":{"weight":1.0E-4,"played":[0.0,1.0,0.0],"evs":[0.0,1.08341,0.93082]},"K9s":{"weight":0.4232,"played":[0.0,1.0,0.0],"evs":[0.0,1.7539,1.32406]},"KTs":{"weight":0.6639,"played":[0.0,1.0,0.0],"evs":[0.0,2.58944,2.17432]},"KJs":{"weight":0.0088,"played":[0.0,1.0,0.0],"evs":[0.0,3.17333,2.86609]},"KQs":{"weight":0.0088,"played":[0.0,1.0,0.0],"evs":[0.0,3.90761,3.74491]},"KK":{"weight":0.999,"played":[0.0,1.0,0.0],"evs":[0.0,13.13068,11.68419]},"AKo":{"weight":0.6332,"played":[0.0,0.0,1.0],"evs":[0.0,5.28702,5.93033]},"A2s":{"weight":0.0,"played":[0.0,0.0104,0.9896],"evs":[0.0,2.40025,2.45218]},"A3s":{"weight":4.0E-4,"played":[0.0,0.9996,4.0E-4],"evs":[0.0,2.54846,2.47271]},"A4s":{"weight":0.0037,"played":[0.0,1.0,0.0],"evs":[0.0,2.69748,2.61146]},"A5s":{"weight":0.5181,"played":[0.0,1.0,0.0],"evs":[0.0,2.81957,2.78377]},"A6s":{"weight":0.1804,"played":[0.0,0.7668,0.2332],"evs":[0.0,2.53253,2.54152]},"A7s":{"weight":0.0469,"played":[0.0,0.0362,0.9638],"evs":[0.0,2.65133,2.72243]},"A8s":{"weight":0.9465,"played":[0.0,0.3278,0.6722],"evs":[0.0,2.70373,2.70636]},"A9s":{"weight":0.9998,"played":[0.0,0.0657,0.9343],"evs":[0.0,2.93128,2.93951]},"ATs":{"weight":0.9909,"played":[0.0,0.0,1.0],"evs":[0.0,3.5395,3.79133]},"AJs":{"weight":0.9997,"played":[0.0,0.0,1.0],"evs":[0.0,4.16136,4.54488]},"AQs":{"weight":0.9999,"played":[0.0,0.0,1.0],"evs":[0.0,4.95185,5.49848]},"AKs":{"weight":1.0,"played":[0.0,0.0,1.0],"evs":[0.0,6.14466,6.57743]},"AA":{"weight":0.9999,"played":[0.0,1.0,0.0],"evs":[0.0,15.85528,14.12631]}}}