{"player":0,"street":0,"children":3,"sequence":[{"player":0,"type":"R","amount":20000,"street":0},{"player":1,"type":"R","amount":60000,"street":0}],"actions":[{"type":"F","amount":0},{"type":"C","amount":40000},{"type":"R","amount":250000,"node":7}],"hands":{"22":{"weight":0.0,"played":[0.0,0.0,1.0],"evs":[0.0,0.46349,0.64866]},"32o":{"weight":0.0,"played":[1.0,0.0,0.0],"evs":[0.0,-0.82913,-2.34527]},"42o":{"weight":0.0,"played":[1.0,0.0,0.0],"evs":[0.0,-0.79144,-2.29497]},"52o":{"weight":0.0,"played":[1.0,0.0,0.0],"evs":[0.0,-0.73634,-2.17818]},"62o":{"weight":0.0,"played":[1.0,0.0,0.0],"evs":[0.0,-0.97795,-2.40705]},"72o":{"weight":0.0,"played":[1.0,0.0,0.0],"evs":[0.0,-1.18335,-2.56386]},"82o":{"weight":0.0,"played":[1.0,0.0,0.0],"evs":[0.0,-1.23302,-2.39294]},"92o":{"weight":0.0,"played":[1.0,0.0,0.0],"evs":[0.0,-1.15573,-2.02141]},"T2o":{"weight":0.0,"played":[1.0,0.0,0.0],"evs":[0.0,-0.9282,-1.64631]},"J2o":{"weight":0.0,"played":[1.0,0.0,0.0],"evs":[0.0,-0.63277,-1.29283]},"Q2o":{"weight":0.0,"played":[1.0,0.0,0.0],"evs":[0.0,-0.30487,-0.83762]},"K2o":{"weight":0.0,"played":[1.0,0.0,0.0],"evs":[0.0,-0.25633,-0.67353]},"A2o":{"weight":0.0025,"played":[0.0,0.1748,0.8252],"evs":[0.0,1.16313,1.185]},"32s":{"weight":0.9999,"played":[1.0,0.0,0.0],"evs":[0.0,-0.04357,-1.31115]},"33":{"weight":0.15,"played":[0.0,0.0026,0.9974],"evs":[0.0,0.63866,0.73541]},"43o":{"weight":4.0E-4,"played":[1.0,0.0,0.0],"evs":[0.0,-0.46754,-1.86263]},"53o":{"weight":0.1021,"played":[1.0,0.0,0.0],"evs":[0.0,-0.40001,-1.78837]},"63o":{"weight":0.0,"played":[1.0,0.0,0.0],"evs":[0.0,-0.64586,-2.00223]},"73o":{"weight":0.0,"played":[1.0,0.0,0.0],"evs":[0.0,-0.88299,-2.17359]},"83o":{"weight":0.0,"played":[1.0,0.0,0.0],"evs":[0.0,-1.21764,-2.41991]},"93o":{"weight":0.0,"played":[1.0,0.0,0.0],"evs":[0.0,-1.08975,-1.94643]},"T3o":{"weight":0.0,"played":[1.0,0.0,0.0],"evs":[0.0,-0.8693,-1.58222]},"J3o":{"weight":0.0779,"played":[1.0,0.0,0.0],"evs":[0.0,-0.56737,-1.22458]},"Q3o":{"weight":0.0193,"played":[1.0,0.0,0.0],"evs":[0.0,-0.22309,-0.7414]},"K3o":{"weight":0.04,"played":[1.0,0.0,0.0],"evs":[0.0,-0.19337,-0.65645]},"A3o":{"weight":0.0842,"played":[0.0,0.9274,0.0726],"evs":[0.0,1.25906,1.25556]},"42s":{"weight":0.2756,"played":[0.6141,0.3859,0.0],"evs":[0.0,-0.01425,-1.232]},"43s":{"weight":0.0055,"played":[0.0011,0.9989,0.0],"evs":[0.0,0.31115,-0.8712]},"44":{"weight":0.3358,"played":[0.0,0.8508,0.1492],"evs":[0.0,0.9104,0.88259]},"54o":{"weight":0.4881,"played":[1.0,0.0,0.0],"evs":[0.0,-0.11945,-1.40977]},"64o":{"weight":0.0803,"played":[1.0,0.0,0.0],"evs":[0.0,-0.39457,-1.63066]},"74o":{"weight":0.0,"played":[1.0,0.0,0.0],"evs":[0.0,-0.62241,-1.77398]},"84o":{"weight":0.0,"played":[1.0,0.0,0.0],"evs":[0.0,-0.94415,-1.99682]},"94o":{"weight":0.0,"played":[1.0,0.0,0.0],"evs":[0.0,-1.10457,-1.99358]},"T4o":{"weight":2.0E-4,"played":[1.0,0.0,0.0],"evs":[0.0,-0.85143,-1.52215]},"J4o":{"weight":0.13,"played":[1.0,0.0,0.0],"evs":[0.0,-0.57503,-1.14866]},"Q4o":{"weight":0.2247,"played":[1.0,0.0,0.0],"evs":[0.0,-0.21657,-0.68508]},"K4o":{"weight":0.4083,"played":[1.0,0.0,0.0],"evs":[0.0,-0.12759,-0.53351]},"A4o":{"weight":0.7181,"played":[0.0,0.7764,0.2236],"evs":[0.0,1.36542,1.35398]},"52s":{"weight":0.4438,"played":[0.0047,0.9953,0.0],"evs":[0.0,0.02633,-1.13297]},"53s":{"weight":0.2496,"played":[1.0E-4,0.9999,0.0],"evs":[0.0,0.36345,-0.76462]},"54s":{"weight":0.0,"played":[0.0,1.0,0.0],"evs":[0.0,0.69297,-0.36656]},"55":{"weight":0.4815,"played":[0.0,0.9999,1.0E-4],"evs":[0.0,1.24572,1.05376]},"65o":{"weight":0.467,"played":[1.0,0.0,0.0],"evs":[0.0,-0.07199,-1.17454]},"75o":{"weight":0.1691,"played":[1.0,0.0,0.0],"evs":[0.0,-0.32487,-1.29684]},"85o":{"weight":2.0E-4,"played":[1.0,0.0,0.0],"evs":[0.0,-0.6693,-1.51851]},"95o":{"weight":1.0E-4,"played":[1.0,0.0,0.0],"evs":[0.0,-0.82899,-1.43271]},"T5o":{"weight":0.2389,"played":[1.0,0.0,0.0],"evs":[0.0,-0.82943,-1.42693]},"J5o":{"weight":0.3286,"played":[1.0,0.0,0.0],"evs":[0.0,-0.48789,-0.95463]},"Q5o":{"weight":0.4797,"played":[1.0,0.0,0.0],"evs":[0.0,-0.13087,-0.49056]},"K5o":{"weight":0.4418,"played":[0.9912,0.0088,0.0],"evs":[0.0,-0.03496,-0.3031]},"A5o":{"weight":0.2233,"played":[0.0,0.6059,0.3941],"evs":[0.0,1.54995,1.54567]},"62s":{"weight":0.6573,"played":[1.0,0.0,0.0],"evs":[0.0,-0.208,-1.33528]},"63s":{"weight":0.3154,"played":[4.0E-4,0.9996,0.0],"evs":[0.0,0.12594,-0.97032]},"64s":{"weight":0.3522,"played":[0.0,1.0,0.0],"evs":[0.0,0.41084,-0.6031]},"65s":{"weight":0.0017,"played":[0.0,1.0,0.0],"evs":[0.0,0.71001,-0.20181]},"66":{"weight":0.3024,"played":[0.0,1.0,0.0],"evs":[0.0,1.64251,1.44406]},"76o":{"weight":0.1495,"played":[0.4542,0.5458,0.0],"evs":[0.0,-0.00247,-0.9025]},"86o":{"weight":0.3039,"played":[1.0,0.0,0.0],"evs":[0.0,-0.2893,-1.11489]},"96o":{"weight":0.2459,"played":[1.0,0.0,0.0],"evs":[0.0,-0.41464,-0.98474]},"T6o":{"weight":0.3631,"played":[1.0,0.0,0.0],"evs":[0.0,-0.44939,-0.93328]},"J6o":{"weight":0.0806,"played":[1.0,0.0,0.0],"evs":[0.0,-0.39948,-0.88824]},"Q6o":{"weight":0.4499,"played":[0.9994,6.0E-4,0.0],"evs":[0.0,-0.07056,-0.36378]},"K6o":{"weight":0.363,"played":[0.4631,0.5369,0.0],"evs":[0.0,0.00107,-0.15664]},"A6o":{"weight":0.1105,"played":[0.0,0.5267,0.4733],"evs":[0.0,1.29008,1.30759]},"72s":{"weight":1.0E-4,"played":[1.0,0.0,0.0],"evs":[0.0,-0.41656,-1.48484]},"73s":{"weight":0.9998,"played":[1.0,0.0,0.0],"evs":[0.0,-0.09188,-1.1252]},"74s":{"weight":0.335,"played":[2.0E-4,0.9998,0.0],"evs":[0.0,0.1638,-0.76607]},"75s":{"weight":0.3985,"played":[0.0,1.0,0.0],"evs":[0.0,0.49574,-0.32294]},"76s":{"weight":0.4818,"played":[0.0,1.0,0.0],"evs":[0.0,0.83872,0.05875]},"77":{"weight":0.2184,"played":[0.0,0.9999,1.0E-4],"evs":[0.0,1.99673,1.86005]},"87o":{"weight":0.3512,"played":[0.7388,0.2612,0.0],"evs":[0.0,-0.01288,-0.7844]},"97o":{"weight":0.5481,"played":[0.9999,1.0E-4,0.0],"evs":[0.0,-0.11779,-0.65043]},"T7o":{"weight":0.4781,"played":[1.0,0.0,0.0],"evs":[0.0,-0.14808,-0.59281]},"J7o":{"weight":0.4497,"played":[1.0,0.0,0.0],"evs":[0.0,-0.11182,-0.51074]},"Q7o":{"weight":0.3283,"played":[0.9938,0.0062,0.0],"evs":[0.0,-0.02686,-0.38322]},"K7o":{"weight":0.181,"played":[0.0,1.0,0.0],"evs":[0.0,0.04747,-0.12422]},"A7o":{"weight":0.0852,"played":[0.0,0.0,1.0],"evs":[0.0,1.40982,1.46489]},"82s":{"weight":0.2926,"played":[1.0,0.0,0.0],"evs":[0.0,-0.42767,-1.28191]},"83s":{"weight":0.6049,"played":[1.0,0.0,0.0],"evs":[0.0,-0.39989,-1.33377]},"84s":{"weight":0.9828,"played":[1.0,0.0,0.0],"evs":[0.0,-0.13188,-0.95692]},"85s":{"weight":0.2107,"played":[2.0E-4,0.9997,0.0],"evs":[0.0,0.15027,-0.50873]},"86s":{"weight":0.1101,"played":[0.0,1.0,0.0],"evs":[0.0,0.51885,-0.13618]},"87s":{"weight":0.0427,"played":[0.0,1.0,0.0],"evs":[0.0,0.85446,0.24568]},"88":{"weight":0.4027,"played":[0.0,0.9674,0.0326],"evs":[0.0,2.29605,2.19901]},"98o":{"weight":0.204,"played":[0.8433,0.1567,0.0],"evs":[0.0,-0.01094,-0.50319]},"T8o":{"weight":0.3691,"played":[0.7528,0.2472,0.0],"evs":[0.0,-0.01136,-0.40718]},"J8o":{"weight":0.5399,"played":[0.7532,0.2468,0.0],"evs":[0.0,-0.00193,-0.35737]},"Q8o":{"weight":0.236,"played":[7.0E-4,0.9993,0.0],"evs":[0.0,0.05818,-0.15543]},"K8o":{"weight":0.3408,"played":[0.1384,0.8616,0.0],"evs":[0.0,0.00318,-0.25696]},"A8o":{"weight":0.0428,"played":[0.0,0.0,1.0],"evs":[0.0,1.4387,1.57182]},"92s":{"weight":0.677,"played":[1.0,0.0,0.0],"evs":[0.0,-0.32878,-0.97065]},"93s":{"weight":0.9963,"played":[1.0,0.0,0.0],"evs":[0.0,-0.27241,-0.89284]},"94s":{"weight":0.9999,"played":[1.0,0.0,0.0],"evs":[0.0,-0.28401,-0.90337]},"95s":{"weight":0.0097,"played":[0.6551,0.3449,0.0],"evs":[0.0,-0.01613,-0.42376]},"96s":{"weight":0.0137,"played":[0.0,1.0,0.0],"evs":[0.0,0.39451,-0.01033]},"97s":{"weight":9.0E-4,"played":[0.0,1.0,0.0],"evs":[0.0,0.71825,0.30757]},"98s":{"weight":0.6303,"played":[0.0,1.0,0.0],"evs":[0.0,0.81357,0.45654]},"99":{"weight":0.2726,"played":[0.0,0.9936,0.0064],"evs":[0.0,3.32589,3.2695]},"T9o":{"weight":0.2223,"played":[0.0,1.0,0.0],"evs":[0.0,0.29275,0.05815]},"J9o":{"weight":0.3169,"played":[0.0,1.0,0.0],"evs":[0.0,0.26841,0.08802]},"Q9o":{"weight":0.2119,"played":[0.0,1.0,0.0],"evs":[0.0,0.37464,0.26744]},"K9o":{"weight":0.3662,"played":[0.0,1.0,0.0],"evs":[0.0,0.50524,0.19897]},"A9o":{"weight":5.0E-4,"played":[0.0,0.0,1.0],"evs":[0.0,1.74441,1.87404]},"T2s":{"weight":0.4274,"played":[1.0,0.0,0.0],"evs":[0.0,-0.10028,-0.62624]},"T3s":{"weight":0.2395,"played":[1.0,0.0,0.0],"evs":[0.0,-0.04896,-0.54463]},"T4s":{"weight":0.1449,"played":[0.8327,0.1673,0.0],"evs":[0.0,-0.01854,-0.44984]},"T5s":{"weight":0.1735,"played":[0.0688,0.9312,0.0],"evs":[0.0,0.02913,-0.34259]},"T6s":{"weight":0.4503,"played":[0.0,1.0,0.0],"evs":[0.0,0.36053,0.02493]},"T7s":{"weight":0.0038,"played":[0.0,1.0,0.0],"evs":[0.0,0.71596,0.41324]},"T8s":{"weight":0.4241,"played":[0.0,0.9999,1.0E-4],"evs":[0.0,0.84143,0.55566]},"T9s":{"weight":0.5724,"played":[0.0,0.9999,1.0E-4],"evs":[0.0,1.13025,0.98843]},"TT":{"weight":0.3837,"played":[0.0,0.3508,0.6492],"evs":[0.0,5.11881,5.12294]},"JTo":{"weight":0.312,"played":[0.0,1.0,0.0],"evs":[0.0,0.82704,0.76147]},"QTo":{"weight":0.3358,"played":[0.0,0.9407,0.0593],"evs":[0.0,0.92466,0.89667]},"KTo":{"weight":0.2608,"played":[0.0,1.0,0.0],"evs":[0.0,1.20244,0.82256]},"ATo":{"weight":4.0E-4,"played":[0.0,0.0,1.0],"evs":[0.0,2.43243,2.82792]},"J2s":{"weight":0.0,"played":[7.0E-4,0.9993,0.0],"evs":[0.0,0.16504,-0.26064]},"J3s":{"weight":0.0,"played":[1.0E-4,0.9999,0.0],"evs":[0.0,0.23802,-0.21048]},"J4s":{"weight":0.1278,"played":[0.0,1.0,0.0],"evs":[0.0,0.25663,-0.13195]},"J5s":{"weight":0.3023,"played":[0.0,1.0,0.0],"evs":[0.0,0.31608,0.05028]},"J6s":{"weight":0.4196,"played":[0.0,1.0,0.0],"evs":[0.0,0.42319,0.09528]},"J7s":{"weight":0.1003,"played":[0.0,1.0,0.0],"evs":[0.0,0.70337,0.4659]},"J8s":{"weight":0.0218,"played":[0.0,0.9998,2.0E-4],"evs":[0.0,0.87273,0.61317]},"J9s":{"weight":0.1881,"played":[0.0,0.9996,4.0E-4],"evs":[0.0,1.19409,1.06942]},"JTs":{"weight":0.2516,"played":[0.0,0.9986,0.0014],"evs":[0.0,1.73354,1.67775]},"JJ":{"weight":0.2824,"played":[0.0,0.9908,0.0092],"evs":[0.0,7.04762,7.00431]},"QJo":{"weight":0.5342,"played":[0.0,0.5493,0.4507],"evs":[0.0,1.23634,1.22579]},"KJo":{"weight":0.4044,"played":[0.0,1.0,0.0],"evs":[0.0,1.78017,1.50026]},"AJo":{"weight":0.0809,"played":[0.0,0.0,1.0],"evs":[0.0,3.13637,3.88017]},"Q2s":{"weight":0.0,"played":[0.0,1.0,0.0],"evs":[0.0,0.46686,0.15923]},"Q3s":{"weight":0.0,"played":[0.0,1.0,0.0],"evs":[0.0,0.61977,0.24898]},"Q4s":{"weight":0.0017,"played":[0.0,1.0,0.0],"evs":[0.0,0.63777,0.32277]},"Q5s":{"weight":0.6369,"played":[0.0,1.0,0.0],"evs":[0.0,0.72785,0.51067]},"Q6s":{"weight":0.2416,"played":[0.0,1.0,0.0],"evs":[0.0,0.79514,0.60637]},"Q7s":{"weight":0.0065,"played":[0.0,1.0,0.0],"evs":[0.0,0.84563,0.62287]},"Q8s":{"weight":0.4993,"played":[0.0,1.0,0.0],"evs":[0.0,0.96899,0.82521]},"Q9s":{"weight":0.2021,"played":[0.0,1.0,0.0],"evs":[0.0,1.29921,1.2538]},"QTs":{"weight":0.2391,"played":[0.0,0.998,0.002],"evs":[0.0,1.89839,1.83942]},"QJs":{"weight":7.0E-4,"played":[0.0,0.9983,0.0017],"evs":[0.0,2.16541,2.14331]},"QQ":{"weight":0.6054,"played":[0.0,1.0,0.0],"evs":[0.0,9.28406,9.03509]},"KQo":{"weight":0.4311,"played":[0.0,0.7669,0.2331],"evs":[0.0,2.55572,2.55324]},"AQo":{"weight":0.1397,"played":[0.0,0.0,1.0],"evs":[0.0,3.9245,4.8816]},"K2s":{"weight":0.0,"played":[0.0,1.0,0.0],"evs":[0.0,0.63105,0.38265]},"K3s":{"weight":0.0,"played":[0.0,1.0,0.0],"evs":[0.0,0.66211,0.36004]},"K4s":{"weight":0.0,"played":[0.0,1.0,0.0],"evs":[0.0,0.76352,0.46382]},"K5s":{"weight":0.2187,"played":[0.0,1.0,0.0],"evs":[0.0,0.85241,0.67881]},"K6s":{"weight":0.6147,"played":[0.0,0.9993,7.0E-4],"evs":[0.0,0.91739,0.80302]},"K7s":{"weight":0.9737,"played":[0.0,0.9999,1.0E-4],"evs":[0.0,0.9795,0.86242]},"K8s":{"weight":0.1383,"played":[0.0,1.0,0.0],"evs":[0.0,0.96789,0.73939]},"K9s":{"weight":0.0627,"played":[0.0,1.0,0.0],"evs":[0.0,1.4865,1.13304]},"KTs":{"weight":0.7358,"played":[0.0,1.0,0.0],"evs":[0.0,2.21003,1.74798]},"KJs":{"weight":0.0929,"played":[0.0,0.9999,1.0E-4],"evs":[0.0,2.82834,2.4305]},"KQs":{"weight":0.0507,"played":[0.0,1.0,0.0],"evs":[0.0,3.56643,3.43336]},"KK":{"weight":1.0,"played":[0.0,1.0,0.0],"evs":[0.0,12.41568,11.29933]},"AKo":{"weight":0.4138,"played":[0.0,0.0,1.0],"evs":[0.0,5.12794,6.02202]},"A2s":{"weight":0.1508,"played":[0.0,0.9573,0.0427],"evs":[0.0,2.16649,2.14023]},"A3s":{"weight":0.6968,"played":[0.0,0.9996,4.0E-4],"evs":[0.0,2.25918,2.21755]},"A4s":{"weight":0.0089,"played":[0.0,0.999,0.001],"evs":[0.0,2.37293,2.30976]},"A5s":{"weight":0.205,"played":[0.0,0.9987,0.0013],"evs":[0.0,2.54491,2.48456]},"A6s":{"weight":0.0475,"played":[0.0,0.7441,0.2559],"evs":[0.0,2.26421,2.24956]},"A7s":{"weight":8.0E-4,"played":[0.0,0.68,0.32],"evs":[0.0,2.40286,2.38535]},"A8s":{"weight":0.4942,"played":[0.0,0.027,0.973],"evs":[0.0,2.43798,2.47199]},"A9s":{"weight":0.9739,"played":[0.0,0.0442,0.9558],"evs":[0.0,2.76519,2.78918]},"ATs":{"weight":0.8108,"played":[0.0,0.0,1.0],"evs":[0.0,3.39695,3.64948]},"AJs":{"weight":0.9938,"played":[0.0,0.0,1.0],"evs":[0.0,4.06818,4.63755]},"AQs":{"weight":1.0,"played":[0.0,0.0,1.0],"evs":[0.0,4.78728,5.55585]},"AKs":{"weight":1.0,"played":[0.0,0.0,1.0],"evs":[0.0,5.91503,6.61014]},"AA":{"weight":1.0,"played":[0.0,1.0,0.0],"evs":[0.0,15.33087,13.8329]}}}