{"player":1,"street":0,"children":2,"sequence":[{"player":0,"type":"R","amount":23000,"street":0},{"player":1,"type":"R","amount":60000,"street":0},{"player":0,"type":"R","amount":250000,"street":0}],"actions":[{"type":"F","amount":0},{"type":"C","amount":190000}],"hands":{"22":{"weight":0.0,"played":[0.0,1.0],"evs":[0.0,6.72388]},"32o":{"weight":0.0,"played":[1.0,0.0],"evs":[0.0,-2.35824]},"42o":{"weight":0.0,"played":[1.0,0.0],"evs":[0.0,-2.2482]},"52o":{"weight":0.0,"played":[1.0,0.0],"evs":[0.0,-1.89036]},"62o":{"weight":0.0,"played":[1.0,0.0],"evs":[0.0,-2.53754]},"72o":{"weight":0.0,"played":[1.0,0.0],"evs":[0.0,-3.18143]},"82o":{"weight":0.0,"played":[1.0,0.0],"evs":[0.0,-2.98093]},"92o":{"weight":0.0,"played":[1.0,0.0],"evs":[0.0,-3.06361]},"T2o":{"weight":0.0,"played":[1.0,0.0],"evs":[0.0,-2.93397]},"J2o":{"weight":0.0042,"played":[1.0,0.0],"evs":[0.0,-2.98982]},"Q2o":{"weight":0.2124,"played":[1.0,0.0],"evs":[0.0,-3.15898]},"K2o":{"weight":0.1063,"played":[1.0,0.0],"evs":[0.0,-2.36417]},"A2o":{"weight":0.0,"played":[1.0,0.0],"evs":[0.0,-1.82035]},"32s":{"weight":0.0,"played":[1.0,0.0],"evs":[0.0,-0.54037]},"33":{"weight":0.0,"played":[0.0,1.0],"evs":[0.0,7.23727]},"43o":{"weight":0.0,"played":[1.0,0.0],"evs":[0.0,-1.59565]},"53o":{"weight":0.0,"played":[1.0,0.0],"evs":[0.0,-1.24638]},"63o":{"weight":0.0,"played":[1.0,0.0],"evs":[0.0,-1.86403]},"73o":{"weight":0.0,"played":[1.0,0.0],"evs":[0.0,-2.53355]},"83o":{"weight":0.0,"played":[1.0,0.0],"evs":[0.0,-2.98461]},"93o":{"weight":0.0,"played":[1.0,0.0],"evs":[0.0,-2.95591]},"T3o":{"weight":1.0E-4,"played":[1.0,0.0],"evs":[0.0,-2.84234]},"J3o":{"weight":0.1701,"played":[1.0,0.0],"evs":[0.0,-2.90944]},"Q3o":{"weight":0.1207,"played":[1.0,0.0],"evs":[0.0,-3.06014]},"K3o":{"weight":0.2794,"played":[1.0,0.0],"evs":[0.0,-2.24707]},"A3o":{"weight":0.0,"played":[1.0,0.0],"evs":[0.0,-1.65344]},"42s":{"weight":0.0,"played":[0.9991,9.0E-4],"evs":[0.0,-0.47643]},"43s":{"weight":0.0,"played":[0.0,1.0],"evs":[0.0,0.16753]},"44":{"weight":0.0,"played":[0.0,1.0],"evs":[0.0,7.83008]},"54o":{"weight":0.0,"played":[1.0,0.0],"evs":[0.0,-0.63917]},"64o":{"weight":0.0,"played":[1.0,0.0],"evs":[0.0,-1.25921]},"74o":{"weight":1.0E-4,"played":[1.0,0.0],"evs":[0.0,-1.89386]},"84o":{"weight":0.0,"played":[1.0,0.0],"evs":[0.0,-2.38578]},"94o":{"weight":0.0,"played":[1.0,0.0],"evs":[0.0,-3.02286]},"T4o":{"weight":0.0,"played":[1.0,0.0],"evs":[0.0,-2.75092]},"J4o":{"weight":0.0757,"played":[1.0,0.0],"evs":[0.0,-2.81483]},"Q4o":{"weight":0.3604,"played":[1.0,0.0],"evs":[0.0,-2.97352]},"K4o":{"weight":0.3115,"played":[1.0,0.0],"evs":[0.0,-2.19028]},"A4o":{"weight":0.0,"played":[1.0,0.0],"evs":[0.0,-1.38277]},"52s":{"weight":0.0,"played":[0.9988,0.0012],"evs":[0.0,-0.12638]},"53s":{"weight":0.0,"played":[0.0,1.0],"evs":[0.0,0.46896]},"54s":{"weight":0.3571,"played":[0.0,1.0],"evs":[0.0,1.04154]},"55":{"weight":0.0,"played":[0.0,1.0],"evs":[0.0,8.43154]},"65o":{"weight":0.0,"played":[1.0,0.0],"evs":[0.0,-0.32868]},"75o":{"weight":0.0558,"played":[1.0,0.0],"evs":[0.0,-0.99667]},"85o":{"weight":0.0712,"played":[1.0,0.0],"evs":[0.0,-1.48646]},"95o":{"weight":0.1399,"played":[1.0,0.0],"evs":[0.0,-2.14551]},"T5o":{"weight":4.0E-4,"played":[1.0,0.0],"evs":[0.0,-2.52901]},"J5o":{"weight":0.4364,"played":[1.0,0.0],"evs":[0.0,-2.44166]},"Q5o":{"weight":0.023,"played":[1.0,0.0],"evs":[0.0,-2.56687]},"K5o":{"weight":0.0298,"played":[1.0,0.0],"evs":[0.0,-1.81084]},"A5o":{"weight":0.0,"played":[0.9999,1.0E-4],"evs":[0.0,-0.96328]},"62s":{"weight":0.0,"played":[1.0,0.0],"evs":[0.0,-0.74138]},"63s":{"weight":0.0,"played":[0.9976,0.0024],"evs":[0.0,-0.16131]},"64s":{"weight":0.0,"played":[0.0,1.0],"evs":[0.0,0.46114]},"65s":{"weight":0.6366,"played":[0.0,1.0],"evs":[0.0,1.31754]},"66":{"weight":0.0,"played":[0.0,1.0],"evs":[0.0,8.86244]},"76o":{"weight":0.0,"played":[0.9998,2.0E-4],"evs":[0.0,-0.41557]},"86o":{"weight":0.0329,"played":[1.0,0.0],"evs":[0.0,-0.88817]},"96o":{"weight":0.1586,"played":[1.0,0.0],"evs":[0.0,-1.47654]},"T6o":{"weight":0.2973,"played":[1.0,0.0],"evs":[0.0,-1.9194]},"J6o":{"weight":0.0318,"played":[1.0,0.0],"evs":[0.0,-2.5364]},"Q6o":{"weight":2.0E-4,"played":[1.0,0.0],"evs":[0.0,-2.48345]},"K6o":{"weight":0.0174,"played":[1.0,0.0],"evs":[0.0,-1.68565]},"A6o":{"weight":0.0069,"played":[1.0,0.0],"evs":[0.0,-1.24088]},"72s":{"weight":0.0,"played":[1.0,0.0],"evs":[0.0,-1.32787]},"73s":{"weight":0.0,"played":[1.0,0.0],"evs":[0.0,-0.77663]},"74s":{"weight":0.0,"played":[0.993,0.007],"evs":[0.0,-0.14659]},"75s":{"weight":1.0E-4,"played":[0.0,1.0],"evs":[0.0,0.6818]},"76s":{"weight":0.279,"played":[0.0,1.0],"evs":[0.0,1.26166]},"77":{"weight":0.0,"played":[0.0,1.0],"evs":[0.0,9.31268]},"87o":{"weight":0.0,"played":[0.9996,4.0E-4],"evs":[0.0,-0.41019]},"97o":{"weight":0.1022,"played":[1.0,0.0],"evs":[0.0,-1.03788]},"T7o":{"weight":0.1661,"played":[1.0,0.0],"evs":[0.0,-1.42583]},"J7o":{"weight":0.0561,"played":[1.0,0.0],"evs":[0.0,-2.04267]},"Q7o":{"weight":0.0,"played":[1.0,0.0],"evs":[0.0,-2.69145]},"K7o":{"weight":0.0122,"played":[1.0,0.0],"evs":[0.0,-1.56359]},"A7o":{"weight":0.0,"played":[0.9981,0.0019],"evs":[0.0,-0.50217]},"82s":{"weight":0.0,"played":[1.0,0.0],"evs":[0.0,-1.13239]},"83s":{"weight":0.0,"played":[1.0,0.0],"evs":[0.0,-1.12152]},"84s":{"weight":0.0,"played":[1.0,0.0],"evs":[0.0,-0.60792]},"85s":{"weight":0.0,"played":[1.0E-4,0.9999],"evs":[0.0,0.29637]},"86s":{"weight":0.1013,"played":[0.0,1.0],"evs":[0.0,0.82433]},"87s":{"weight":0.8896,"played":[0.0,1.0],"evs":[0.0,1.25458]},"88":{"weight":0.0213,"played":[0.0,1.0],"evs":[0.0,10.01128]},"98o":{"weight":0.0,"played":[1.0,0.0],"evs":[0.0,-0.56017]},"T8o":{"weight":0.0133,"played":[1.0,0.0],"evs":[0.0,-0.79792]},"J8o":{"weight":0.0022,"played":[1.0,0.0],"evs":[0.0,-1.38539]},"Q8o":{"weight":0.019,"played":[1.0,0.0],"evs":[0.0,-2.10354]},"K8o":{"weight":0.5521,"played":[1.0,0.0],"evs":[0.0,-1.56466]},"A8o":{"weight":0.0,"played":[0.0,1.0],"evs":[0.0,0.33772]},"92s":{"weight":0.0,"played":[1.0,0.0],"evs":[0.0,-1.20624]},"93s":{"weight":0.0,"played":[1.0,0.0],"evs":[0.0,-1.14001]},"94s":{"weight":0.0,"played":[1.0,0.0],"evs":[0.0,-1.15177]},"95s":{"weight":0.0,"played":[0.9995,5.0E-4],"evs":[0.0,-0.33558]},"96s":{"weight":0.0,"played":[0.0,1.0],"evs":[0.0,0.27786]},"97s":{"weight":0.0,"played":[0.0,1.0],"evs":[0.0,0.7254]},"98s":{"weight":0.0661,"played":[0.0,1.0],"evs":[0.0,1.11606]},"99":{"weight":0.8974,"played":[0.0,1.0],"evs":[0.0,10.64284]},"T9o":{"weight":0.0,"played":[0.9991,9.0E-4],"evs":[0.0,-0.31892]},"J9o":{"weight":0.0,"played":[0.9999,1.0E-4],"evs":[0.0,-0.97528]},"Q9o":{"weight":0.0965,"played":[1.0,0.0],"evs":[0.0,-1.66468]},"K9o":{"weight":0.4214,"played":[1.0,0.0],"evs":[0.0,-1.14189]},"A9o":{"weight":0.0,"played":[0.0,1.0],"evs":[0.0,1.78116]},"T2s":{"weight":0.0,"played":[1.0,0.0],"evs":[0.0,-1.07614]},"T3s":{"weight":0.0,"played":[1.0,0.0],"evs":[0.0,-0.98179]},"T4s":{"weight":0.0,"played":[1.0,0.0],"evs":[0.0,-0.94692]},"T5s":{"weight":0.0,"played":[1.0,0.0],"evs":[0.0,-0.75942]},"T6s":{"weight":0.0,"played":[0.9247,0.0753],"evs":[0.0,-0.11477]},"T7s":{"weight":0.0,"played":[0.0,1.0],"evs":[0.0,0.32994]},"T8s":{"weight":0.0,"played":[0.0,1.0],"evs":[0.0,0.9509]},"T9s":{"weight":0.2286,"played":[0.0,1.0],"evs":[0.0,1.39366]},"TT":{"weight":1.0,"played":[0.0,1.0],"evs":[0.0,12.23122]},"JTo":{"weight":0.0,"played":[0.6352,0.3648],"evs":[0.0,-0.04185]},"QTo":{"weight":0.0,"played":[0.9989,0.0011],"evs":[0.0,-0.56075]},"KTo":{"weight":0.062,"played":[0.5352,0.4648],"evs":[0.0,0.00834]},"ATo":{"weight":0.0,"played":[0.0,1.0],"evs":[0.0,4.13756]},"J2s":{"weight":0.0,"played":[1.0,0.0],"evs":[0.0,-1.14485]},"J3s":{"weight":0.0,"played":[1.0,0.0],"evs":[0.0,-1.07214]},"J4s":{"weight":0.0,"played":[1.0,0.0],"evs":[0.0,-0.96676]},"J5s":{"weight":0.0,"played":[0.9998,2.0E-4],"evs":[0.0,-0.5915]},"J6s":{"weight":0.0,"played":[0.9997,3.0E-4],"evs":[0.0,-0.68673]},"J7s":{"weight":0.0,"played":[0.9944,0.0056],"evs":[0.0,-0.22342]},"J8s":{"weight":0.0,"played":[0.0,1.0],"evs":[0.0,0.34185]},"J9s":{"weight":0.0,"played":[0.0,1.0],"evs":[0.0,0.75975]},"JTs":{"weight":0.0054,"played":[0.0,1.0],"evs":[0.0,1.6659]},"JJ":{"weight":1.0,"played":[0.0,1.0],"evs":[0.0,13.37749]},"QJo":{"weight":0.0,"played":[0.9982,0.0018],"evs":[0.0,-0.17166]},"KJo":{"weight":0.0548,"played":[0.0834,0.9166],"evs":[0.0,0.04127]},"AJo":{"weight":0.0,"played":[0.0,1.0],"evs":[0.0,6.49895]},"Q2s":{"weight":0.0,"played":[1.0,0.0],"evs":[0.0,-1.28688]},"Q3s":{"weight":0.0,"played":[1.0,0.0],"evs":[0.0,-1.17642]},"Q4s":{"weight":0.0,"played":[0.9996,4.0E-4],"evs":[0.0,-1.11391]},"Q5s":{"weight":0.0,"played":[0.9998,2.0E-4],"evs":[0.0,-0.73843]},"Q6s":{"weight":0.0,"played":[0.9982,0.0018],"evs":[0.0,-0.68599]},"Q7s":{"weight":0.0,"played":[0.9995,5.0E-4],"evs":[0.0,-0.879]},"Q8s":{"weight":0.0,"played":[0.9957,0.0043],"evs":[0.0,-0.24974]},"Q9s":{"weight":0.0,"played":[0.0,1.0],"evs":[0.0,0.13097]},"QTs":{"weight":0.0,"played":[0.0,1.0],"evs":[0.0,1.17708]},"QJs":{"weight":0.0,"played":[0.0,1.0],"evs":[0.0,1.5373]},"QQ":{"weight":1.0,"played":[0.0,1.0],"evs":[0.0,15.03507]},"KQo":{"weight":0.0,"played":[0.0,1.0],"evs":[0.0,0.24674]},"AQo":{"weight":0.0,"played":[0.0,1.0],"evs":[0.0,10.15268]},"K2s":{"weight":0.0,"played":[1.0,0.0],"evs":[0.0,-0.53943]},"K3s":{"weight":0.0,"played":[0.9997,3.0E-4],"evs":[0.0,-0.45664]},"K4s":{"weight":0.0,"played":[0.9973,0.0027],"evs":[0.0,-0.36445]},"K5s":{"weight":0.0,"played":[0.2982,0.7018],"evs":[0.0,0.01905]},"K6s":{"weight":0.0,"played":[0.0556,0.9444],"evs":[0.0,0.0989]},"K7s":{"weight":0.0,"played":[0.0,1.0],"evs":[0.0,0.24658]},"K8s":{"weight":0.0,"played":[0.0,1.0],"evs":[0.0,0.20167]},"K9s":{"weight":0.0,"played":[0.0,1.0],"evs":[0.0,0.69035]},"KTs":{"weight":0.4191,"played":[0.0,1.0],"evs":[0.0,1.65694]},"KJs":{"weight":0.6497,"played":[0.0,1.0],"evs":[0.0,1.71285]},"KQs":{"weight":0.6647,"played":[0.0,1.0],"evs":[0.0,1.9067]},"KK":{"weight":1.0,"played":[0.0,1.0],"evs":[0.0,17.37847]},"AKo":{"weight":2.0E-4,"played":[0.0,1.0],"evs":[0.0,15.0331]},"A2s":{"weight":0.0,"played":[0.0128,0.9872],"evs":[0.0,0.10123]},"A3s":{"weight":0.0,"played":[0.0,1.0],"evs":[0.0,0.29228]},"A4s":{"weight":0.0,"played":[0.0,1.0],"evs":[0.0,0.49661]},"A5s":{"weight":0.0,"played":[0.0,1.0],"evs":[0.0,0.87872]},"A6s":{"weight":5.0E-4,"played":[0.0,1.0],"evs":[0.0,0.56976]},"A7s":{"weight":0.0862,"played":[0.0,1.0],"evs":[0.0,1.20363]},"A8s":{"weight":0.1874,"played":[0.0,1.0],"evs":[0.0,2.14687]},"A9s":{"weight":0.0,"played":[0.0,1.0],"evs":[0.0,3.4856]},"ATs":{"weight":0.397,"played":[0.0,1.0],"evs":[0.0,5.62453]},"AJs":{"weight":0.965,"played":[0.0,1.0],"evs":[0.0,7.7957]},"AQs":{"weight":1.0,"played":[0.0,1.0],"evs":[0.0,11.13979]},"AKs":{"weight":1.0,"played":[0.0,1.0],"evs":[0.0,15.63974]},"AA":{"weight":1.0,"played":[0.0,1.0],"evs":[0.0,26.43568]}}}