{"player":1,"street":0,"children":2,"sequence":[{"player":0,"type":"R","amount":20000,"street":0},{"player":1,"type":"R","amount":60000,"street":0},{"player":0,"type":"R","amount":250000,"street":0}],"actions":[{"type":"F","amount":0},{"type":"C","amount":190000}],"hands":{"22":{"weight":0.0,"played":[0.0,1.0],"evs":[0.0,5.73625]},"32o":{"weight":0.0,"played":[1.0,0.0],"evs":[0.0,-2.80888]},"42o":{"weight":0.0,"played":[1.0,0.0],"evs":[0.0,-2.67445]},"52o":{"weight":0.0,"played":[1.0,0.0],"evs":[0.0,-2.26632]},"62o":{"weight":0.0,"played":[1.0,0.0],"evs":[0.0,-2.78581]},"72o":{"weight":0.0,"played":[1.0,0.0],"evs":[0.0,-3.47918]},"82o":{"weight":0.0,"played":[1.0,0.0],"evs":[0.0,-3.38986]},"92o":{"weight":9.0E-4,"played":[1.0,0.0],"evs":[0.0,-3.5442]},"T2o":{"weight":0.0828,"played":[1.0,0.0],"evs":[0.0,-3.31097]},"J2o":{"weight":0.055,"played":[1.0,0.0],"evs":[0.0,-3.38172]},"Q2o":{"weight":0.094,"played":[1.0,0.0],"evs":[0.0,-3.36833]},"K2o":{"weight":0.3854,"played":[1.0,0.0],"evs":[0.0,-2.26341]},"A2o":{"weight":0.0,"played":[1.0,0.0],"evs":[0.0,-2.11174]},"32s":{"weight":0.0,"played":[1.0,0.0],"evs":[0.0,-1.12652]},"33":{"weight":0.0,"played":[0.0,1.0],"evs":[0.0,6.41049]},"43o":{"weight":0.2061,"played":[1.0,0.0],"evs":[0.0,-1.96183]},"53o":{"weight":0.0,"played":[1.0,0.0],"evs":[0.0,-1.54949]},"63o":{"weight":0.02,"played":[1.0,0.0],"evs":[0.0,-2.06665]},"73o":{"weight":0.0,"played":[1.0,0.0],"evs":[0.0,-2.79445]},"83o":{"weight":0.0,"played":[1.0,0.0],"evs":[0.0,-3.36975]},"93o":{"weight":3.0E-4,"played":[1.0,0.0],"evs":[0.0,-3.32151]},"T3o":{"weight":0.0813,"played":[1.0,0.0],"evs":[0.0,-3.13075]},"J3o":{"weight":0.2516,"played":[1.0,0.0],"evs":[0.0,-3.25095]},"Q3o":{"weight":0.1624,"played":[1.0,0.0],"evs":[0.0,-3.15676]},"K3o":{"weight":0.0697,"played":[1.0,0.0],"evs":[0.0,-2.04625]},"A3o":{"weight":1.0E-4,"played":[1.0,0.0],"evs":[0.0,-1.91995]},"42s":{"weight":0.0,"played":[1.0,0.0],"evs":[0.0,-0.95066]},"43s":{"weight":0.0,"played":[0.9819,0.0181],"evs":[0.0,-0.25085]},"44":{"weight":0.0081,"played":[0.0,1.0],"evs":[0.0,7.47025]},"54o":{"weight":0.0171,"played":[1.0,0.0],"evs":[0.0,-0.89171]},"64o":{"weight":0.0,"played":[1.0,0.0],"evs":[0.0,-1.42518]},"74o":{"weight":0.0704,"played":[1.0,0.0],"evs":[0.0,-2.10854]},"84o":{"weight":0.1655,"played":[1.0,0.0],"evs":[0.0,-2.7468]},"94o":{"weight":1.0E-4,"played":[1.0,0.0],"evs":[0.0,-3.41867]},"T4o":{"weight":0.0628,"played":[1.0,0.0],"evs":[0.0,-3.03194]},"J4o":{"weight":0.0341,"played":[1.0,0.0],"evs":[0.0,-3.06912]},"Q4o":{"weight":0.3216,"played":[1.0,0.0],"evs":[0.0,-3.09948]},"K4o":{"weight":0.0965,"played":[1.0,0.0],"evs":[0.0,-1.95505]},"A4o":{"weight":0.0,"played":[1.0,0.0],"evs":[0.0,-1.52097]},"52s":{"weight":0.0,"played":[0.9996,4.0E-4],"evs":[0.0,-0.51244]},"53s":{"weight":0.0,"played":[0.0027,0.9973],"evs":[0.0,0.17741]},"54s":{"weight":0.066,"played":[0.0,1.0],"evs":[0.0,0.71211]},"55":{"weight":0.0,"played":[0.0,1.0],"evs":[0.0,8.12875]},"65o":{"weight":0.0,"played":[0.9989,0.0011],"evs":[0.0,-0.46568]},"75o":{"weight":0.0806,"played":[1.0,0.0],"evs":[0.0,-1.16989]},"85o":{"weight":0.0959,"played":[1.0,0.0],"evs":[0.0,-1.76611]},"95o":{"weight":0.1887,"played":[1.0,0.0],"evs":[0.0,-2.39723]},"T5o":{"weight":0.0681,"played":[1.0,0.0],"evs":[0.0,-2.72017]},"J5o":{"weight":0.2885,"played":[1.0,0.0],"evs":[0.0,-2.64141]},"Q5o":{"weight":0.008,"played":[1.0,0.0],"evs":[0.0,-2.56426]},"K5o":{"weight":0.2363,"played":[1.0,0.0],"evs":[0.0,-1.46664]},"A5o":{"weight":0.0,"played":[1.0,0.0],"evs":[0.0,-1.05917]},"62s":{"weight":0.0,"played":[1.0,0.0],"evs":[0.0,-1.06059]},"63s":{"weight":0.0,"played":[0.9998,2.0E-4],"evs":[0.0,-0.33075]},"64s":{"weight":0.0,"played":[0.0,1.0],"evs":[0.0,0.21843]},"65s":{"weight":0.9857,"played":[0.0,1.0],"evs":[0.0,1.11131]},"66":{"weight":0.0,"played":[0.0,1.0],"evs":[0.0,8.59073]},"76o":{"weight":0.0,"played":[0.9993,7.0E-4],"evs":[0.0,-0.51416]},"86o":{"weight":0.0466,"played":[1.0,0.0],"evs":[0.0,-0.99691]},"96o":{"weight":0.2734,"played":[1.0,0.0],"evs":[0.0,-1.64024]},"T6o":{"weight":0.1938,"played":[1.0,0.0],"evs":[0.0,-1.95213]},"J6o":{"weight":1.0E-4,"played":[1.0,0.0],"evs":[0.0,-2.56811]},"Q6o":{"weight":0.0034,"played":[1.0,0.0],"evs":[0.0,-2.39589]},"K6o":{"weight":0.0537,"played":[1.0,0.0],"evs":[0.0,-1.26445]},"A6o":{"weight":0.0069,"played":[1.0,0.0],"evs":[0.0,-1.42608]},"72s":{"weight":0.0,"played":[1.0,0.0],"evs":[0.0,-1.59214]},"73s":{"weight":0.0,"played":[1.0,0.0],"evs":[0.0,-0.98673]},"74s":{"weight":0.0,"played":[0.9991,9.0E-4],"evs":[0.0,-0.36558]},"75s":{"weight":3.0E-4,"played":[1.0E-4,0.9999],"evs":[0.0,0.48501]},"76s":{"weight":0.3265,"played":[0.0,1.0],"evs":[0.0,1.14507]},"77":{"weight":0.0,"played":[0.0,1.0],"evs":[0.0,8.61668]},"87o":{"weight":0.0,"played":[0.9999,1.0E-4],"evs":[0.0,-0.63172]},"97o":{"weight":0.0449,"played":[1.0,0.0],"evs":[0.0,-1.24891]},"T7o":{"weight":0.17,"played":[1.0,0.0],"evs":[0.0,-1.51394]},"J7o":{"weight":0.0693,"played":[1.0,0.0],"evs":[0.0,-2.1547]},"Q7o":{"weight":0.0,"played":[1.0,0.0],"evs":[0.0,-2.61709]},"K7o":{"weight":7.0E-4,"played":[1.0,0.0],"evs":[0.0,-1.3896]},"A7o":{"weight":0.0,"played":[0.9999,1.0E-4],"evs":[0.0,-0.9936]},"82s":{"weight":0.0,"played":[1.0,0.0],"evs":[0.0,-1.59177]},"83s":{"weight":0.0,"played":[1.0,0.0],"evs":[0.0,-1.52166]},"84s":{"weight":0.0,"played":[1.0,0.0],"evs":[0.0,-0.89926]},"85s":{"weight":0.0,"played":[0.4601,0.5399],"evs":[0.0,-0.09202]},"86s":{"weight":1.0E-4,"played":[0.0,1.0],"evs":[0.0,0.64867]},"87s":{"weight":0.6254,"played":[0.0,1.0],"evs":[0.0,1.07068]},"88":{"weight":0.2564,"played":[0.0,1.0],"evs":[0.0,9.22969]},"98o":{"weight":0.0132,"played":[0.9999,1.0E-4],"evs":[0.0,-0.86869]},"T8o":{"weight":0.0587,"played":[1.0,0.0],"evs":[0.0,-1.02864]},"J8o":{"weight":0.0312,"played":[1.0,0.0],"evs":[0.0,-1.73142]},"Q8o":{"weight":0.0122,"played":[1.0,0.0],"evs":[0.0,-2.19579]},"K8o":{"weight":0.1992,"played":[1.0,0.0],"evs":[0.0,-1.59852]},"A8o":{"weight":0.0,"played":[0.9828,0.0172],"evs":[0.0,-0.19328]},"92s":{"weight":0.0,"played":[1.0,0.0],"evs":[0.0,-1.70894]},"93s":{"weight":0.0,"played":[1.0,0.0],"evs":[0.0,-1.43193]},"94s":{"weight":0.0,"played":[0.9997,3.0E-4],"evs":[0.0,-1.57284]},"95s":{"weight":0.0,"played":[0.9986,0.0014],"evs":[0.0,-0.6345]},"96s":{"weight":0.0,"played":[0.0134,0.9866],"evs":[0.0,0.04313]},"97s":{"weight":1.0E-4,"played":[0.0,1.0],"evs":[0.0,0.57105]},"98s":{"weight":0.0,"played":[0.0,1.0],"evs":[0.0,0.72227]},"99":{"weight":1.0,"played":[0.0,1.0],"evs":[0.0,9.94519]},"T9o":{"weight":0.0,"played":[0.9992,8.0E-4],"evs":[0.0,-0.61365]},"J9o":{"weight":0.0183,"played":[0.9999,1.0E-4],"evs":[0.0,-1.34055]},"Q9o":{"weight":0.1308,"played":[1.0,0.0],"evs":[0.0,-1.81638]},"K9o":{"weight":0.4328,"played":[1.0,0.0],"evs":[0.0,-1.22869]},"A9o":{"weight":0.0,"played":[0.0,1.0],"evs":[0.0,1.11936]},"T2s":{"weight":0.0,"played":[1.0,0.0],"evs":[0.0,-1.50897]},"T3s":{"weight":0.0,"played":[1.0,0.0],"evs":[0.0,-1.24724]},"T4s":{"weight":0.0,"played":[1.0,0.0],"evs":[0.0,-1.18456]},"T5s":{"weight":0.0,"played":[0.9998,2.0E-4],"evs":[0.0,-0.89446]},"T6s":{"weight":0.0,"played":[0.9956,0.0044],"evs":[0.0,-0.21821]},"T7s":{"weight":0.0,"played":[2.0E-4,0.9998],"evs":[0.0,0.25404]},"T8s":{"weight":0.0,"played":[0.0,1.0],"evs":[0.0,0.69243]},"T9s":{"weight":0.0,"played":[0.0,1.0],"evs":[0.0,1.11789]},"TT":{"weight":1.0,"played":[0.0,1.0],"evs":[0.0,12.00051]},"JTo":{"weight":0.0,"played":[0.9959,0.0041],"evs":[0.0,-0.35226]},"QTo":{"weight":0.0,"played":[0.9982,0.0018],"evs":[0.0,-0.82686]},"KTo":{"weight":0.2201,"played":[0.977,0.023],"evs":[0.0,-0.03998]},"ATo":{"weight":0.0,"played":[0.0,1.0],"evs":[0.0,3.55594]},"J2s":{"weight":0.0,"played":[1.0,0.0],"evs":[0.0,-1.57938]},"J3s":{"weight":0.0,"played":[1.0,0.0],"evs":[0.0,-1.43859]},"J4s":{"weight":0.0,"played":[1.0,0.0],"evs":[0.0,-1.27041]},"J5s":{"weight":0.0,"played":[0.9995,5.0E-4],"evs":[0.0,-0.95399]},"J6s":{"weight":0.0,"played":[0.9995,5.0E-4],"evs":[0.0,-0.76573]},"J7s":{"weight":0.0,"played":[0.9983,0.0017],"evs":[0.0,-0.46523]},"J8s":{"weight":0.0,"played":[0.0,1.0],"evs":[0.0,0.1025]},"J9s":{"weight":0.0,"played":[0.0,1.0],"evs":[0.0,0.47771]},"JTs":{"weight":2.0E-4,"played":[0.0,1.0],"evs":[0.0,1.35419]},"JJ":{"weight":1.0,"played":[0.0,1.0],"evs":[0.0,13.64539]},"QJo":{"weight":0.0,"played":[0.4161,0.5839],"evs":[0.0,-0.06714]},"KJo":{"weight":0.348,"played":[0.0043,0.9957],"evs":[0.0,0.18484]},"AJo":{"weight":0.0,"played":[0.0,1.0],"evs":[0.0,6.24431]},"Q2s":{"weight":0.0,"played":[1.0,0.0],"evs":[0.0,-1.53156]},"Q3s":{"weight":0.0,"played":[1.0,0.0],"evs":[0.0,-1.41742]},"Q4s":{"weight":0.0,"played":[0.9997,3.0E-4],"evs":[0.0,-1.19819]},"Q5s":{"weight":0.0,"played":[0.9982,0.0018],"evs":[0.0,-0.85792]},"Q6s":{"weight":0.0,"played":[0.9986,0.0014],"evs":[0.0,-0.60759]},"Q7s":{"weight":0.0,"played":[0.9995,5.0E-4],"evs":[0.0,-0.79073]},"Q8s":{"weight":0.0,"played":[0.9918,0.0082],"evs":[0.0,-0.46747]},"Q9s":{"weight":0.0,"played":[0.4496,0.5504],"evs":[0.0,-0.15459]},"QTs":{"weight":0.0,"played":[0.0,1.0],"evs":[0.0,0.93176]},"QJs":{"weight":1.0E-4,"played":[0.0,1.0],"evs":[0.0,1.46126]},"QQ":{"weight":1.0,"played":[0.0,1.0],"evs":[0.0,15.32102]},"KQo":{"weight":0.2414,"played":[0.0,1.0],"evs":[0.0,0.47962]},"AQo":{"weight":9.0E-4,"played":[0.0,1.0],"evs":[0.0,9.59947]},"K2s":{"weight":0.0,"played":[1.0,0.0],"evs":[0.0,-0.54063]},"K3s":{"weight":0.0,"played":[0.9999,1.0E-4],"evs":[0.0,-0.37809]},"K4s":{"weight":0.0,"played":[0.956,0.044],"evs":[0.0,-0.10249]},"K5s":{"weight":0.0,"played":[4.0E-4,0.9996],"evs":[0.0,0.18763]},"K6s":{"weight":0.0,"played":[1.0E-4,0.9999],"evs":[0.0,0.36246]},"K7s":{"weight":0.0,"played":[1.0E-4,0.9999],"evs":[0.0,0.32783]},"K8s":{"weight":0.0,"played":[4.0E-4,0.9996],"evs":[0.0,0.1447]},"K9s":{"weight":1.0E-4,"played":[0.0,1.0],"evs":[0.0,0.49552]},"KTs":{"weight":0.0055,"played":[0.0,1.0],"evs":[0.0,1.60905]},"KJs":{"weight":0.0018,"played":[0.0,1.0],"evs":[0.0,1.71256]},"KQs":{"weight":0.242,"played":[0.0,1.0],"evs":[0.0,2.13714]},"KK":{"weight":1.0,"played":[0.0,1.0],"evs":[0.0,17.56709]},"AKo":{"weight":0.1269,"played":[0.0,1.0],"evs":[0.0,13.8827]},"A2s":{"weight":0.0,"played":[0.9988,0.0012],"evs":[0.0,-0.12572]},"A3s":{"weight":0.0,"played":[0.9418,0.0582],"evs":[0.0,-0.05437]},"A4s":{"weight":0.0,"played":[0.002,0.998],"evs":[0.0,0.25041]},"A5s":{"weight":0.0,"played":[0.0,1.0],"evs":[0.0,0.73066]},"A6s":{"weight":0.0,"played":[0.0,1.0],"evs":[0.0,0.48602]},"A7s":{"weight":8.0E-4,"played":[0.0,1.0],"evs":[0.0,0.80324]},"A8s":{"weight":0.6742,"played":[0.0,1.0],"evs":[0.0,1.50473]},"A9s":{"weight":0.1341,"played":[0.0,1.0],"evs":[0.0,2.97639]},"ATs":{"weight":1.0,"played":[0.0,1.0],"evs":[0.0,5.14116]},"AJs":{"weight":1.0,"played":[0.0,1.0],"evs":[0.0,7.58086]},"AQs":{"weight":1.0,"played":[0.0,1.0],"evs":[0.0,10.59681]},"AKs":{"weight":1.0,"played":[0.0,1.0],"evs":[0.0,14.53232]},"AA":{"weight":1.0,"played":[0.0,1.0],"evs":[0.0,25.80922]}}}