{"player":0,"street":0,"children":2,"sequence":[{"player":0,"type":"R","amount":20000,"street":0},{"player":1,"type":"R","amount":250000,"street":0}],"actions":[{"type":"F","amount":0},{"type":"C","amount":230000}],"hands":{"22":{"weight":0.0,"played":[0.0,1.0],"evs":[0.0,1.19051]},"32o":{"weight":0.0,"played":[1.0,0.0],"evs":[0.0,-7.68218]},"42o":{"weight":0.0,"played":[1.0,0.0],"evs":[0.0,-7.20772]},"52o":{"weight":0.0,"played":[1.0,0.0],"evs":[0.0,-6.93858]},"62o":{"weight":0.0,"played":[1.0,0.0],"evs":[0.0,-7.0624]},"72o":{"weight":0.0,"played":[1.0,0.0],"evs":[0.0,-6.99629]},"82o":{"weight":0.0,"played":[1.0,0.0],"evs":[0.0,-6.40488]},"92o":{"weight":0.0,"played":[1.0,0.0],"evs":[0.0,-6.18674]},"T2o":{"weight":0.0,"played":[1.0,0.0],"evs":[0.0,-5.94644]},"J2o":{"weight":0.0,"played":[1.0,0.0],"evs":[0.0,-5.7415]},"Q2o":{"weight":0.0,"played":[1.0,0.0],"evs":[0.0,-5.5037]},"K2o":{"weight":0.0,"played":[1.0,0.0],"evs":[0.0,-4.64866]},"A2o":{"weight":0.0025,"played":[1.0,0.0],"evs":[0.0,-2.1767]},"32s":{"weight":0.9999,"played":[1.0,0.0],"evs":[0.0,-5.69075]},"33":{"weight":0.15,"played":[0.0,1.0],"evs":[0.0,2.8916]},"43o":{"weight":4.0E-4,"played":[1.0,0.0],"evs":[0.0,-6.15282]},"53o":{"weight":0.1021,"played":[1.0,0.0],"evs":[0.0,-5.8746]},"63o":{"weight":0.0,"played":[1.0,0.0],"evs":[0.0,-5.9818]},"73o":{"weight":0.0,"played":[1.0,0.0],"evs":[0.0,-5.93061]},"83o":{"weight":0.0,"played":[1.0,0.0],"evs":[0.0,-6.04135]},"93o":{"weight":0.0,"played":[1.0,0.0],"evs":[0.0,-5.68685]},"T3o":{"weight":0.0,"played":[1.0,0.0],"evs":[0.0,-5.45365]},"J3o":{"weight":0.0779,"played":[1.0,0.0],"evs":[0.0,-5.24304]},"Q3o":{"weight":0.0193,"played":[1.0,0.0],"evs":[0.0,-5.00881]},"K3o":{"weight":0.04,"played":[1.0,0.0],"evs":[0.0,-4.12079]},"A3o":{"weight":0.0842,"played":[1.0,0.0],"evs":[0.0,-1.57411]},"42s":{"weight":0.2756,"played":[1.0,0.0],"evs":[0.0,-5.21887]},"43s":{"weight":0.0055,"played":[1.0,0.0],"evs":[0.0,-4.27165]},"44":{"weight":0.3358,"played":[0.0,1.0],"evs":[0.0,4.49563]},"54o":{"weight":0.4881,"played":[1.0,0.0],"evs":[0.0,-4.86501]},"64o":{"weight":0.0803,"played":[1.0,0.0],"evs":[0.0,-4.99408]},"74o":{"weight":0.0,"played":[1.0,0.0],"evs":[0.0,-4.97337]},"84o":{"weight":0.0,"played":[1.0,0.0],"evs":[0.0,-5.04889]},"94o":{"weight":0.0,"played":[1.0,0.0],"evs":[0.0,-5.39902]},"T4o":{"weight":2.0E-4,"played":[1.0,0.0],"evs":[0.0,-5.0352]},"J4o":{"weight":0.13,"played":[1.0,0.0],"evs":[0.0,-4.81724]},"Q4o":{"weight":0.2247,"played":[1.0,0.0],"evs":[0.0,-4.56373]},"K4o":{"weight":0.4083,"played":[1.0,0.0],"evs":[0.0,-3.67237]},"A4o":{"weight":0.7181,"played":[1.0,0.0],"evs":[0.0,-1.04522]},"52s":{"weight":0.4438,"played":[1.0,0.0],"evs":[0.0,-4.99281]},"53s":{"weight":0.2496,"played":[1.0,0.0],"evs":[0.0,-3.97347]},"54s":{"weight":0.0,"played":[1.0,0.0],"evs":[0.0,-3.05674]},"55":{"weight":0.4815,"played":[0.0,1.0],"evs":[0.0,6.33879]},"65o":{"weight":0.467,"played":[1.0,0.0],"evs":[0.0,-4.25293]},"75o":{"weight":0.1691,"played":[1.0,0.0],"evs":[0.0,-4.2264]},"85o":{"weight":2.0E-4,"played":[1.0,0.0],"evs":[0.0,-4.32289]},"95o":{"weight":1.0E-4,"played":[1.0,0.0],"evs":[0.0,-4.66897]},"T5o":{"weight":0.2389,"played":[1.0,0.0],"evs":[0.0,-4.99303]},"J5o":{"weight":0.3286,"played":[1.0,0.0],"evs":[0.0,-4.64707]},"Q5o":{"weight":0.4797,"played":[1.0,0.0],"evs":[0.0,-4.11466]},"K5o":{"weight":0.4418,"played":[1.0,0.0],"evs":[0.0,-3.0538]},"A5o":{"weight":0.2233,"played":[0.8781,0.1219],"evs":[0.0,-0.01022]},"62s":{"weight":0.6573,"played":[1.0,0.0],"evs":[0.0,-5.08755]},"63s":{"weight":0.3154,"played":[1.0,0.0],"evs":[0.0,-4.09227]},"64s":{"weight":0.3522,"played":[1.0,0.0],"evs":[0.0,-3.13319]},"65s":{"weight":0.0017,"played":[1.0,0.0],"evs":[0.0,-2.46964]},"66":{"weight":0.3024,"played":[0.0,1.0],"evs":[0.0,8.29306]},"76o":{"weight":0.1495,"played":[1.0,0.0],"evs":[0.0,-2.95962]},"86o":{"weight":0.3039,"played":[1.0,0.0],"evs":[0.0,-3.06506]},"96o":{"weight":0.2459,"played":[1.0,0.0],"evs":[0.0,-3.42306]},"T6o":{"weight":0.3631,"played":[1.0,0.0],"evs":[0.0,-3.70343]},"J6o":{"weight":0.0806,"played":[1.0,0.0],"evs":[0.0,-4.08029]},"Q6o":{"weight":0.4499,"played":[1.0,0.0],"evs":[0.0,-3.25237]},"K6o":{"weight":0.363,"played":[1.0,0.0],"evs":[0.0,-2.30089]},"A6o":{"weight":0.1105,"played":[0.0,1.0],"evs":[0.0,0.49784]},"72s":{"weight":1.0E-4,"played":[1.0,0.0],"evs":[0.0,-5.00842]},"73s":{"weight":0.9998,"played":[1.0,0.0],"evs":[0.0,-4.03763]},"74s":{"weight":0.335,"played":[1.0,0.0],"evs":[0.0,-3.12783]},"75s":{"weight":0.3985,"played":[1.0,0.0],"evs":[0.0,-2.42318]},"76s":{"weight":0.4818,"played":[1.0,0.0],"evs":[0.0,-1.23917]},"77":{"weight":0.2184,"played":[0.0,1.0],"evs":[0.0,9.93597]},"87o":{"weight":0.3512,"played":[1.0,0.0],"evs":[0.0,-1.99288]},"97o":{"weight":0.5481,"played":[1.0,0.0],"evs":[0.0,-2.34346]},"T7o":{"weight":0.4781,"played":[1.0,0.0],"evs":[0.0,-2.61948]},"J7o":{"weight":0.4497,"played":[1.0,0.0],"evs":[0.0,-2.94399]},"Q7o":{"weight":0.3283,"played":[1.0,0.0],"evs":[0.0,-2.71864]},"K7o":{"weight":0.181,"played":[1.0,0.0],"evs":[0.0,-1.90591]},"A7o":{"weight":0.0852,"played":[0.0,1.0],"evs":[0.0,1.68274]},"82s":{"weight":0.2926,"played":[1.0,0.0],"evs":[0.0,-4.4078]},"83s":{"weight":0.6049,"played":[1.0,0.0],"evs":[0.0,-4.13582]},"84s":{"weight":0.9828,"played":[1.0,0.0],"evs":[0.0,-3.19189]},"85s":{"weight":0.2107,"played":[1.0,0.0],"evs":[0.0,-2.52199]},"86s":{"weight":0.1101,"played":[1.0,0.0],"evs":[0.0,-1.32768]},"87s":{"weight":0.0427,"played":[1.0,0.0],"evs":[0.0,-0.31127]},"88":{"weight":0.4027,"played":[0.0,1.0],"evs":[0.0,11.41922]},"98o":{"weight":0.204,"played":[1.0,0.0],"evs":[0.0,-1.5934]},"T8o":{"weight":0.3691,"played":[1.0,0.0],"evs":[0.0,-1.71564]},"J8o":{"weight":0.5399,"played":[1.0,0.0],"evs":[0.0,-1.98812]},"Q8o":{"weight":0.236,"played":[1.0,0.0],"evs":[0.0,-1.73811]},"K8o":{"weight":0.3408,"played":[1.0,0.0],"evs":[0.0,-1.62368]},"A8o":{"weight":0.0428,"played":[0.0,1.0],"evs":[0.0,3.13047]},"92s":{"weight":0.677,"played":[1.0,0.0],"evs":[0.0,-4.2208]},"93s":{"weight":0.9963,"played":[1.0,0.0],"evs":[0.0,-3.76364]},"94s":{"weight":0.9999,"played":[1.0,0.0],"evs":[0.0,-3.51724]},"95s":{"weight":0.0097,"played":[1.0,0.0],"evs":[0.0,-2.82412]},"96s":{"weight":0.0137,"played":[1.0,0.0],"evs":[0.0,-1.65095]},"97s":{"weight":9.0E-4,"played":[1.0,0.0],"evs":[0.0,-0.64071]},"98s":{"weight":0.6303,"played":[0.0928,0.9072],"evs":[0.0,0.04295]},"99":{"weight":0.2726,"played":[0.0,1.0],"evs":[0.0,12.22557]},"T9o":{"weight":0.2223,"played":[1.0,0.0],"evs":[0.0,-0.85686]},"J9o":{"weight":0.3169,"played":[1.0,0.0],"evs":[0.0,-1.24598]},"Q9o":{"weight":0.2119,"played":[1.0,0.0],"evs":[0.0,-1.02754]},"K9o":{"weight":0.3662,"played":[1.0,0.0],"evs":[0.0,-0.99]},"A9o":{"weight":5.0E-4,"played":[0.0,1.0],"evs":[0.0,4.45416]},"T2s":{"weight":0.4274,"played":[1.0,0.0],"evs":[0.0,-4.003]},"T3s":{"weight":0.2395,"played":[1.0,0.0],"evs":[0.0,-3.54829]},"T4s":{"weight":0.1449,"played":[1.0,0.0],"evs":[0.0,-3.18137]},"T5s":{"weight":0.1735,"played":[1.0,0.0],"evs":[0.0,-3.14365]},"T6s":{"weight":0.4503,"played":[1.0,0.0],"evs":[0.0,-1.93506]},"T7s":{"weight":0.0038,"played":[1.0,0.0],"evs":[0.0,-0.92958]},"T8s":{"weight":0.4241,"played":[0.9995,5.0E-4],"evs":[0.0,-0.09091]},"T9s":{"weight":0.5724,"played":[0.0,1.0],"evs":[0.0,0.73649]},"TT":{"weight":0.3837,"played":[0.0,1.0],"evs":[0.0,13.0721]},"JTo":{"weight":0.312,"played":[0.9999,1.0E-4],"evs":[0.0,-0.22677]},"QTo":{"weight":0.3358,"played":[1.0,0.0],"evs":[0.0,-0.03692]},"KTo":{"weight":0.2608,"played":[0.7103,0.2897],"evs":[0.0,2.5E-4]},"ATo":{"weight":4.0E-4,"played":[0.0,1.0],"evs":[0.0,6.42391]},"J2s":{"weight":0.0,"played":[1.0,0.0],"evs":[0.0,-3.84981]},"J3s":{"weight":0.0,"played":[1.0,0.0],"evs":[0.0,-3.37872]},"J4s":{"weight":0.1278,"played":[1.0,0.0],"evs":[0.0,-2.9695]},"J5s":{"weight":0.3023,"played":[1.0,0.0],"evs":[0.0,-2.82639]},"J6s":{"weight":0.4196,"played":[1.0,0.0],"evs":[0.0,-2.29518]},"J7s":{"weight":0.1003,"played":[1.0,0.0],"evs":[0.0,-1.21737]},"J8s":{"weight":0.0218,"played":[1.0,0.0],"evs":[0.0,-0.32261]},"J9s":{"weight":0.1881,"played":[0.0,1.0],"evs":[0.0,0.35397]},"JTs":{"weight":0.2516,"played":[0.0,1.0],"evs":[0.0,1.32188]},"JJ":{"weight":0.2824,"played":[0.0,1.0],"evs":[0.0,13.53334]},"QJo":{"weight":0.5342,"played":[0.9728,0.0272],"evs":[0.0,-0.01544]},"KJo":{"weight":0.4044,"played":[0.0476,0.9524],"evs":[0.0,0.01617]},"AJo":{"weight":0.0809,"played":[0.0,1.0],"evs":[0.0,7.663]},"Q2s":{"weight":0.0,"played":[1.0,0.0],"evs":[0.0,-3.57336]},"Q3s":{"weight":0.0,"played":[1.0,0.0],"evs":[0.0,-3.12315]},"Q4s":{"weight":0.0017,"played":[1.0,0.0],"evs":[0.0,-2.69862]},"Q5s":{"weight":0.6369,"played":[1.0,0.0],"evs":[0.0,-2.31682]},"Q6s":{"weight":0.2416,"played":[1.0,0.0],"evs":[0.0,-1.49772]},"Q7s":{"weight":0.0065,"played":[1.0,0.0],"evs":[0.0,-1.02014]},"Q8s":{"weight":0.4993,"played":[0.9955,0.0045],"evs":[0.0,-0.03188]},"Q9s":{"weight":0.2021,"played":[0.0,1.0],"evs":[0.0,0.54588]},"QTs":{"weight":0.2391,"played":[0.0,1.0],"evs":[0.0,1.49019]},"QJs":{"weight":7.0E-4,"played":[0.0,1.0],"evs":[0.0,1.55582]},"QQ":{"weight":0.6054,"played":[0.0,1.0],"evs":[0.0,14.61719]},"KQo":{"weight":0.4311,"played":[0.0,1.0],"evs":[0.0,0.49651]},"AQo":{"weight":0.1397,"played":[0.0,1.0],"evs":[0.0,9.48992]},"K2s":{"weight":0.0,"played":[1.0,0.0],"evs":[0.0,-2.78051]},"K3s":{"weight":0.0,"played":[1.0,0.0],"evs":[0.0,-2.29317]},"K4s":{"weight":0.0,"played":[1.0,0.0],"evs":[0.0,-1.85755]},"K5s":{"weight":0.2187,"played":[1.0,0.0],"evs":[0.0,-1.31818]},"K6s":{"weight":0.6147,"played":[1.0,0.0],"evs":[0.0,-0.63161]},"K7s":{"weight":0.9737,"played":[1.0,0.0],"evs":[0.0,-0.26259]},"K8s":{"weight":0.1383,"played":[0.3,0.7],"evs":[0.0,0.0361]},"K9s":{"weight":0.0627,"played":[0.0,1.0],"evs":[0.0,0.65398]},"KTs":{"weight":0.7358,"played":[0.0,1.0],"evs":[0.0,1.57099]},"KJs":{"weight":0.0929,"played":[0.0,1.0],"evs":[0.0,1.57146]},"KQs":{"weight":0.0507,"played":[0.0,1.0],"evs":[0.0,1.94587]},"KK":{"weight":1.0,"played":[0.0,1.0],"evs":[0.0,15.58403]},"AKo":{"weight":0.4138,"played":[0.0,1.0],"evs":[0.0,10.61172]},"A2s":{"weight":0.1508,"played":[1.0,0.0],"evs":[0.0,-0.50004]},"A3s":{"weight":0.6968,"played":[5.0E-4,0.9995],"evs":[0.0,0.01565]},"A4s":{"weight":0.0089,"played":[0.0,1.0],"evs":[0.0,0.51586]},"A5s":{"weight":0.205,"played":[0.0,1.0],"evs":[0.0,1.48915]},"A6s":{"weight":0.0475,"played":[0.0,1.0],"evs":[0.0,2.00583]},"A7s":{"weight":8.0E-4,"played":[0.0,1.0],"evs":[0.0,3.01987]},"A8s":{"weight":0.4942,"played":[0.0,1.0],"evs":[0.0,4.43875]},"A9s":{"weight":0.9739,"played":[0.0,1.0],"evs":[0.0,5.6483]},"ATs":{"weight":0.8108,"played":[0.0,1.0],"evs":[0.0,7.49313]},"AJs":{"weight":0.9938,"played":[0.0,1.0],"evs":[0.0,8.69761]},"AQs":{"weight":1.0,"played":[0.0,1.0],"evs":[0.0,10.40436]},"AKs":{"weight":1.0,"played":[0.0,1.0],"evs":[0.0,11.47597]},"AA":{"weight":1.0,"played":[0.0,1.0],"evs":[0.0,21.75983]}}}