{"player":0,"street":0,"children":2,"sequence":[{"player":0,"type":"R","amount":23000,"street":0},{"player":1,"type":"R","amount":250000,"street":0}],"actions":[{"type":"F","amount":0},{"type":"C","amount":227000}],"hands":{"22":{"weight":0.0,"played":[0.0,1.0],"evs":[0.0,1.48397]},"32o":{"weight":0.0,"played":[1.0,0.0],"evs":[0.0,-7.44108]},"42o":{"weight":0.0,"played":[1.0,0.0],"evs":[0.0,-6.97026]},"52o":{"weight":0.0,"played":[1.0,0.0],"evs":[0.0,-6.53767]},"62o":{"weight":0.0,"played":[1.0,0.0],"evs":[0.0,-6.85693]},"72o":{"weight":0.0,"played":[1.0,0.0],"evs":[0.0,-6.85012]},"82o":{"weight":0.0,"played":[1.0,0.0],"evs":[0.0,-6.25205]},"92o":{"weight":0.0,"played":[1.0,0.0],"evs":[0.0,-6.00388]},"T2o":{"weight":0.0,"played":[1.0,0.0],"evs":[0.0,-5.77827]},"J2o":{"weight":0.0,"played":[1.0,0.0],"evs":[0.0,-5.47809]},"Q2o":{"weight":0.0,"played":[1.0,0.0],"evs":[0.0,-5.26735]},"K2o":{"weight":0.0,"played":[1.0,0.0],"evs":[0.0,-4.60644]},"A2o":{"weight":5.0E-4,"played":[1.0,0.0],"evs":[0.0,-1.90784]},"32s":{"weight":1.0,"played":[1.0,0.0],"evs":[0.0,-5.46522]},"33":{"weight":0.3539,"played":[0.0,1.0],"evs":[0.0,3.09868]},"43o":{"weight":1.0E-4,"played":[1.0,0.0],"evs":[0.0,-5.94738]},"53o":{"weight":0.0092,"played":[1.0,0.0],"evs":[0.0,-5.5028]},"63o":{"weight":0.0,"played":[1.0,0.0],"evs":[0.0,-5.81835]},"73o":{"weight":0.0,"played":[1.0,0.0],"evs":[0.0,-5.82126]},"83o":{"weight":0.0,"played":[1.0,0.0],"evs":[0.0,-5.92565]},"93o":{"weight":0.0,"played":[1.0,0.0],"evs":[0.0,-5.56039]},"T3o":{"weight":0.0047,"played":[1.0,0.0],"evs":[0.0,-5.32273]},"J3o":{"weight":2.0E-4,"played":[1.0,0.0],"evs":[0.0,-5.02278]},"Q3o":{"weight":1.0E-4,"played":[1.0,0.0],"evs":[0.0,-4.81593]},"K3o":{"weight":0.0571,"played":[1.0,0.0],"evs":[0.0,-4.12502]},"A3o":{"weight":0.2042,"played":[1.0,0.0],"evs":[0.0,-1.35893]},"42s":{"weight":0.7384,"played":[1.0,0.0],"evs":[0.0,-5.04467]},"43s":{"weight":0.1625,"played":[1.0,0.0],"evs":[0.0,-4.06684]},"44":{"weight":0.4295,"played":[0.0,1.0],"evs":[0.0,4.71341]},"54o":{"weight":0.3356,"played":[1.0,0.0],"evs":[0.0,-4.54228]},"64o":{"weight":0.0764,"played":[1.0,0.0],"evs":[0.0,-4.86775]},"74o":{"weight":0.0,"played":[1.0,0.0],"evs":[0.0,-4.86514]},"84o":{"weight":0.0,"played":[1.0,0.0],"evs":[0.0,-4.95678]},"94o":{"weight":0.0,"played":[1.0,0.0],"evs":[0.0,-5.28335]},"T4o":{"weight":0.0559,"played":[1.0,0.0],"evs":[0.0,-4.9152]},"J4o":{"weight":0.0661,"played":[1.0,0.0],"evs":[0.0,-4.6118]},"Q4o":{"weight":0.1681,"played":[1.0,0.0],"evs":[0.0,-4.39576]},"K4o":{"weight":0.0648,"played":[1.0,0.0],"evs":[0.0,-3.63168]},"A4o":{"weight":0.8236,"played":[1.0,0.0],"evs":[0.0,-0.75752]},"52s":{"weight":0.6164,"played":[1.0,0.0],"evs":[0.0,-4.61582]},"53s":{"weight":0.0156,"played":[1.0,0.0],"evs":[0.0,-3.64593]},"54s":{"weight":0.0,"played":[1.0,0.0],"evs":[0.0,-2.7535]},"55":{"weight":0.4219,"played":[0.0,1.0],"evs":[0.0,6.41321]},"65o":{"weight":0.3987,"played":[1.0,0.0],"evs":[0.0,-3.91742]},"75o":{"weight":0.1148,"played":[1.0,0.0],"evs":[0.0,-3.91248]},"85o":{"weight":0.075,"played":[1.0,0.0],"evs":[0.0,-3.99474]},"95o":{"weight":0.0072,"played":[1.0,0.0],"evs":[0.0,-4.34198]},"T5o":{"weight":0.1648,"played":[1.0,0.0],"evs":[0.0,-4.66371]},"J5o":{"weight":0.4526,"played":[1.0,0.0],"evs":[0.0,-4.19919]},"Q5o":{"weight":0.65,"played":[1.0,0.0],"evs":[0.0,-3.85423]},"K5o":{"weight":0.6057,"played":[1.0,0.0],"evs":[0.0,-3.04531]},"A5o":{"weight":0.0833,"played":[0.0,1.0],"evs":[0.0,0.10419]},"62s":{"weight":1.0,"played":[1.0,0.0],"evs":[0.0,-4.89731]},"63s":{"weight":0.7611,"played":[1.0,0.0],"evs":[0.0,-3.93201]},"64s":{"weight":0.1122,"played":[1.0,0.0],"evs":[0.0,-3.0372]},"65s":{"weight":0.0,"played":[1.0,0.0],"evs":[0.0,-2.1569]},"66":{"weight":0.3106,"played":[0.0,1.0],"evs":[0.0,8.08865]},"76o":{"weight":0.2116,"played":[1.0,0.0],"evs":[0.0,-2.90319]},"86o":{"weight":0.2525,"played":[1.0,0.0],"evs":[0.0,-3.00043]},"96o":{"weight":0.3298,"played":[1.0,0.0],"evs":[0.0,-3.34032]},"T6o":{"weight":0.366,"played":[1.0,0.0],"evs":[0.0,-3.65271]},"J6o":{"weight":0.2919,"played":[1.0,0.0],"evs":[0.0,-3.90174]},"Q6o":{"weight":0.5786,"played":[1.0,0.0],"evs":[0.0,-3.20646]},"K6o":{"weight":0.4002,"played":[1.0,0.0],"evs":[0.0,-2.37411]},"A6o":{"weight":0.1359,"played":[0.0,1.0],"evs":[0.0,0.613]},"72s":{"weight":0.0018,"played":[1.0,0.0],"evs":[0.0,-4.88524]},"73s":{"weight":0.9999,"played":[1.0,0.0],"evs":[0.0,-3.93015]},"74s":{"weight":0.5788,"played":[1.0,0.0],"evs":[0.0,-3.01866]},"75s":{"weight":0.2607,"played":[1.0,0.0],"evs":[0.0,-2.15389]},"76s":{"weight":2.0E-4,"played":[1.0,0.0],"evs":[0.0,-1.19583]},"77":{"weight":0.1398,"played":[0.0,1.0],"evs":[0.0,9.68757]},"87o":{"weight":0.3641,"played":[1.0,0.0],"evs":[0.0,-1.98484]},"97o":{"weight":0.4593,"played":[1.0,0.0],"evs":[0.0,-2.30248]},"T7o":{"weight":0.4368,"played":[1.0,0.0],"evs":[0.0,-2.60944]},"J7o":{"weight":0.5785,"played":[1.0,0.0],"evs":[0.0,-2.7936]},"Q7o":{"weight":0.3673,"played":[1.0,0.0],"evs":[0.0,-2.7495]},"K7o":{"weight":0.685,"played":[1.0,0.0],"evs":[0.0,-1.98071]},"A7o":{"weight":0.1283,"played":[0.0,1.0],"evs":[0.0,1.78726]},"82s":{"weight":0.3027,"played":[1.0,0.0],"evs":[0.0,-4.30048]},"83s":{"weight":0.9703,"played":[1.0,0.0],"evs":[0.0,-4.01013]},"84s":{"weight":1.0,"played":[1.0,0.0],"evs":[0.0,-3.11287]},"85s":{"weight":0.0772,"played":[1.0,0.0],"evs":[0.0,-2.20124]},"86s":{"weight":1.0E-4,"played":[1.0,0.0],"evs":[0.0,-1.27306]},"87s":{"weight":0.0,"played":[1.0,0.0],"evs":[0.0,-0.31775]},"88":{"weight":0.3767,"played":[0.0,1.0],"evs":[0.0,11.28178]},"98o":{"weight":0.0688,"played":[1.0,0.0],"evs":[0.0,-1.54837]},"T8o":{"weight":0.4484,"played":[1.0,0.0],"evs":[0.0,-1.74933]},"J8o":{"weight":0.4537,"played":[1.0,0.0],"evs":[0.0,-1.84651]},"Q8o":{"weight":0.3979,"played":[1.0,0.0],"evs":[0.0,-1.82147]},"K8o":{"weight":0.459,"played":[1.0,0.0],"evs":[0.0,-1.72173]},"A8o":{"weight":0.0584,"played":[0.0,1.0],"evs":[0.0,3.314]},"92s":{"weight":0.8701,"played":[1.0,0.0],"evs":[0.0,-4.07604]},"93s":{"weight":0.9999,"played":[1.0,0.0],"evs":[0.0,-3.65297]},"94s":{"weight":0.9998,"played":[1.0,0.0],"evs":[0.0,-3.42316]},"95s":{"weight":0.0188,"played":[1.0,0.0],"evs":[0.0,-2.55421]},"96s":{"weight":0.0,"played":[1.0,0.0],"evs":[0.0,-1.60389]},"97s":{"weight":0.0,"played":[1.0,0.0],"evs":[0.0,-0.58242]},"98s":{"weight":0.9496,"played":[0.0,1.0],"evs":[0.0,0.09657]},"99":{"weight":0.2893,"played":[0.0,1.0],"evs":[0.0,12.2283]},"T9o":{"weight":0.1369,"played":[1.0,0.0],"evs":[0.0,-0.80636]},"J9o":{"weight":0.3217,"played":[1.0,0.0],"evs":[0.0,-0.99501]},"Q9o":{"weight":0.321,"played":[1.0,0.0],"evs":[0.0,-1.02427]},"K9o":{"weight":0.3056,"played":[1.0,0.0],"evs":[0.0,-0.93761]},"A9o":{"weight":0.0696,"played":[0.0,1.0],"evs":[0.0,4.73947]},"T2s":{"weight":0.0515,"played":[1.0,0.0],"evs":[0.0,-3.8529]},"T3s":{"weight":0.2998,"played":[1.0,0.0],"evs":[0.0,-3.44505]},"T4s":{"weight":0.1648,"played":[1.0,0.0],"evs":[0.0,-3.08322]},"T5s":{"weight":0.2766,"played":[1.0,0.0],"evs":[0.0,-2.83413]},"T6s":{"weight":0.3712,"played":[1.0,0.0],"evs":[0.0,-1.91279]},"T7s":{"weight":0.0,"played":[1.0,0.0],"evs":[0.0,-0.88688]},"T8s":{"weight":0.0576,"played":[0.9984,0.0016],"evs":[0.0,-0.11147]},"T9s":{"weight":0.6321,"played":[0.0,1.0],"evs":[0.0,0.7882]},"TT":{"weight":0.2217,"played":[0.0,1.0],"evs":[0.0,13.17063]},"JTo":{"weight":0.1942,"played":[0.9929,0.0071],"evs":[0.0,-0.02878]},"QTo":{"weight":0.3071,"played":[1.0,0.0],"evs":[0.0,-0.05455]},"KTo":{"weight":0.2555,"played":[0.5518,0.4482],"evs":[0.0,-0.00235]},"ATo":{"weight":5.0E-4,"played":[0.0,1.0],"evs":[0.0,6.72372]},"J2s":{"weight":0.0,"played":[1.0,0.0],"evs":[0.0,-3.55467]},"J3s":{"weight":0.0,"played":[1.0,0.0],"evs":[0.0,-3.15874]},"J4s":{"weight":0.0,"played":[1.0,0.0],"evs":[0.0,-2.77295]},"J5s":{"weight":0.1555,"played":[1.0,0.0],"evs":[0.0,-2.4201]},"J6s":{"weight":0.3523,"played":[1.0,0.0],"evs":[0.0,-2.11135]},"J7s":{"weight":0.0,"played":[1.0,0.0],"evs":[0.0,-1.0783]},"J8s":{"weight":0.0,"played":[1.0,0.0],"evs":[0.0,-0.22421]},"J9s":{"weight":0.1099,"played":[0.0,1.0],"evs":[0.0,0.62014]},"JTs":{"weight":0.642,"played":[0.0,1.0],"evs":[0.0,1.50778]},"JJ":{"weight":0.2922,"played":[0.0,1.0],"evs":[0.0,13.67907]},"QJo":{"weight":0.5337,"played":[0.7698,0.2302],"evs":[0.0,-0.00816]},"KJo":{"weight":0.4583,"played":[0.0,1.0],"evs":[0.0,0.09573]},"AJo":{"weight":0.16,"played":[0.0,1.0],"evs":[0.0,7.95843]},"Q2s":{"weight":0.0,"played":[1.0,0.0],"evs":[0.0,-3.36919]},"Q3s":{"weight":0.0,"played":[1.0,0.0],"evs":[0.0,-2.97726]},"Q4s":{"weight":0.0,"played":[1.0,0.0],"evs":[0.0,-2.59323]},"Q5s":{"weight":0.3229,"played":[1.0,0.0],"evs":[0.0,-2.0558]},"Q6s":{"weight":0.0143,"played":[1.0,0.0],"evs":[0.0,-1.48648]},"Q7s":{"weight":0.0042,"played":[1.0,0.0],"evs":[0.0,-1.05076]},"Q8s":{"weight":0.1513,"played":[0.9999,1.0E-4],"evs":[0.0,-0.16638]},"Q9s":{"weight":0.0421,"played":[0.0,1.0],"evs":[0.0,0.60546]},"QTs":{"weight":0.1992,"played":[0.0,1.0],"evs":[0.0,1.46671]},"QJs":{"weight":4.0E-4,"played":[0.0,1.0],"evs":[0.0,1.53254]},"QQ":{"weight":0.5493,"played":[0.0,1.0],"evs":[0.0,14.67832]},"KQo":{"weight":0.5621,"played":[0.0,1.0],"evs":[0.0,0.61512]},"AQo":{"weight":0.3492,"played":[0.0,1.0],"evs":[0.0,9.64429]},"K2s":{"weight":0.0,"played":[1.0,0.0],"evs":[0.0,-2.73897]},"K3s":{"weight":0.0,"played":[1.0,0.0],"evs":[0.0,-2.31716]},"K4s":{"weight":0.0,"played":[1.0,0.0],"evs":[0.0,-1.85794]},"K5s":{"weight":0.184,"played":[1.0,0.0],"evs":[0.0,-1.33331]},"K6s":{"weight":0.3355,"played":[1.0,0.0],"evs":[0.0,-0.69577]},"K7s":{"weight":0.0918,"played":[0.9999,1.0E-4],"evs":[0.0,-0.32605]},"K8s":{"weight":1.0E-4,"played":[0.9964,0.0036],"evs":[0.0,-0.0403]},"K9s":{"weight":0.4232,"played":[0.0,1.0],"evs":[0.0,0.67881]},"KTs":{"weight":0.6639,"played":[0.0,1.0],"evs":[0.0,1.51881]},"KJs":{"weight":0.0088,"played":[0.0,1.0],"evs":[0.0,1.61325]},"KQs":{"weight":0.0088,"played":[0.0,1.0],"evs":[0.0,2.10844]},"KK":{"weight":0.999,"played":[0.0,1.0],"evs":[0.0,15.66921]},"AKo":{"weight":0.6332,"played":[0.0,1.0],"evs":[0.0,10.85422]},"A2s":{"weight":0.0,"played":[1.0,0.0],"evs":[0.0,-0.26485]},"A3s":{"weight":4.0E-4,"played":[0.0,1.0],"evs":[0.0,0.26024]},"A4s":{"weight":0.0037,"played":[0.0,1.0],"evs":[0.0,0.77814]},"A5s":{"weight":0.5181,"played":[0.0,1.0],"evs":[0.0,1.58217]},"A6s":{"weight":0.1804,"played":[0.0,1.0],"evs":[0.0,2.10365]},"A7s":{"weight":0.0469,"played":[0.0,1.0],"evs":[0.0,3.19652]},"A8s":{"weight":0.9465,"played":[0.0,1.0],"evs":[0.0,4.59406]},"A9s":{"weight":0.9998,"played":[0.0,1.0],"evs":[0.0,5.94642]},"ATs":{"weight":0.9909,"played":[0.0,1.0],"evs":[0.0,7.80294]},"AJs":{"weight":0.9997,"played":[0.0,1.0],"evs":[0.0,9.00237]},"AQs":{"weight":0.9999,"played":[0.0,1.0],"evs":[0.0,10.57439]},"AKs":{"weight":1.0,"played":[0.0,1.0],"evs":[0.0,11.70675]},"AA":{"weight":0.9999,"played":[0.0,1.0],"evs":[0.0,21.88248]}}}