{"player":1,"street":0,"children":2,"sequence":[{"player":0,"type":"R","amount":250000,"street":0}],"actions":[{"type":"F","amount":0},{"type":"C","amount":240000}],"hands":{"22":{"weight":1.0,"played":[0.9992,8.0E-4],"evs":[0.0,-0.79983]},"32o":{"weight":1.0,"played":[1.0,0.0],"evs":[0.0,-8.15665]},"42o":{"weight":1.0,"played":[1.0,0.0],"evs":[0.0,-7.17518]},"52o":{"weight":1.0,"played":[1.0,0.0],"evs":[0.0,-7.88795]},"62o":{"weight":1.0,"played":[1.0,0.0],"evs":[0.0,-7.6804]},"72o":{"weight":1.0,"played":[1.0,0.0],"evs":[0.0,-7.49197]},"82o":{"weight":1.0,"played":[1.0,0.0],"evs":[0.0,-6.64807]},"92o":{"weight":1.0,"played":[1.0,0.0],"evs":[0.0,-6.71099]},"T2o":{"weight":1.0,"played":[1.0,0.0],"evs":[0.0,-6.63264]},"J2o":{"weight":1.0,"played":[1.0,0.0],"evs":[0.0,-6.7739]},"Q2o":{"weight":1.0,"played":[1.0,0.0],"evs":[0.0,-6.78818]},"K2o":{"weight":1.0,"played":[1.0,0.0],"evs":[0.0,-6.21383]},"A2o":{"weight":1.0,"played":[1.0,0.0],"evs":[0.0,-3.93405]},"32s":{"weight":1.0,"played":[1.0,0.0],"evs":[0.0,-6.1032]},"33":{"weight":1.0,"played":[0.0,1.0],"evs":[0.0,8.09387]},"43o":{"weight":1.0,"played":[1.0,0.0],"evs":[0.0,-4.10631]},"53o":{"weight":1.0,"played":[1.0,0.0],"evs":[0.0,-4.44214]},"63o":{"weight":1.0,"played":[1.0,0.0],"evs":[0.0,-4.42879]},"73o":{"weight":1.0,"played":[1.0,0.0],"evs":[0.0,-4.2723]},"83o":{"weight":1.0,"played":[1.0,0.0],"evs":[0.0,-4.40136]},"93o":{"weight":1.0,"played":[1.0,0.0],"evs":[0.0,-4.20699]},"T3o":{"weight":1.0,"played":[1.0,0.0],"evs":[0.0,-4.10066]},"J3o":{"weight":1.0,"played":[1.0,0.0],"evs":[0.0,-4.20161]},"Q3o":{"weight":1.0,"played":[1.0,0.0],"evs":[0.0,-4.26252]},"K3o":{"weight":1.0,"played":[1.0,0.0],"evs":[0.0,-3.74011]},"A3o":{"weight":1.0,"played":[1.0,0.0],"evs":[0.0,-1.30906]},"42s":{"weight":1.0,"played":[1.0,0.0],"evs":[0.0,-5.31636]},"43s":{"weight":1.0,"played":[1.0,0.0],"evs":[0.0,-2.35128]},"44":{"weight":1.0,"played":[0.0,1.0],"evs":[0.0,10.04966]},"54o":{"weight":1.0,"played":[1.0,0.0],"evs":[0.0,-2.99163]},"64o":{"weight":1.0,"played":[1.0,0.0],"evs":[0.0,-2.97697]},"74o":{"weight":1.0,"played":[1.0,0.0],"evs":[0.0,-2.8626]},"84o":{"weight":1.0,"played":[1.0,0.0],"evs":[0.0,-2.92858]},"94o":{"weight":1.0,"played":[1.0,0.0],"evs":[0.0,-3.45982]},"T4o":{"weight":1.0,"played":[1.0,0.0],"evs":[0.0,-3.20998]},"J4o":{"weight":1.0,"played":[1.0,0.0],"evs":[0.0,-3.33572]},"Q4o":{"weight":1.0,"played":[1.0,0.0],"evs":[0.0,-3.4073]},"K4o":{"weight":1.0,"played":[1.0,0.0],"evs":[0.0,-2.95311]},"A4o":{"weight":1.0,"played":[0.9999,1.0E-4],"evs":[0.0,-0.57872]},"52s":{"weight":1.0,"played":[1.0,0.0],"evs":[0.0,-5.96525]},"53s":{"weight":1.0,"played":[1.0,0.0],"evs":[0.0,-2.82187]},"54s":{"weight":1.0,"played":[1.0,0.0],"evs":[0.0,-1.29969]},"55":{"weight":1.0,"played":[0.0,1.0],"evs":[0.0,11.96348]},"65o":{"weight":1.0,"played":[1.0,0.0],"evs":[0.0,-3.01765]},"75o":{"weight":1.0,"played":[1.0,0.0],"evs":[0.0,-2.91763]},"85o":{"weight":1.0,"played":[1.0,0.0],"evs":[0.0,-2.99349]},"95o":{"weight":1.0,"played":[1.0,0.0],"evs":[0.0,-3.63159]},"T5o":{"weight":1.0,"played":[1.0,0.0],"evs":[0.0,-4.08244]},"J5o":{"weight":1.0,"played":[1.0,0.0],"evs":[0.0,-3.99457]},"Q5o":{"weight":1.0,"played":[1.0,0.0],"evs":[0.0,-4.05087]},"K5o":{"weight":1.0,"played":[1.0,0.0],"evs":[0.0,-3.53762]},"A5o":{"weight":1.0,"played":[0.1284,0.8716],"evs":[0.0,0.00735]},"62s":{"weight":1.0,"played":[1.0,0.0],"evs":[0.0,-5.74382]},"63s":{"weight":1.0,"played":[1.0,0.0],"evs":[0.0,-2.62495]},"64s":{"weight":1.0,"played":[1.0,0.0],"evs":[0.0,-1.43214]},"65s":{"weight":1.0,"played":[1.0,0.0],"evs":[0.0,-1.4262]},"66":{"weight":1.0,"played":[0.0,1.0],"evs":[0.0,13.10475]},"76o":{"weight":1.0,"played":[1.0,0.0],"evs":[0.0,-1.61973]},"86o":{"weight":1.0,"played":[1.0,0.0],"evs":[0.0,-1.78262]},"96o":{"weight":1.0,"played":[1.0,0.0],"evs":[0.0,-2.26894]},"T6o":{"weight":1.0,"played":[1.0,0.0],"evs":[0.0,-2.65256]},"J6o":{"weight":1.0,"played":[1.0,0.0],"evs":[0.0,-3.35914]},"Q6o":{"weight":1.0,"played":[1.0,0.0],"evs":[0.0,-3.23517]},"K6o":{"weight":1.0,"played":[1.0,0.0],"evs":[0.0,-2.70635]},"A6o":{"weight":1.0,"played":[0.0,1.0],"evs":[0.0,1.06186]},"72s":{"weight":1.0,"played":[1.0,0.0],"evs":[0.0,-5.52092]},"73s":{"weight":1.0,"played":[1.0,0.0],"evs":[0.0,-2.54362]},"74s":{"weight":1.0,"played":[1.0,0.0],"evs":[0.0,-1.18043]},"75s":{"weight":1.0,"played":[1.0,0.0],"evs":[0.0,-1.31759]},"76s":{"weight":1.0,"played":[0.9489,0.0511],"evs":[0.0,-0.04029]},"77":{"weight":1.0,"played":[0.0,1.0],"evs":[0.0,13.93164]},"87o":{"weight":1.0,"played":[1.0,0.0],"evs":[0.0,-0.70424]},"97o":{"weight":1.0,"played":[1.0,0.0],"evs":[0.0,-1.12888]},"T7o":{"weight":1.0,"played":[1.0,0.0],"evs":[0.0,-1.4884]},"J7o":{"weight":1.0,"played":[1.0,0.0],"evs":[0.0,-2.14629]},"Q7o":{"weight":1.0,"played":[1.0,0.0],"evs":[0.0,-2.71925]},"K7o":{"weight":1.0,"played":[1.0,0.0],"evs":[0.0,-2.08091]},"A7o":{"weight":1.0,"played":[0.0,1.0],"evs":[0.0,3.05597]},"82s":{"weight":1.0,"played":[1.0,0.0],"evs":[0.0,-4.77608]},"83s":{"weight":1.0,"played":[1.0,0.0],"evs":[0.0,-2.61679]},"84s":{"weight":1.0,"played":[1.0,0.0],"evs":[0.0,-1.41772]},"85s":{"weight":1.0,"played":[1.0,0.0],"evs":[0.0,-1.42245]},"86s":{"weight":1.0,"played":[1.0,0.0],"evs":[0.0,-0.30704]},"87s":{"weight":1.0,"played":[0.0,1.0],"evs":[0.0,0.75885]},"88":{"weight":1.0,"played":[0.0,1.0],"evs":[0.0,13.93617]},"98o":{"weight":1.0,"played":[0.9998,2.0E-4],"evs":[0.0,-0.20292]},"T8o":{"weight":1.0,"played":[1.0,0.0],"evs":[0.0,-0.53788]},"J8o":{"weight":1.0,"played":[1.0,0.0],"evs":[0.0,-1.13695]},"Q8o":{"weight":1.0,"played":[1.0,0.0],"evs":[0.0,-1.68155]},"K8o":{"weight":1.0,"played":[1.0,0.0],"evs":[0.0,-1.58522]},"A8o":{"weight":1.0,"played":[0.0,1.0],"evs":[0.0,4.27105]},"92s":{"weight":1.0,"played":[1.0,0.0],"evs":[0.0,-4.81444]},"93s":{"weight":1.0,"played":[1.0,0.0],"evs":[0.0,-2.42594]},"94s":{"weight":1.0,"played":[1.0,0.0],"evs":[0.0,-1.73994]},"95s":{"weight":1.0,"played":[1.0,0.0],"evs":[0.0,-1.9346]},"96s":{"weight":1.0,"played":[1.0,0.0],"evs":[0.0,-0.824]},"97s":{"weight":1.0,"played":[0.0,1.0],"evs":[0.0,0.29556]},"98s":{"weight":1.0,"played":[0.0,1.0],"evs":[0.0,1.26554]},"99":{"weight":1.0,"played":[0.0,1.0],"evs":[0.0,13.97763]},"T9o":{"weight":1.0,"played":[0.8634,0.1366],"evs":[0.0,0.00492]},"J9o":{"weight":1.0,"played":[1.0,0.0],"evs":[0.0,-0.63258]},"Q9o":{"weight":1.0,"played":[1.0,0.0],"evs":[0.0,-1.15788]},"K9o":{"weight":1.0,"played":[1.0,0.0],"evs":[0.0,-1.15342]},"A9o":{"weight":1.0,"played":[0.0,1.0],"evs":[0.0,4.5908]},"T2s":{"weight":1.0,"played":[1.0,0.0],"evs":[0.0,-4.73437]},"T3s":{"weight":1.0,"played":[1.0,0.0],"evs":[0.0,-2.38633]},"T4s":{"weight":1.0,"played":[1.0,0.0],"evs":[0.0,-1.58787]},"T5s":{"weight":1.0,"played":[1.0,0.0],"evs":[0.0,-2.28348]},"T6s":{"weight":1.0,"played":[0.9999,1.0E-4],"evs":[0.0,-1.19097]},"T7s":{"weight":1.0,"played":[0.4499,0.5501],"evs":[0.0,0.00263]},"T8s":{"weight":1.0,"played":[0.0,1.0],"evs":[0.0,0.88719]},"T9s":{"weight":1.0,"played":[0.0,1.0],"evs":[0.0,1.39781]},"TT":{"weight":1.0,"played":[0.0,1.0],"evs":[0.0,14.44752]},"JTo":{"weight":1.0,"played":[0.0584,0.9416],"evs":[0.0,0.11575]},"QTo":{"weight":1.0,"played":[0.9993,7.0E-4],"evs":[0.0,-0.28342]},"KTo":{"weight":1.0,"played":[0.9917,0.0083],"evs":[0.0,-0.27159]},"ATo":{"weight":1.0,"played":[0.0,1.0],"evs":[0.0,5.72363]},"J2s":{"weight":1.0,"played":[1.0,0.0],"evs":[0.0,-4.91596]},"J3s":{"weight":1.0,"played":[1.0,0.0],"evs":[0.0,-2.5334]},"J4s":{"weight":1.0,"played":[1.0,0.0],"evs":[0.0,-1.69881]},"J5s":{"weight":1.0,"played":[1.0,0.0],"evs":[0.0,-2.40916]},"J6s":{"weight":1.0,"played":[1.0,0.0],"evs":[0.0,-1.67244]},"J7s":{"weight":1.0,"played":[1.0,0.0],"evs":[0.0,-0.60101]},"J8s":{"weight":1.0,"played":[1.0E-4,0.9999],"evs":[0.0,0.32832]},"J9s":{"weight":1.0,"played":[0.0,1.0],"evs":[0.0,0.91178]},"JTs":{"weight":1.0,"played":[0.0,1.0],"evs":[0.0,1.54701]},"JJ":{"weight":1.0,"played":[0.0,1.0],"evs":[0.0,14.78966]},"QJo":{"weight":1.0,"played":[0.4026,0.5974],"evs":[0.0,0.03907]},"KJo":{"weight":1.0,"played":[0.5364,0.4636],"evs":[0.0,-0.02783]},"AJo":{"weight":1.0,"played":[0.0,1.0],"evs":[0.0,6.07612]},"Q2s":{"weight":1.0,"played":[1.0,0.0],"evs":[0.0,-4.81879]},"Q3s":{"weight":1.0,"played":[1.0,0.0],"evs":[0.0,-2.51091]},"Q4s":{"weight":1.0,"played":[1.0,0.0],"evs":[0.0,-1.81446]},"Q5s":{"weight":1.0,"played":[1.0,0.0],"evs":[0.0,-2.34807]},"Q6s":{"weight":1.0,"played":[1.0,0.0],"evs":[0.0,-1.57965]},"Q7s":{"weight":1.0,"played":[1.0,0.0],"evs":[0.0,-1.05617]},"Q8s":{"weight":1.0,"played":[0.9979,0.0021],"evs":[0.0,-0.14825]},"Q9s":{"weight":1.0,"played":[0.0039,0.9961],"evs":[0.0,0.27402]},"QTs":{"weight":1.0,"played":[0.0,1.0],"evs":[0.0,1.06413]},"QJs":{"weight":1.0,"played":[0.0,1.0],"evs":[0.0,1.28922]},"QQ":{"weight":1.0,"played":[0.0,1.0],"evs":[0.0,15.13031]},"KQo":{"weight":1.0,"played":[0.3781,0.6219],"evs":[0.0,0.00586]},"AQo":{"weight":1.0,"played":[0.0,1.0],"evs":[0.0,6.11719]},"K2s":{"weight":1.0,"played":[1.0,0.0],"evs":[0.0,-4.19677]},"K3s":{"weight":1.0,"played":[1.0,0.0],"evs":[0.0,-2.03569]},"K4s":{"weight":1.0,"played":[1.0,0.0],"evs":[0.0,-1.30746]},"K5s":{"weight":1.0,"played":[1.0,0.0],"evs":[0.0,-1.939]},"K6s":{"weight":1.0,"played":[1.0,0.0],"evs":[0.0,-1.121]},"K7s":{"weight":1.0,"played":[0.9999,1.0E-4],"evs":[0.0,-0.45571]},"K8s":{"weight":1.0,"played":[0.9878,0.0122],"evs":[0.0,-0.08845]},"K9s":{"weight":1.0,"played":[0.0014,0.9986],"evs":[0.0,0.36432]},"KTs":{"weight":1.0,"played":[0.0,1.0],"evs":[0.0,1.2032]},"KJs":{"weight":1.0,"played":[0.0,1.0],"evs":[0.0,1.32313]},"KQs":{"weight":1.0,"played":[0.0,1.0],"evs":[0.0,1.37668]},"KK":{"weight":1.0,"played":[0.0,1.0],"evs":[0.0,15.23271]},"AKo":{"weight":1.0,"played":[0.0,1.0],"evs":[0.0,6.02983]},"A2s":{"weight":1.0,"played":[1.0,0.0],"evs":[0.0,-2.31601]},"A3s":{"weight":1.0,"played":[0.0,1.0],"evs":[0.0,0.21089]},"A4s":{"weight":1.0,"played":[0.0,1.0],"evs":[0.0,0.78807]},"A5s":{"weight":1.0,"played":[0.0,1.0],"evs":[0.0,1.26344]},"A6s":{"weight":1.0,"played":[0.0,1.0],"evs":[0.0,2.23629]},"A7s":{"weight":1.0,"played":[0.0,1.0],"evs":[0.0,4.22815]},"A8s":{"weight":1.0,"played":[0.0,1.0],"evs":[0.0,5.43284]},"A9s":{"weight":1.0,"played":[0.0,1.0],"evs":[0.0,5.70319]},"ATs":{"weight":1.0,"played":[0.0,1.0],"evs":[0.0,6.69011]},"AJs":{"weight":1.0,"played":[0.0,1.0],"evs":[0.0,7.07993]},"AQs":{"weight":1.0,"played":[0.0,1.0],"evs":[0.0,7.13437]},"AKs":{"weight":1.0,"played":[0.0,1.0],"evs":[0.0,7.03126]},"AA":{"weight":1.0,"played":[0.0,1.0],"evs":[0.0,19.67271]}}}