{"player":1,"street":0,"children":2,"sequence":[{"player":0,"type":"R","amount":250000,"street":0}],"actions":[{"type":"F","amount":0},{"type":"C","amount":240000}],"hands":{"22":{"weight":1.0,"played":[0.2587,0.7413],"evs":[0.0,0.02009]},"32o":{"weight":1.0,"played":[1.0,0.0],"evs":[0.0,-7.88596]},"42o":{"weight":1.0,"played":[1.0,0.0],"evs":[0.0,-7.31132]},"52o":{"weight":1.0,"played":[1.0,0.0],"evs":[0.0,-7.94558]},"62o":{"weight":1.0,"played":[1.0,0.0],"evs":[0.0,-7.4411]},"72o":{"weight":1.0,"played":[1.0,0.0],"evs":[0.0,-7.03629]},"82o":{"weight":1.0,"played":[1.0,0.0],"evs":[0.0,-6.70574]},"92o":{"weight":1.0,"played":[1.0,0.0],"evs":[0.0,-6.74283]},"T2o":{"weight":1.0,"played":[1.0,0.0],"evs":[0.0,-6.67328]},"J2o":{"weight":1.0,"played":[1.0,0.0],"evs":[0.0,-6.84797]},"Q2o":{"weight":1.0,"played":[1.0,0.0],"evs":[0.0,-6.82964]},"K2o":{"weight":1.0,"played":[1.0,0.0],"evs":[0.0,-6.21624]},"A2o":{"weight":1.0,"played":[1.0,0.0],"evs":[0.0,-3.34204]},"32s":{"weight":1.0,"played":[1.0,0.0],"evs":[0.0,-5.92996]},"33":{"weight":1.0,"played":[0.0,1.0],"evs":[0.0,8.86756]},"43o":{"weight":1.0,"played":[1.0,0.0],"evs":[0.0,-3.78526]},"53o":{"weight":1.0,"played":[1.0,0.0],"evs":[0.0,-4.15273]},"63o":{"weight":1.0,"played":[1.0,0.0],"evs":[0.0,-3.88493]},"73o":{"weight":1.0,"played":[1.0,0.0],"evs":[0.0,-3.59812]},"83o":{"weight":1.0,"played":[1.0,0.0],"evs":[0.0,-4.09281]},"93o":{"weight":1.0,"played":[1.0,0.0],"evs":[0.0,-3.89442]},"T3o":{"weight":1.0,"played":[1.0,0.0],"evs":[0.0,-3.84639]},"J3o":{"weight":1.0,"played":[1.0,0.0],"evs":[0.0,-3.9353]},"Q3o":{"weight":1.0,"played":[1.0,0.0],"evs":[0.0,-3.9624]},"K3o":{"weight":1.0,"played":[1.0,0.0],"evs":[0.0,-3.46838]},"A3o":{"weight":1.0,"played":[1.0,0.0],"evs":[0.0,-0.72377]},"42s":{"weight":1.0,"played":[1.0,0.0],"evs":[0.0,-5.32139]},"43s":{"weight":1.0,"played":[1.0,0.0],"evs":[0.0,-2.07425]},"44":{"weight":1.0,"played":[0.0,1.0],"evs":[0.0,10.4978]},"54o":{"weight":1.0,"played":[1.0,0.0],"evs":[0.0,-3.05248]},"64o":{"weight":1.0,"played":[1.0,0.0],"evs":[0.0,-2.77309]},"74o":{"weight":1.0,"played":[1.0,0.0],"evs":[0.0,-2.52907]},"84o":{"weight":1.0,"played":[1.0,0.0],"evs":[0.0,-3.01366]},"94o":{"weight":1.0,"played":[1.0,0.0],"evs":[0.0,-3.52329]},"T4o":{"weight":1.0,"played":[1.0,0.0],"evs":[0.0,-3.28093]},"J4o":{"weight":1.0,"played":[1.0,0.0],"evs":[0.0,-3.43112]},"Q4o":{"weight":1.0,"played":[1.0,0.0],"evs":[0.0,-3.46141]},"K4o":{"weight":1.0,"played":[1.0,0.0],"evs":[0.0,-2.95754]},"A4o":{"weight":1.0,"played":[0.9532,0.0468],"evs":[0.0,-0.14999]},"52s":{"weight":1.0,"played":[1.0,0.0],"evs":[0.0,-5.90382]},"53s":{"weight":1.0,"played":[1.0,0.0],"evs":[0.0,-2.44904]},"54s":{"weight":1.0,"played":[1.0,0.0],"evs":[0.0,-1.49773]},"55":{"weight":1.0,"played":[0.0,1.0],"evs":[0.0,12.69164]},"65o":{"weight":1.0,"played":[1.0,0.0],"evs":[0.0,-2.76021]},"75o":{"weight":1.0,"played":[1.0,0.0],"evs":[0.0,-2.49746]},"85o":{"weight":1.0,"played":[1.0,0.0],"evs":[0.0,-2.93245]},"95o":{"weight":1.0,"played":[1.0,0.0],"evs":[0.0,-3.50213]},"T5o":{"weight":1.0,"played":[1.0,0.0],"evs":[0.0,-4.06264]},"J5o":{"weight":1.0,"played":[1.0,0.0],"evs":[0.0,-3.98495]},"Q5o":{"weight":1.0,"played":[1.0,0.0],"evs":[0.0,-3.98663]},"K5o":{"weight":1.0,"played":[1.0,0.0],"evs":[0.0,-3.50333]},"A5o":{"weight":1.0,"played":[0.0,1.0],"evs":[0.0,0.6055]},"62s":{"weight":1.0,"played":[1.0,0.0],"evs":[0.0,-5.51369]},"63s":{"weight":1.0,"played":[1.0,0.0],"evs":[0.0,-2.1609]},"64s":{"weight":1.0,"played":[1.0,0.0],"evs":[0.0,-1.16681]},"65s":{"weight":1.0,"played":[1.0,0.0],"evs":[0.0,-1.18392]},"66":{"weight":1.0,"played":[0.0,1.0],"evs":[0.0,13.67651]},"76o":{"weight":1.0,"played":[1.0,0.0],"evs":[0.0,-1.04388]},"86o":{"weight":1.0,"played":[1.0,0.0],"evs":[0.0,-1.47289]},"96o":{"weight":1.0,"played":[1.0,0.0],"evs":[0.0,-1.94227]},"T6o":{"weight":1.0,"played":[1.0,0.0],"evs":[0.0,-2.39757]},"J6o":{"weight":1.0,"played":[1.0,0.0],"evs":[0.0,-3.00143]},"Q6o":{"weight":1.0,"played":[1.0,0.0],"evs":[0.0,-2.89195]},"K6o":{"weight":1.0,"played":[1.0,0.0],"evs":[0.0,-2.4406]},"A6o":{"weight":1.0,"played":[0.0,1.0],"evs":[0.0,1.71758]},"72s":{"weight":1.0,"played":[1.0,0.0],"evs":[0.0,-5.11576]},"73s":{"weight":1.0,"played":[1.0,0.0],"evs":[0.0,-1.96624]},"74s":{"weight":1.0,"played":[1.0,0.0],"evs":[0.0,-0.95593]},"75s":{"weight":1.0,"played":[1.0,0.0],"evs":[0.0,-0.91033]},"76s":{"weight":1.0,"played":[2.0E-4,0.9998],"evs":[0.0,0.40058]},"77":{"weight":1.0,"played":[0.0,1.0],"evs":[0.0,13.84015]},"87o":{"weight":1.0,"played":[1.0,0.0],"evs":[0.0,-0.25372]},"97o":{"weight":1.0,"played":[1.0,0.0],"evs":[0.0,-0.73697]},"T7o":{"weight":1.0,"played":[1.0,0.0],"evs":[0.0,-1.08796]},"J7o":{"weight":1.0,"played":[1.0,0.0],"evs":[0.0,-1.66151]},"Q7o":{"weight":1.0,"played":[1.0,0.0],"evs":[0.0,-2.23425]},"K7o":{"weight":1.0,"played":[1.0,0.0],"evs":[0.0,-1.57308]},"A7o":{"weight":1.0,"played":[0.0,1.0],"evs":[0.0,3.28993]},"82s":{"weight":1.0,"played":[1.0,0.0],"evs":[0.0,-4.75645]},"83s":{"weight":1.0,"played":[1.0,0.0],"evs":[0.0,-2.38875]},"84s":{"weight":1.0,"played":[1.0,0.0],"evs":[0.0,-1.41246]},"85s":{"weight":1.0,"played":[1.0,0.0],"evs":[0.0,-1.42092]},"86s":{"weight":1.0,"played":[0.4813,0.5187],"evs":[0.0,0.02007]},"87s":{"weight":1.0,"played":[0.0,1.0],"evs":[0.0,1.09824]},"88":{"weight":1.0,"played":[0.0,1.0],"evs":[0.0,13.85703]},"98o":{"weight":1.0,"played":[0.9995,5.0E-4],"evs":[0.0,-0.13795]},"T8o":{"weight":1.0,"played":[1.0,0.0],"evs":[0.0,-0.53773]},"J8o":{"weight":1.0,"played":[1.0,0.0],"evs":[0.0,-1.13708]},"Q8o":{"weight":1.0,"played":[1.0,0.0],"evs":[0.0,-1.63384]},"K8o":{"weight":1.0,"played":[1.0,0.0],"evs":[0.0,-1.60717]},"A8o":{"weight":1.0,"played":[0.0,1.0],"evs":[0.0,3.91975]},"92s":{"weight":1.0,"played":[1.0,0.0],"evs":[0.0,-4.75117]},"93s":{"weight":1.0,"played":[1.0,0.0],"evs":[0.0,-2.28947]},"94s":{"weight":1.0,"played":[1.0,0.0],"evs":[0.0,-1.89027]},"95s":{"weight":1.0,"played":[1.0,0.0],"evs":[0.0,-1.88686]},"96s":{"weight":1.0,"played":[1.0,0.0],"evs":[0.0,-0.49381]},"97s":{"weight":1.0,"played":[1.0E-4,0.9999],"evs":[0.0,0.67794]},"98s":{"weight":1.0,"played":[0.0,1.0],"evs":[0.0,1.19807]},"99":{"weight":1.0,"played":[0.0,1.0],"evs":[0.0,13.98465]},"T9o":{"weight":1.0,"played":[0.1318,0.8682],"evs":[0.0,0.01973]},"J9o":{"weight":1.0,"played":[1.0,0.0],"evs":[0.0,-0.61156]},"Q9o":{"weight":1.0,"played":[1.0,0.0],"evs":[0.0,-1.12055]},"K9o":{"weight":1.0,"played":[1.0,0.0],"evs":[0.0,-1.05419]},"A9o":{"weight":1.0,"played":[0.0,1.0],"evs":[0.0,4.28619]},"T2s":{"weight":1.0,"played":[1.0,0.0],"evs":[0.0,-4.73353]},"T3s":{"weight":1.0,"played":[1.0,0.0],"evs":[0.0,-2.17173]},"T4s":{"weight":1.0,"played":[1.0,0.0],"evs":[0.0,-1.64284]},"T5s":{"weight":1.0,"played":[1.0,0.0],"evs":[0.0,-2.39274]},"T6s":{"weight":1.0,"played":[1.0,0.0],"evs":[0.0,-0.89683]},"T7s":{"weight":1.0,"played":[4.0E-4,0.9996],"evs":[0.0,0.39575]},"T8s":{"weight":1.0,"played":[0.0,1.0],"evs":[0.0,0.91844]},"T9s":{"weight":1.0,"played":[0.0,1.0],"evs":[0.0,1.52892]},"TT":{"weight":1.0,"played":[0.0,1.0],"evs":[0.0,14.45721]},"JTo":{"weight":1.0,"played":[8.0E-4,0.9992],"evs":[0.0,0.08762]},"QTo":{"weight":1.0,"played":[1.0,0.0],"evs":[0.0,-0.16927]},"KTo":{"weight":1.0,"played":[0.9976,0.0024],"evs":[0.0,-0.22061]},"ATo":{"weight":1.0,"played":[0.0,1.0],"evs":[0.0,5.3815]},"J2s":{"weight":1.0,"played":[1.0,0.0],"evs":[0.0,-4.94032]},"J3s":{"weight":1.0,"played":[1.0,0.0],"evs":[0.0,-2.2158]},"J4s":{"weight":1.0,"played":[1.0,0.0],"evs":[0.0,-1.79306]},"J5s":{"weight":1.0,"played":[1.0,0.0],"evs":[0.0,-2.35266]},"J6s":{"weight":1.0,"played":[1.0,0.0],"evs":[0.0,-1.45323]},"J7s":{"weight":1.0,"played":[1.0,0.0],"evs":[0.0,-0.25161]},"J8s":{"weight":1.0,"played":[0.0,1.0],"evs":[0.0,0.4115]},"J9s":{"weight":1.0,"played":[0.0,1.0],"evs":[0.0,0.84798]},"JTs":{"weight":1.0,"played":[0.0,1.0],"evs":[0.0,1.56923]},"JJ":{"weight":1.0,"played":[0.0,1.0],"evs":[0.0,14.85357]},"QJo":{"weight":1.0,"played":[0.2508,0.7492],"evs":[0.0,0.01314]},"KJo":{"weight":1.0,"played":[0.084,0.916],"evs":[0.0,0.02037]},"AJo":{"weight":1.0,"played":[0.0,1.0],"evs":[0.0,5.78801]},"Q2s":{"weight":1.0,"played":[1.0,0.0],"evs":[0.0,-4.97492]},"Q3s":{"weight":1.0,"played":[1.0,0.0],"evs":[0.0,-2.27281]},"Q4s":{"weight":1.0,"played":[1.0,0.0],"evs":[0.0,-1.80795]},"Q5s":{"weight":1.0,"played":[1.0,0.0],"evs":[0.0,-2.40629]},"Q6s":{"weight":1.0,"played":[1.0,0.0],"evs":[0.0,-1.3663]},"Q7s":{"weight":1.0,"played":[1.0,0.0],"evs":[0.0,-0.67171]},"Q8s":{"weight":1.0,"played":[0.9652,0.0348],"evs":[0.0,-0.08336]},"Q9s":{"weight":1.0,"played":[4.0E-4,0.9996],"evs":[0.0,0.36993]},"QTs":{"weight":1.0,"played":[0.0,1.0],"evs":[0.0,1.23755]},"QJs":{"weight":1.0,"played":[0.0,1.0],"evs":[0.0,1.38711]},"QQ":{"weight":1.0,"played":[0.0,1.0],"evs":[0.0,15.1454]},"KQo":{"weight":1.0,"played":[4.0E-4,0.9996],"evs":[0.0,0.22378]},"AQo":{"weight":1.0,"played":[0.0,1.0],"evs":[0.0,5.79069]},"K2s":{"weight":1.0,"played":[1.0,0.0],"evs":[0.0,-4.20743]},"K3s":{"weight":1.0,"played":[1.0,0.0],"evs":[0.0,-1.74067]},"K4s":{"weight":1.0,"played":[1.0,0.0],"evs":[0.0,-1.35465]},"K5s":{"weight":1.0,"played":[1.0,0.0],"evs":[0.0,-1.88152]},"K6s":{"weight":1.0,"played":[1.0,0.0],"evs":[0.0,-0.87114]},"K7s":{"weight":1.0,"played":[0.9905,0.0095],"evs":[0.0,-0.07452]},"K8s":{"weight":1.0,"played":[0.9085,0.0915],"evs":[0.0,-0.09426]},"K9s":{"weight":1.0,"played":[0.0021,0.9979],"evs":[0.0,0.4216]},"KTs":{"weight":1.0,"played":[0.0,1.0],"evs":[0.0,1.16338]},"KJs":{"weight":1.0,"played":[0.0,1.0],"evs":[0.0,1.3741]},"KQs":{"weight":1.0,"played":[0.0,1.0],"evs":[0.0,1.56741]},"KK":{"weight":1.0,"played":[0.0,1.0],"evs":[0.0,15.39377]},"AKo":{"weight":1.0,"played":[0.0,1.0],"evs":[0.0,5.80403]},"A2s":{"weight":1.0,"played":[1.0,0.0],"evs":[0.0,-1.66282]},"A3s":{"weight":1.0,"played":[1.0E-4,0.9999],"evs":[0.0,0.7839]},"A4s":{"weight":1.0,"played":[0.0,1.0],"evs":[0.0,1.23294]},"A5s":{"weight":1.0,"played":[0.0,1.0],"evs":[0.0,1.97583]},"A6s":{"weight":1.0,"played":[0.0,1.0],"evs":[0.0,3.05282]},"A7s":{"weight":1.0,"played":[0.0,1.0],"evs":[0.0,4.48025]},"A8s":{"weight":1.0,"played":[0.0,1.0],"evs":[0.0,5.06856]},"A9s":{"weight":1.0,"played":[0.0,1.0],"evs":[0.0,5.43548]},"ATs":{"weight":1.0,"played":[0.0,1.0],"evs":[0.0,6.4221]},"AJs":{"weight":1.0,"played":[0.0,1.0],"evs":[0.0,6.78594]},"AQs":{"weight":1.0,"played":[0.0,1.0],"evs":[0.0,6.76789]},"AKs":{"weight":1.0,"played":[0.0,1.0],"evs":[0.0,6.74866]},"AA":{"weight":1.0,"played":[0.0,1.0],"evs":[0.0,19.52028]}}}