{"player":0,"street":0,"children":3,"sequence":[],"actions":[{"type":"F","amount":0},{"type":"C","amount":5000,"node":1},{"type":"R","amount":100000,"node":5}],"hands":{"22":{"weight":1.0,"played":[0.0,0.0,1.0],"evs":[0.0,1.07855,1.40381]},"32o":{"weight":1.0,"played":[1.0,0.0,0.0],"evs":[0.0,-0.05224,-0.60643]},"42o":{"weight":1.0,"played":[1.0,0.0,0.0],"evs":[0.0,-0.04692,-0.53045]},"52o":{"weight":1.0,"played":[1.0,0.0,0.0],"evs":[0.0,-0.02712,-0.45115]},"62o":{"weight":1.0,"played":[1.0,0.0,0.0],"evs":[0.0,-0.03196,-0.56309]},"72o":{"weight":1.0,"played":[1.0,0.0,0.0],"evs":[0.0,-0.02972,-0.64607]},"82o":{"weight":1.0,"played":[1.0,0.0,0.0],"evs":[0.0,-0.00415,-0.54543]},"92o":{"weight":1.0,"played":[0.6333,0.3667,0.0],"evs":[0.0,-2.3E-4,-0.46279]},"T2o":{"weight":1.0,"played":[0.0,1.0,0.0],"evs":[0.0,0.02523,-0.33411]},"J2o":{"weight":1.0,"played":[0.0,1.0,0.0],"evs":[0.0,0.08652,-0.14396]},"Q2o":{"weight":1.0,"played":[0.0,1.0,0.0],"evs":[0.0,0.24631,0.21445]},"K2o":{"weight":1.0,"played":[0.0,0.0,1.0],"evs":[0.0,0.63336,0.81854]},"A2o":{"weight":1.0,"played":[0.0,0.0,1.0],"evs":[0.0,1.49065,1.66291]},"32s":{"weight":1.0,"played":[0.0,1.0,0.0],"evs":[0.0,0.02381,-0.1725]},"33":{"weight":1.0,"played":[0.0,0.0,1.0],"evs":[0.0,1.4876,1.64516]},"43o":{"weight":1.0,"played":[1.0,0.0,0.0],"evs":[0.0,-0.01835,-0.33135]},"53o":{"weight":1.0,"played":[0.0096,0.9904,0.0],"evs":[0.0,0.00363,-0.25079]},"63o":{"weight":1.0,"played":[0.9984,0.0016,0.0],"evs":[0.0,-6.7E-4,-0.35991]},"73o":{"weight":1.0,"played":[0.9472,0.0528,0.0],"evs":[0.0,8.0E-5,-0.44303]},"83o":{"weight":1.0,"played":[0.952,0.048,0.0],"evs":[0.0,-2.9E-4,-0.50632]},"93o":{"weight":1.0,"played":[3.0E-4,0.9997,0.0],"evs":[0.0,0.00872,-0.392]},"T3o":{"weight":1.0,"played":[0.0,1.0,0.0],"evs":[0.0,0.03479,-0.26595]},"J3o":{"weight":1.0,"played":[0.0,1.0,0.0],"evs":[0.0,0.09956,-0.07541]},"Q3o":{"weight":1.0,"played":[0.0,0.0136,0.9864],"evs":[0.0,0.27674,0.28031]},"K3o":{"weight":1.0,"played":[0.0,0.0,1.0],"evs":[0.0,0.76106,0.8857]},"A3o":{"weight":1.0,"played":[0.0,0.0,1.0],"evs":[0.0,1.62538,1.73063]},"42s":{"weight":1.0,"played":[1.0E-4,0.9999,0.0],"evs":[0.0,0.02814,-0.1018]},"43s":{"weight":1.0,"played":[0.0,0.2398,0.7602],"evs":[0.0,0.07965,0.07851]},"44":{"weight":1.0,"played":[0.0,0.4074,0.5926],"evs":[0.0,1.89394,1.89491]},"54o":{"weight":1.0,"played":[0.0,1.0,0.0],"evs":[0.0,0.01514,-0.06206]},"64o":{"weight":1.0,"played":[0.0,1.0,0.0],"evs":[0.0,0.02072,-0.16196]},"74o":{"weight":1.0,"played":[0.0,1.0,0.0],"evs":[0.0,0.02007,-0.24673]},"84o":{"weight":1.0,"played":[0.0,1.0,0.0],"evs":[0.0,0.02018,-0.31538]},"94o":{"weight":1.0,"played":[0.0,1.0,0.0],"evs":[0.0,0.01027,-0.35804]},"T4o":{"weight":1.0,"played":[0.0,1.0,0.0],"evs":[0.0,0.04354,-0.20096]},"J4o":{"weight":1.0,"played":[0.0,1.0,0.0],"evs":[0.0,0.11205,-0.00372]},"Q4o":{"weight":1.0,"played":[0.0,0.0,1.0],"evs":[0.0,0.29454,0.3605]},"K4o":{"weight":1.0,"played":[0.0,0.0,1.0],"evs":[0.0,0.85232,0.97227]},"A4o":{"weight":1.0,"played":[0.0,0.0,1.0],"evs":[0.0,1.72414,1.81379]},"52s":{"weight":1.0,"played":[0.0,1.0,0.0],"evs":[0.0,0.05024,-0.03204]},"53s":{"weight":1.0,"played":[0.0,1.0E-4,0.9999],"evs":[0.0,0.10861,0.15703]},"54s":{"weight":1.0,"played":[0.0,0.0,1.0],"evs":[0.0,0.1589,0.34628]},"55":{"weight":1.0,"played":[0.0,1.0,0.0],"evs":[0.0,2.27641,2.15615]},"65o":{"weight":1.0,"played":[0.0,1.0,0.0],"evs":[0.0,0.05742,0.02548]},"75o":{"weight":1.0,"played":[0.0,1.0,0.0],"evs":[0.0,0.06441,-0.05125]},"85o":{"weight":1.0,"played":[0.0,1.0,0.0],"evs":[0.0,0.06619,-0.11641]},"95o":{"weight":1.0,"played":[0.0,1.0,0.0],"evs":[0.0,0.05155,-0.1596]},"T5o":{"weight":1.0,"played":[0.0,1.0,0.0],"evs":[0.0,0.0635,-0.15755]},"J5o":{"weight":1.0,"played":[0.0,1.0,0.0],"evs":[0.0,0.1372,0.06879]},"Q5o":{"weight":1.0,"played":[0.0,0.0,1.0],"evs":[0.0,0.36598,0.45508]},"K5o":{"weight":1.0,"played":[0.0,0.0,1.0],"evs":[0.0,0.99377,1.08766]},"A5o":{"weight":1.0,"played":[0.0,0.0,1.0],"evs":[0.0,1.87111,1.91833]},"62s":{"weight":1.0,"played":[0.0,1.0,0.0],"evs":[0.0,0.0435,-0.12627]},"63s":{"weight":1.0,"played":[0.0,0.9986,0.0014],"evs":[0.0,0.07594,0.06042]},"64s":{"weight":1.0,"played":[0.0,0.0,1.0],"evs":[0.0,0.13673,0.24252]},"65s":{"weight":1.0,"played":[0.0,0.0,1.0],"evs":[0.0,0.26102,0.42654]},"66":{"weight":1.0,"played":[0.0,1.0,0.0],"evs":[0.0,2.67572,2.41427]},"76o":{"weight":1.0,"played":[0.0,0.4743,0.5257],"evs":[0.0,0.12242,0.1221]},"86o":{"weight":1.0,"played":[0.0,1.0,0.0],"evs":[0.0,0.1216,0.06372]},"96o":{"weight":1.0,"played":[0.0,1.0,0.0],"evs":[0.0,0.10821,0.02829]},"T6o":{"weight":1.0,"played":[0.0,1.0,0.0],"evs":[0.0,0.11547,0.03902]},"J6o":{"weight":1.0,"played":[0.0,1.0,0.0],"evs":[0.0,0.16784,0.12906]},"Q6o":{"weight":1.0,"played":[0.0,0.0,1.0],"evs":[0.0,0.48073,0.57489]},"K6o":{"weight":1.0,"played":[0.0,0.0,1.0],"evs":[0.0,1.13132,1.22465]},"A6o":{"weight":1.0,"played":[0.0,0.0,1.0],"evs":[0.0,1.86014,1.9483]},"72s":{"weight":1.0,"played":[0.0,1.0,0.0],"evs":[0.0,0.04346,-0.21499]},"73s":{"weight":1.0,"played":[0.0,1.0,0.0],"evs":[0.0,0.07401,-0.02119]},"74s":{"weight":1.0,"played":[0.0,0.0,1.0],"evs":[0.0,0.12949,0.16217]},"75s":{"weight":1.0,"played":[0.0,0.0,1.0],"evs":[0.0,0.23702,0.35051]},"76s":{"weight":1.0,"played":[0.0,0.0,1.0],"evs":[0.0,0.44422,0.50712]},"77":{"weight":1.0,"played":[0.0,1.0,0.0],"evs":[0.0,3.06551,2.67447]},"87o":{"weight":1.0,"played":[0.0,0.0548,0.9452],"evs":[0.0,0.22105,0.22371]},"97o":{"weight":1.0,"played":[0.0,0.6997,0.3003],"evs":[0.0,0.20402,0.20371]},"T7o":{"weight":1.0,"played":[0.0,0.4651,0.5349],"evs":[0.0,0.22274,0.21992]},"J7o":{"weight":1.0,"played":[0.0,0.0,1.0],"evs":[0.0,0.28341,0.33007]},"Q7o":{"weight":1.0,"played":[0.0,0.0,1.0],"evs":[0.0,0.58766,0.67708]},"K7o":{"weight":1.0,"played":[0.0,0.0,1.0],"evs":[0.0,1.2875,1.36989]},"A7o":{"weight":1.0,"played":[0.0,0.0,1.0],"evs":[0.0,2.04441,2.1147]},"82s":{"weight":1.0,"played":[0.0,1.0,0.0],"evs":[0.0,0.06997,-0.11488]},"83s":{"weight":1.0,"played":[0.0,1.0,0.0],"evs":[0.0,0.07254,-0.06888]},"84s":{"weight":1.0,"played":[0.0,0.9997,3.0E-4],"evs":[0.0,0.1294,0.10296]},"85s":{"weight":1.0,"played":[0.0,0.0,1.0],"evs":[0.0,0.19567,0.27833]},"86s":{"weight":1.0,"played":[0.0,0.0,1.0],"evs":[0.0,0.41837,0.45486]},"87s":{"weight":1.0,"played":[0.0,0.9993,7.0E-4],"evs":[0.0,0.62651,0.60455]},"88":{"weight":1.0,"played":[0.0,1.0,0.0],"evs":[0.0,3.48204,2.99376]},"98o":{"weight":1.0,"played":[0.0,0.0064,0.9936],"evs":[0.0,0.37833,0.38391]},"T8o":{"weight":1.0,"played":[0.0,4.0E-4,0.9996],"evs":[0.0,0.42915,0.4403]},"J8o":{"weight":1.0,"played":[0.0,0.0,1.0],"evs":[0.0,0.55708,0.5761]},"Q8o":{"weight":1.0,"played":[0.0,0.0,1.0],"evs":[0.0,0.8971,0.96264]},"K8o":{"weight":1.0,"played":[0.0,0.0,1.0],"evs":[0.0,1.4512,1.54326]},"A8o":{"weight":1.0,"played":[0.0,0.0,1.0],"evs":[0.0,2.2313,2.30768]},"92s":{"weight":1.0,"played":[0.0,1.0,0.0],"evs":[0.0,0.09151,-0.03136]},"93s":{"weight":1.0,"played":[0.0,1.0,0.0],"evs":[0.0,0.10286,0.02722]},"94s":{"weight":1.0,"played":[0.0,1.0,0.0],"evs":[0.0,0.11439,0.06363]},"95s":{"weight":1.0,"played":[0.0,0.0,1.0],"evs":[0.0,0.17743,0.24085]},"96s":{"weight":1.0,"played":[0.0,0.0,1.0],"evs":[0.0,0.38629,0.42469]},"97s":{"weight":1.0,"played":[0.0,0.6953,0.3047],"evs":[0.0,0.58312,0.58392]},"98s":{"weight":1.0,"played":[0.0,1.0,0.0],"evs":[0.0,0.80934,0.74399]},"99":{"weight":1.0,"played":[0.0,1.0,0.0],"evs":[0.0,3.9241,3.34307]},"T9o":{"weight":1.0,"played":[0.0,0.2288,0.7712],"evs":[0.0,0.69393,0.69402]},"J9o":{"weight":1.0,"played":[0.0,0.0,1.0],"evs":[0.0,0.83378,0.8359]},"Q9o":{"weight":1.0,"played":[0.0,0.0,1.0],"evs":[0.0,1.18952,1.22845]},"K9o":{"weight":1.0,"played":[0.0,0.0,1.0],"evs":[0.0,1.74103,1.81377]},"A9o":{"weight":1.0,"played":[0.0,0.0,1.0],"evs":[0.0,2.38399,2.47423]},"T2s":{"weight":1.0,"played":[0.0,1.0,0.0],"evs":[0.0,0.14851,0.08664]},"T3s":{"weight":1.0,"played":[0.0,0.9833,0.0167],"evs":[0.0,0.16943,0.15394]},"T4s":{"weight":1.0,"played":[0.0,0.0,1.0],"evs":[0.0,0.18199,0.21086]},"T5s":{"weight":1.0,"played":[0.0,1.0E-4,0.9999],"evs":[0.0,0.19991,0.24372]},"T6s":{"weight":1.0,"played":[0.0,1.0E-4,0.9999],"evs":[0.0,0.39791,0.43091]},"T7s":{"weight":1.0,"played":[0.0,1.0,0.0],"evs":[0.0,0.60215,0.5957]},"T8s":{"weight":1.0,"played":[0.0,1.0,0.0],"evs":[0.0,0.86629,0.79978]},"T9s":{"weight":1.0,"played":[0.0,1.0,0.0],"evs":[0.0,1.12498,1.04583]},"TT":{"weight":1.0,"played":[0.0,1.0,0.0],"evs":[0.0,4.40406,3.72144]},"JTo":{"weight":1.0,"played":[0.0,0.5332,0.4668],"evs":[0.0,1.13719,1.1378]},"QTo":{"weight":1.0,"played":[0.0,0.6084,0.3916],"evs":[0.0,1.53024,1.53052]},"KTo":{"weight":1.0,"played":[0.0,0.0,1.0],"evs":[0.0,2.08278,2.11814]},"ATo":{"weight":1.0,"played":[0.0,0.0,1.0],"evs":[0.0,2.72311,2.77322]},"J2s":{"weight":1.0,"played":[0.0,0.0,1.0],"evs":[0.0,0.23313,0.2649]},"J3s":{"weight":1.0,"played":[0.0,0.0,1.0],"evs":[0.0,0.26164,0.33593]},"J4s":{"weight":1.0,"played":[0.0,0.0,1.0],"evs":[0.0,0.30747,0.39719]},"J5s":{"weight":1.0,"played":[0.0,0.0,1.0],"evs":[0.0,0.43249,0.466]},"J6s":{"weight":1.0,"played":[0.0,3.0E-4,0.9997],"evs":[0.0,0.49514,0.51674]},"J7s":{"weight":1.0,"played":[0.0,0.9999,1.0E-4],"evs":[0.0,0.73521,0.70104]},"J8s":{"weight":1.0,"played":[0.0,1.0,0.0],"evs":[0.0,1.00558,0.93537]},"J9s":{"weight":1.0,"played":[0.0,1.0,0.0],"evs":[0.0,1.25455,1.1718]},"JTs":{"weight":1.0,"played":[0.0,1.0,0.0],"evs":[0.0,1.54637,1.45581]},"JJ":{"weight":1.0,"played":[0.0,1.0,0.0],"evs":[0.0,4.82991,4.04027]},"QJo":{"weight":1.0,"played":[0.0,1.0,0.0],"evs":[0.0,1.6999,1.68183]},"KJo":{"weight":1.0,"played":[0.0,0.0,1.0],"evs":[0.0,2.25976,2.27504]},"AJo":{"weight":1.0,"played":[0.0,0.0,1.0],"evs":[0.0,2.90942,2.93747]},"Q2s":{"weight":1.0,"played":[0.0,0.0,1.0],"evs":[0.0,0.49091,0.60566]},"Q3s":{"weight":1.0,"played":[0.0,0.0,1.0],"evs":[0.0,0.61192,0.66599]},"Q4s":{"weight":1.0,"played":[0.0,0.0,1.0],"evs":[0.0,0.69694,0.74034]},"Q5s":{"weight":1.0,"played":[0.0,0.071,0.929],"evs":[0.0,0.81716,0.81889]},"Q6s":{"weight":1.0,"played":[0.0,0.0232,0.9768],"evs":[0.0,0.93451,0.94107]},"Q7s":{"weight":1.0,"played":[0.0,0.3073,0.6927],"evs":[0.0,1.02875,1.03]},"Q8s":{"weight":1.0,"played":[0.0,0.999,0.001],"evs":[0.0,1.32219,1.29938]},"Q9s":{"weight":1.0,"played":[0.0,1.0,0.0],"evs":[0.0,1.59453,1.54653]},"QTs":{"weight":1.0,"played":[0.0,1.0,0.0],"evs":[0.0,1.91094,1.82306]},"QJs":{"weight":1.0,"played":[0.0,1.0,0.0],"evs":[0.0,2.07184,1.96725]},"QQ":{"weight":1.0,"played":[0.0,1.0,0.0],"evs":[0.0,5.24642,4.40247]},"KQo":{"weight":1.0,"played":[0.0,0.0413,0.9587],"evs":[0.0,2.48061,2.48089]},"AQo":{"weight":1.0,"played":[0.0,0.0,1.0],"evs":[0.0,3.13093,3.14914]},"K2s":{"weight":1.0,"played":[0.0,0.0,1.0],"evs":[0.0,1.07662,1.17103]},"K3s":{"weight":1.0,"played":[0.0,0.0,1.0],"evs":[0.0,1.20072,1.24148]},"K4s":{"weight":1.0,"played":[0.0,0.0,1.0],"evs":[0.0,1.29317,1.31818]},"K5s":{"weight":1.0,"played":[0.0,0.4918,0.5082],"evs":[0.0,1.4155,1.41551]},"K6s":{"weight":1.0,"played":[0.0,0.6357,0.3643],"evs":[0.0,1.54469,1.54315]},"K7s":{"weight":1.0,"played":[0.0,0.9969,0.0031],"evs":[0.0,1.68545,1.67393]},"K8s":{"weight":1.0,"played":[0.0,0.527,0.473],"evs":[0.0,1.84657,1.84557]},"K9s":{"weight":1.0,"played":[0.0,0.9995,5.0E-4],"evs":[0.0,2.11713,2.09776]},"KTs":{"weight":1.0,"played":[0.0,1.0,0.0],"evs":[0.0,2.43119,2.37923]},"KJs":{"weight":1.0,"played":[0.0,1.0,0.0],"evs":[0.0,2.59145,2.5176]},"KQs":{"weight":1.0,"played":[0.0,1.0,0.0],"evs":[0.0,2.79478,2.70816]},"KK":{"weight":1.0,"played":[0.0,1.0,0.0],"evs":[0.0,5.73385,4.86796]},"AKo":{"weight":1.0,"played":[0.0,0.0,1.0],"evs":[0.0,3.3409,3.37291]},"A2s":{"weight":1.0,"played":[0.0,0.0,1.0],"evs":[0.0,1.89171,1.96855]},"A3s":{"weight":1.0,"played":[0.0,0.0,1.0],"evs":[0.0,2.01618,2.02981]},"A4s":{"weight":1.0,"played":[0.0,0.63,0.37],"evs":[0.0,2.11107,2.11096]},"A5s":{"weight":1.0,"played":[0.0,1.0,0.0],"evs":[0.0,2.24792,2.20694]},"A6s":{"weight":1.0,"played":[0.0,0.5484,0.4516],"evs":[0.0,2.22885,2.22997]},"A7s":{"weight":1.0,"played":[0.0,1.0,0.0],"evs":[0.0,2.40002,2.38186]},"A8s":{"weight":1.0,"played":[0.0,0.9997,3.0E-4],"evs":[0.0,2.57822,2.56201]},"A9s":{"weight":1.0,"played":[0.0,0.9857,0.0143],"evs":[0.0,2.72351,2.71976]},"ATs":{"weight":1.0,"played":[0.0,1.0,0.0],"evs":[0.0,3.03667,2.99597]},"AJs":{"weight":1.0,"played":[0.0,1.0,0.0],"evs":[0.0,3.20407,3.14286]},"AQs":{"weight":1.0,"played":[0.0,1.0,0.0],"evs":[0.0,3.4096,3.34149]},"AKs":{"weight":1.0,"played":[0.0,1.0,0.0],"evs":[0.0,3.60029,3.54464]},"AA":{"weight":1.0,"played":[0.0,1.0,0.0],"evs":[0.0,6.31502,5.43242]}}}