{"player":0,"street":0,"children":3,"sequence":[],"actions":[{"type":"F","amount":0},{"type":"C","amount":5000,"node":1},{"type":"R","amount":100000,"node":5}],"hands":{"22":{"weight":1.0,"played":[0.0,0.0,1.0],"evs":[0.0,1.08865,1.40071]},"32o":{"weight":1.0,"played":[1.0,0.0,0.0],"evs":[0.0,-0.05557,-0.61804]},"42o":{"weight":1.0,"played":[1.0,0.0,0.0],"evs":[0.0,-0.03887,-0.53692]},"52o":{"weight":1.0,"played":[1.0,0.0,0.0],"evs":[0.0,-0.01878,-0.46093]},"62o":{"weight":1.0,"played":[1.0,0.0,0.0],"evs":[0.0,-0.02848,-0.56812]},"72o":{"weight":1.0,"played":[1.0,0.0,0.0],"evs":[0.0,-0.02312,-0.65035]},"82o":{"weight":1.0,"played":[1.0,0.0,0.0],"evs":[0.0,-5.6E-4,-0.54877]},"92o":{"weight":1.0,"played":[0.42,0.58,0.0],"evs":[0.0,-1.0E-5,-0.46648]},"T2o":{"weight":1.0,"played":[0.0,1.0,0.0],"evs":[0.0,0.02723,-0.33807]},"J2o":{"weight":1.0,"played":[0.0,1.0,0.0],"evs":[0.0,0.08948,-0.14319]},"Q2o":{"weight":1.0,"played":[0.0,1.0,0.0],"evs":[0.0,0.25789,0.21448]},"K2o":{"weight":1.0,"played":[0.0,0.0,1.0],"evs":[0.0,0.62686,0.81712]},"A2o":{"weight":1.0,"played":[0.0,0.0,1.0],"evs":[0.0,1.5095,1.65807]},"32s":{"weight":1.0,"played":[0.0,1.0,0.0],"evs":[0.0,0.01846,-0.17939]},"33":{"weight":1.0,"played":[0.0,0.0,1.0],"evs":[0.0,1.4929,1.64251]},"43o":{"weight":1.0,"played":[1.0,0.0,0.0],"evs":[0.0,-0.01229,-0.33882]},"53o":{"weight":1.0,"played":[1.0E-4,0.9999,0.0],"evs":[0.0,0.00865,-0.25966]},"63o":{"weight":1.0,"played":[0.6722,0.3278,0.0],"evs":[0.0,2.0E-5,-0.36614]},"73o":{"weight":1.0,"played":[0.7746,0.2254,0.0],"evs":[0.0,-1.2E-4,-0.44908]},"83o":{"weight":1.0,"played":[0.544,0.456,0.0],"evs":[0.0,2.0E-5,-0.50957]},"93o":{"weight":1.0,"played":[0.0,1.0,0.0],"evs":[0.0,0.00408,-0.39449]},"T3o":{"weight":1.0,"played":[0.0,1.0,0.0],"evs":[0.0,0.03515,-0.26668]},"J3o":{"weight":1.0,"played":[0.0,1.0,0.0],"evs":[0.0,0.10702,-0.07076]},"Q3o":{"weight":1.0,"played":[0.0,0.3152,0.6848],"evs":[0.0,0.28189,0.28243]},"K3o":{"weight":1.0,"played":[0.0,0.0,1.0],"evs":[0.0,0.72975,0.8881]},"A3o":{"weight":1.0,"played":[0.0,0.0,1.0],"evs":[0.0,1.61257,1.7258]},"42s":{"weight":1.0,"played":[0.0,1.0,0.0],"evs":[0.0,0.03984,-0.1085]},"43s":{"weight":1.0,"played":[0.0,0.4642,0.5358],"evs":[0.0,0.08136,0.08095]},"44":{"weight":1.0,"played":[0.0,0.7083,0.2917],"evs":[0.0,1.89007,1.89034]},"54o":{"weight":1.0,"played":[0.0,1.0,0.0],"evs":[0.0,0.03783,-0.06903]},"64o":{"weight":1.0,"played":[0.0,1.0,0.0],"evs":[0.0,0.03458,-0.17105]},"74o":{"weight":1.0,"played":[0.0,1.0,0.0],"evs":[0.0,0.03444,-0.25346]},"84o":{"weight":1.0,"played":[0.0,1.0,0.0],"evs":[0.0,0.03264,-0.31417]},"94o":{"weight":1.0,"played":[0.0,1.0,0.0],"evs":[0.0,0.0175,-0.35897]},"T4o":{"weight":1.0,"played":[0.0,1.0,0.0],"evs":[0.0,0.05141,-0.1976]},"J4o":{"weight":1.0,"played":[0.0,1.0,0.0],"evs":[0.0,0.13022,4.3E-4]},"Q4o":{"weight":1.0,"played":[0.0,0.0,1.0],"evs":[0.0,0.31009,0.36363]},"K4o":{"weight":1.0,"played":[0.0,0.0,1.0],"evs":[0.0,0.84916,0.97063]},"A4o":{"weight":1.0,"played":[0.0,0.0,1.0],"evs":[0.0,1.74072,1.80864]},"52s":{"weight":1.0,"played":[0.0,1.0,0.0],"evs":[0.0,0.06169,-0.03635]},"53s":{"weight":1.0,"played":[0.0,0.0,1.0],"evs":[0.0,0.10908,0.15263]},"54s":{"weight":1.0,"played":[0.0,0.0,1.0],"evs":[0.0,0.16018,0.32731]},"55":{"weight":1.0,"played":[0.0,1.0,0.0],"evs":[0.0,2.3067,2.15134]},"65o":{"weight":1.0,"played":[0.0,1.0,0.0],"evs":[0.0,0.07512,0.01967]},"75o":{"weight":1.0,"played":[0.0,1.0,0.0],"evs":[0.0,0.07929,-0.05519]},"85o":{"weight":1.0,"played":[0.0,1.0,0.0],"evs":[0.0,0.07771,-0.11991]},"95o":{"weight":1.0,"played":[0.0,1.0,0.0],"evs":[0.0,0.06258,-0.16511]},"T5o":{"weight":1.0,"played":[0.0,1.0,0.0],"evs":[0.0,0.07519,-0.15868]},"J5o":{"weight":1.0,"played":[0.0,1.0,0.0],"evs":[0.0,0.16056,0.07203]},"Q5o":{"weight":1.0,"played":[0.0,0.0,1.0],"evs":[0.0,0.36014,0.45416]},"K5o":{"weight":1.0,"played":[0.0,0.0,1.0],"evs":[0.0,1.00493,1.08155]},"A5o":{"weight":1.0,"played":[0.0,0.0,1.0],"evs":[0.0,1.89374,1.91578]},"62s":{"weight":1.0,"played":[0.0,1.0,0.0],"evs":[0.0,0.04597,-0.13638]},"63s":{"weight":1.0,"played":[0.0,0.9998,2.0E-4],"evs":[0.0,0.07523,0.05705]},"64s":{"weight":1.0,"played":[0.0,0.0,1.0],"evs":[0.0,0.13388,0.23626]},"65s":{"weight":1.0,"played":[0.0,0.0,1.0],"evs":[0.0,0.21816,0.41282]},"66":{"weight":1.0,"played":[0.0,1.0,0.0],"evs":[0.0,2.72018,2.40504]},"76o":{"weight":1.0,"played":[0.0,0.7292,0.2708],"evs":[0.0,0.12371,0.12341]},"86o":{"weight":1.0,"played":[0.0,1.0,0.0],"evs":[0.0,0.13077,0.06426]},"96o":{"weight":1.0,"played":[0.0,1.0,0.0],"evs":[0.0,0.11177,0.028]},"T6o":{"weight":1.0,"played":[0.0,1.0,0.0],"evs":[0.0,0.12255,0.03983]},"J6o":{"weight":1.0,"played":[0.0,1.0,0.0],"evs":[0.0,0.17867,0.1361]},"Q6o":{"weight":1.0,"played":[0.0,0.0,1.0],"evs":[0.0,0.47974,0.57639]},"K6o":{"weight":1.0,"played":[0.0,0.0,1.0],"evs":[0.0,1.12733,1.222]},"A6o":{"weight":1.0,"played":[0.0,0.0,1.0],"evs":[0.0,1.86358,1.94994]},"72s":{"weight":1.0,"played":[0.0,1.0,0.0],"evs":[0.0,0.04837,-0.20987]},"73s":{"weight":1.0,"played":[0.0,1.0,0.0],"evs":[0.0,0.07405,-0.02363]},"74s":{"weight":1.0,"played":[0.0,0.0,1.0],"evs":[0.0,0.13509,0.16063]},"75s":{"weight":1.0,"played":[0.0,0.0,1.0],"evs":[0.0,0.2009,0.3408]},"76s":{"weight":1.0,"played":[0.0,0.0,1.0],"evs":[0.0,0.43219,0.50686]},"77":{"weight":1.0,"played":[0.0,1.0,0.0],"evs":[0.0,3.10865,2.67728]},"87o":{"weight":1.0,"played":[0.0,5.0E-4,0.9995],"evs":[0.0,0.2223,0.22589]},"97o":{"weight":1.0,"played":[0.0,0.8104,0.1896],"evs":[0.0,0.20525,0.20504]},"T7o":{"weight":1.0,"played":[0.0,0.5381,0.4619],"evs":[0.0,0.22287,0.2221]},"J7o":{"weight":1.0,"played":[0.0,0.0,1.0],"evs":[0.0,0.27984,0.33269]},"Q7o":{"weight":1.0,"played":[0.0,0.0,1.0],"evs":[0.0,0.59007,0.68054]},"K7o":{"weight":1.0,"played":[0.0,0.0,1.0],"evs":[0.0,1.28818,1.36877]},"A7o":{"weight":1.0,"played":[0.0,0.0,1.0],"evs":[0.0,2.05289,2.11536]},"82s":{"weight":1.0,"played":[0.0,1.0,0.0],"evs":[0.0,0.0805,-0.11715]},"83s":{"weight":1.0,"played":[0.0,1.0,0.0],"evs":[0.0,0.08061,-0.08058]},"84s":{"weight":1.0,"played":[0.0,1.0,0.0],"evs":[0.0,0.13707,0.10502]},"85s":{"weight":1.0,"played":[0.0,0.0,1.0],"evs":[0.0,0.19956,0.28075]},"86s":{"weight":1.0,"played":[0.0,0.0,1.0],"evs":[0.0,0.41084,0.45525]},"87s":{"weight":1.0,"played":[0.0,0.9992,8.0E-4],"evs":[0.0,0.61876,0.60502]},"88":{"weight":1.0,"played":[0.0,1.0,0.0],"evs":[0.0,3.5305,2.99918]},"98o":{"weight":1.0,"played":[0.0,0.0098,0.9902],"evs":[0.0,0.38448,0.3859]},"T8o":{"weight":1.0,"played":[0.0,0.0012,0.9988],"evs":[0.0,0.43763,0.44286]},"J8o":{"weight":1.0,"played":[0.0,0.0,1.0],"evs":[0.0,0.56728,0.58499]},"Q8o":{"weight":1.0,"played":[0.0,0.0,1.0],"evs":[0.0,0.89839,0.96367]},"K8o":{"weight":1.0,"played":[0.0,0.0,1.0],"evs":[0.0,1.44953,1.54054]},"A8o":{"weight":1.0,"played":[0.0,0.0,1.0],"evs":[0.0,2.24005,2.31024]},"92s":{"weight":1.0,"played":[0.0,1.0,0.0],"evs":[0.0,0.09764,-0.03765]},"93s":{"weight":1.0,"played":[0.0,1.0,0.0],"evs":[0.0,0.10393,0.02949]},"94s":{"weight":1.0,"played":[0.0,1.0,0.0],"evs":[0.0,0.12629,0.06136]},"95s":{"weight":1.0,"played":[0.0,0.0,1.0],"evs":[0.0,0.18587,0.24276]},"96s":{"weight":1.0,"played":[0.0,0.0,1.0],"evs":[0.0,0.3778,0.4193]},"97s":{"weight":1.0,"played":[0.0,0.9991,9.0E-4],"evs":[0.0,0.59137,0.58253]},"98s":{"weight":1.0,"played":[0.0,1.0,0.0],"evs":[0.0,0.83205,0.75187]},"99":{"weight":1.0,"played":[0.0,1.0,0.0],"evs":[0.0,3.98186,3.34751]},"T9o":{"weight":1.0,"played":[0.0,0.502,0.498],"evs":[0.0,0.69447,0.69436]},"J9o":{"weight":1.0,"played":[0.0,4.0E-4,0.9996],"evs":[0.0,0.83977,0.84367]},"Q9o":{"weight":1.0,"played":[0.0,0.0,1.0],"evs":[0.0,1.19187,1.22793]},"K9o":{"weight":1.0,"played":[0.0,0.0,1.0],"evs":[0.0,1.74728,1.81218]},"A9o":{"weight":1.0,"played":[0.0,0.0,1.0],"evs":[0.0,2.39222,2.47214]},"T2s":{"weight":1.0,"played":[0.0,1.0,0.0],"evs":[0.0,0.14526,0.08681]},"T3s":{"weight":1.0,"played":[0.0,0.9999,1.0E-4],"evs":[0.0,0.1555,0.15184]},"T4s":{"weight":1.0,"played":[0.0,0.0,1.0],"evs":[0.0,0.18154,0.21327]},"T5s":{"weight":1.0,"played":[0.0,0.0,1.0],"evs":[0.0,0.20598,0.2475]},"T6s":{"weight":1.0,"played":[0.0,0.0,1.0],"evs":[0.0,0.39534,0.4309]},"T7s":{"weight":1.0,"played":[0.0,1.0,0.0],"evs":[0.0,0.62308,0.60077]},"T8s":{"weight":1.0,"played":[0.0,1.0,0.0],"evs":[0.0,0.88574,0.80453]},"T9s":{"weight":1.0,"played":[0.0,1.0,0.0],"evs":[0.0,1.13041,1.04276]},"TT":{"weight":1.0,"played":[0.0,1.0,0.0],"evs":[0.0,4.47683,3.73012]},"JTo":{"weight":1.0,"played":[0.0,0.7971,0.2029],"evs":[0.0,1.14701,1.14714]},"QTo":{"weight":1.0,"played":[0.0,0.6946,0.3054],"evs":[0.0,1.52958,1.52929]},"KTo":{"weight":1.0,"played":[0.0,0.0,1.0],"evs":[0.0,2.08823,2.11909]},"ATo":{"weight":1.0,"played":[0.0,0.0,1.0],"evs":[0.0,2.7343,2.77662]},"J2s":{"weight":1.0,"played":[0.0,0.0,1.0],"evs":[0.0,0.22838,0.27315]},"J3s":{"weight":1.0,"played":[0.0,0.0,1.0],"evs":[0.0,0.24469,0.33463]},"J4s":{"weight":1.0,"played":[0.0,0.0,1.0],"evs":[0.0,0.29249,0.40061]},"J5s":{"weight":1.0,"played":[0.0,0.0,1.0],"evs":[0.0,0.42592,0.46682]},"J6s":{"weight":1.0,"played":[0.0,0.0,1.0],"evs":[0.0,0.50194,0.52248]},"J7s":{"weight":1.0,"played":[0.0,1.0,0.0],"evs":[0.0,0.74892,0.70986]},"J8s":{"weight":1.0,"played":[0.0,1.0,0.0],"evs":[0.0,1.01541,0.94026]},"J9s":{"weight":1.0,"played":[0.0,1.0,0.0],"evs":[0.0,1.27259,1.18346]},"JTs":{"weight":1.0,"played":[0.0,1.0,0.0],"evs":[0.0,1.56381,1.46885]},"JJ":{"weight":1.0,"played":[0.0,1.0,0.0],"evs":[0.0,4.91387,4.04839]},"QJo":{"weight":1.0,"played":[0.0,1.0,0.0],"evs":[0.0,1.69957,1.6814]},"KJo":{"weight":1.0,"played":[0.0,0.0,1.0],"evs":[0.0,2.25887,2.27635]},"AJo":{"weight":1.0,"played":[0.0,0.0,1.0],"evs":[0.0,2.91204,2.93774]},"Q2s":{"weight":1.0,"played":[0.0,0.0,1.0],"evs":[0.0,0.47098,0.60456]},"Q3s":{"weight":1.0,"played":[0.0,0.0,1.0],"evs":[0.0,0.575,0.66973]},"Q4s":{"weight":1.0,"played":[0.0,0.0,1.0],"evs":[0.0,0.69081,0.74091]},"Q5s":{"weight":1.0,"played":[0.0,0.0739,0.9261],"evs":[0.0,0.82724,0.82775]},"Q6s":{"weight":1.0,"played":[0.0,0.1552,0.8448],"evs":[0.0,0.94017,0.94047]},"Q7s":{"weight":1.0,"played":[0.0,0.9882,0.0118],"evs":[0.0,1.03919,1.03022]},"Q8s":{"weight":1.0,"played":[0.0,1.0,0.0],"evs":[0.0,1.33145,1.2997]},"Q9s":{"weight":1.0,"played":[0.0,1.0,0.0],"evs":[0.0,1.60125,1.54292]},"QTs":{"weight":1.0,"played":[0.0,1.0,0.0],"evs":[0.0,1.9208,1.8264]},"QJs":{"weight":1.0,"played":[0.0,1.0,0.0],"evs":[0.0,2.07788,1.96454]},"QQ":{"weight":1.0,"played":[0.0,1.0,0.0],"evs":[0.0,5.34219,4.40958]},"KQo":{"weight":1.0,"played":[0.0,0.5279,0.4721],"evs":[0.0,2.47842,2.47832]},"AQo":{"weight":1.0,"played":[0.0,0.0,1.0],"evs":[0.0,3.13332,3.1461]},"K2s":{"weight":1.0,"played":[0.0,0.0,1.0],"evs":[0.0,1.08077,1.17156]},"K3s":{"weight":1.0,"played":[0.0,0.0,1.0],"evs":[0.0,1.17494,1.23362]},"K4s":{"weight":1.0,"played":[0.0,0.0,1.0],"evs":[0.0,1.29071,1.31428]},"K5s":{"weight":1.0,"played":[0.0,0.9999,1.0E-4],"evs":[0.0,1.43196,1.41842]},"K6s":{"weight":1.0,"played":[0.0,0.999,0.001],"evs":[0.0,1.55612,1.54813]},"K7s":{"weight":1.0,"played":[0.0,1.0,0.0],"evs":[0.0,1.69725,1.68093]},"K8s":{"weight":1.0,"played":[0.0,0.9977,0.0023],"evs":[0.0,1.84886,1.84182]},"K9s":{"weight":1.0,"played":[0.0,1.0,0.0],"evs":[0.0,2.12902,2.10016]},"KTs":{"weight":1.0,"played":[0.0,1.0,0.0],"evs":[0.0,2.44512,2.38083]},"KJs":{"weight":1.0,"played":[0.0,1.0,0.0],"evs":[0.0,2.60256,2.52609]},"KQs":{"weight":1.0,"played":[0.0,1.0,0.0],"evs":[0.0,2.80107,2.70595]},"KK":{"weight":1.0,"played":[0.0,1.0,0.0],"evs":[0.0,5.84055,4.876]},"AKo":{"weight":1.0,"played":[0.0,0.0,1.0],"evs":[0.0,3.34981,3.37154]},"A2s":{"weight":1.0,"played":[0.0,0.0,1.0],"evs":[0.0,1.91584,1.96737]},"A3s":{"weight":1.0,"played":[0.0,0.0,1.0],"evs":[0.0,2.0138,2.02938]},"A4s":{"weight":1.0,"played":[0.0,1.0,0.0],"evs":[0.0,2.13091,2.10649]},"A5s":{"weight":1.0,"played":[0.0,1.0,0.0],"evs":[0.0,2.26849,2.20241]},"A6s":{"weight":1.0,"played":[0.0,0.9953,0.0047],"evs":[0.0,2.23802,2.23033]},"A7s":{"weight":1.0,"played":[0.0,1.0,0.0],"evs":[0.0,2.4183,2.38955]},"A8s":{"weight":1.0,"played":[0.0,1.0,0.0],"evs":[0.0,2.5932,2.56693]},"A9s":{"weight":1.0,"played":[0.0,0.9999,1.0E-4],"evs":[0.0,2.7328,2.71442]},"ATs":{"weight":1.0,"played":[0.0,1.0,0.0],"evs":[0.0,3.0491,2.99462]},"AJs":{"weight":1.0,"played":[0.0,1.0,0.0],"evs":[0.0,3.21361,3.1457]},"AQs":{"weight":1.0,"played":[0.0,1.0,0.0],"evs":[0.0,3.41848,3.33747]},"AKs":{"weight":1.0,"played":[0.0,1.0,0.0],"evs":[0.0,3.6202,3.54613]},"AA":{"weight":1.0,"played":[0.0,1.0,0.0],"evs":[0.0,6.42251,5.43795]}}}