{"player":0,"street":0,"children":3,"sequence":[{"player":0,"type":"C","amount":5000,"street":0},{"player":1,"type":"R","amount":25000,"street":0}],"actions":[{"type":"F","amount":0},{"type":"C","amount":15000},{"type":"R","amount":100000,"node":3}],"hands":{"22":{"weight":0.0,"played":[0.0,0.0519,0.9481],"evs":[0.0,0.27495,0.30176]},"32o":{"weight":0.0,"played":[1.0,0.0,0.0],"evs":[0.0,-0.40315,-0.92904]},"42o":{"weight":0.0,"played":[1.0,0.0,0.0],"evs":[0.0,-0.32277,-0.8206]},"52o":{"weight":0.0,"played":[1.0,0.0,0.0],"evs":[0.0,-0.28673,-0.74345]},"62o":{"weight":0.0,"played":[1.0,0.0,0.0],"evs":[0.0,-0.47598,-0.95712]},"72o":{"weight":0.0,"played":[1.0,0.0,0.0],"evs":[0.0,-0.4451,-0.93329]},"82o":{"weight":0.0,"played":[1.0,0.0,0.0],"evs":[0.0,-0.29902,-0.6871]},"92o":{"weight":0.58,"played":[1.0,0.0,0.0],"evs":[0.0,-0.19947,-0.46093]},"T2o":{"weight":1.0,"played":[1.0,0.0,0.0],"evs":[0.0,-0.08799,-0.2235]},"J2o":{"weight":1.0,"played":[0.2535,0.7465,0.0],"evs":[0.0,-7.0E-5,-0.06537]},"Q2o":{"weight":1.0,"played":[0.0,1.0,0.0],"evs":[0.0,0.43903,0.40209]},"K2o":{"weight":0.0,"played":[0.0,0.0,1.0],"evs":[0.0,0.78653,0.82996]},"A2o":{"weight":0.0,"played":[0.0,0.0,1.0],"evs":[0.0,1.192,1.30012]},"32s":{"weight":1.0,"played":[0.9999,1.0E-4,0.0],"evs":[0.0,-0.04854,-0.4478]},"33":{"weight":0.0,"played":[0.0,0.9882,0.0118],"evs":[0.0,0.38197,0.32831]},"43o":{"weight":0.0,"played":[1.0,0.0,0.0],"evs":[0.0,-0.20795,-0.68625]},"53o":{"weight":0.9999,"played":[1.0,0.0,0.0],"evs":[0.0,-0.15877,-0.59939]},"63o":{"weight":0.3278,"played":[1.0,0.0,0.0],"evs":[0.0,-0.34374,-0.80777]},"73o":{"weight":0.2254,"played":[1.0,0.0,0.0],"evs":[0.0,-0.34935,-0.78281]},"83o":{"weight":0.456,"played":[1.0,0.0,0.0],"evs":[0.0,-0.31232,-0.72962]},"93o":{"weight":1.0,"played":[1.0,0.0,0.0],"evs":[0.0,-0.18754,-0.44169]},"T3o":{"weight":1.0,"played":[1.0,0.0,0.0],"evs":[0.0,-0.06516,-0.20788]},"J3o":{"weight":1.0,"played":[0.0,1.0,0.0],"evs":[0.0,0.0379,-0.04877]},"Q3o":{"weight":0.3152,"played":[0.0,1.0,0.0],"evs":[0.0,0.50581,0.40876]},"K3o":{"weight":0.0,"played":[0.0,0.9878,0.0122],"evs":[0.0,0.88168,0.84488]},"A3o":{"weight":0.0,"played":[0.0,0.0,1.0],"evs":[0.0,1.28401,1.31431]},"42s":{"weight":1.0,"played":[0.0,1.0,0.0],"evs":[0.0,0.02989,-0.35546]},"43s":{"weight":0.4642,"played":[0.0,1.0,0.0],"evs":[0.0,0.14867,-0.22714]},"44":{"weight":0.7083,"played":[0.0,0.9997,3.0E-4],"evs":[0.0,0.52908,0.46792]},"54o":{"weight":1.0,"played":[0.414,0.586,0.0],"evs":[0.0,5.0E-5,-0.38516]},"64o":{"weight":1.0,"played":[1.0,0.0,0.0],"evs":[0.0,-0.15543,-0.57921]},"74o":{"weight":1.0,"played":[1.0,0.0,0.0],"evs":[0.0,-0.15806,-0.54574]},"84o":{"weight":1.0,"played":[1.0,0.0,0.0],"evs":[0.0,-0.14626,-0.49296]},"94o":{"weight":1.0,"played":[1.0,0.0,0.0],"evs":[0.0,-0.12985,-0.3887]},"T4o":{"weight":1.0,"played":[0.9768,0.0232,0.0],"evs":[0.0,-0.00776,-0.1193]},"J4o":{"weight":1.0,"played":[0.0,1.0,0.0],"evs":[0.0,0.09167,0.04289]},"Q4o":{"weight":0.0,"played":[0.0,1.0,0.0],"evs":[0.0,0.56265,0.49897]},"K4o":{"weight":0.0,"played":[0.0,0.8637,0.1363],"evs":[0.0,0.93524,0.91591]},"A4o":{"weight":0.0,"played":[0.0,0.0,1.0],"evs":[0.0,1.342,1.38988]},"52s":{"weight":1.0,"played":[1.0E-4,0.9999,0.0],"evs":[0.0,0.06611,-0.29986]},"53s":{"weight":0.0,"played":[0.0,1.0,0.0],"evs":[0.0,0.20349,-0.1499]},"54s":{"weight":0.0,"played":[0.0,1.0,0.0],"evs":[0.0,0.36874,0.04774]},"55":{"weight":1.0,"played":[0.0,0.9997,3.0E-4],"evs":[0.0,0.66549,0.59494]},"65o":{"weight":1.0,"played":[0.9992,8.0E-4,0.0],"evs":[0.0,-0.00379,-0.38149]},"75o":{"weight":1.0,"played":[0.7069,0.2931,0.0],"evs":[0.0,-7.4E-4,-0.35391]},"85o":{"weight":1.0,"played":[0.9906,0.0094,0.0],"evs":[0.0,-0.00131,-0.29751]},"95o":{"weight":1.0,"played":[1.0,0.0,0.0],"evs":[0.0,-0.01283,-0.18534]},"T5o":{"weight":1.0,"played":[0.2209,0.7791,0.0],"evs":[0.0,0.00209,-0.07545]},"J5o":{"weight":1.0,"played":[0.0,0.7271,0.2729],"evs":[0.0,0.12016,0.11955]},"Q5o":{"weight":0.0,"played":[0.0,0.998,0.002],"evs":[0.0,0.58707,0.56799]},"K5o":{"weight":0.0,"played":[0.0,0.0,1.0],"evs":[0.0,0.95819,0.9862]},"A5o":{"weight":0.0,"played":[0.0,0.0,1.0],"evs":[0.0,1.3748,1.45412]},"62s":{"weight":1.0,"played":[1.0,0.0,0.0],"evs":[0.0,-0.11235,-0.48548]},"63s":{"weight":0.9998,"played":[4.0E-4,0.9996,0.0],"evs":[0.0,0.02185,-0.34419]},"64s":{"weight":0.0,"played":[0.0,1.0,0.0],"evs":[0.0,0.22718,-0.1099]},"65s":{"weight":0.0,"played":[0.0,1.0,0.0],"evs":[0.0,0.37199,0.0644]},"66":{"weight":1.0,"played":[0.0,1.0,0.0],"evs":[0.0,0.85645,0.7319]},"76o":{"weight":0.7292,"played":[4.0E-4,0.9996,0.0],"evs":[0.0,0.00951,-0.2946]},"86o":{"weight":1.0,"played":[0.0,1.0,0.0],"evs":[0.0,0.01837,-0.22314]},"96o":{"weight":1.0,"played":[0.5877,0.4123,0.0],"evs":[0.0,-0.00106,-0.10026]},"T6o":{"weight":1.0,"played":[0.0,0.8527,0.1473],"evs":[0.0,0.02829,0.02802]},"J6o":{"weight":1.0,"played":[0.0,0.7739,0.2261],"evs":[0.0,0.0832,0.08188]},"Q6o":{"weight":0.0,"played":[0.0,1.0,0.0],"evs":[0.0,0.63058,0.57786]},"K6o":{"weight":0.0,"played":[0.0,0.4325,0.5675],"evs":[0.0,1.02738,1.02573]},"A6o":{"weight":0.0,"played":[0.0,0.0,1.0],"evs":[0.0,1.34526,1.40127]},"72s":{"weight":1.0,"played":[1.0,0.0,0.0],"evs":[0.0,-0.09247,-0.46835]},"73s":{"weight":1.0,"played":[1.0E-4,0.9999,0.0],"evs":[0.0,0.01032,-0.32754]},"74s":{"weight":0.0,"played":[0.0,1.0,0.0],"evs":[0.0,0.20864,-0.10501]},"75s":{"weight":0.0,"played":[0.0,1.0,0.0],"evs":[0.0,0.38933,0.09045]},"76s":{"weight":0.0,"played":[0.0,1.0,0.0],"evs":[0.0,0.40135,0.12716]},"77":{"weight":1.0,"played":[0.0,1.0,0.0],"evs":[0.0,1.46092,1.39202]},"87o":{"weight":5.0E-4,"played":[0.0,1.0,0.0],"evs":[0.0,0.32765,0.11394]},"97o":{"weight":0.8104,"played":[0.0,1.0,0.0],"evs":[0.0,0.29085,0.20965]},"T7o":{"weight":0.5381,"played":[0.0,0.511,0.489],"evs":[0.0,0.34192,0.34133]},"J7o":{"weight":0.0,"played":[0.0,0.9965,0.0035],"evs":[0.0,0.42467,0.39948]},"Q7o":{"weight":0.0,"played":[0.0,0.9779,0.0221],"evs":[0.0,0.76811,0.74112]},"K7o":{"weight":0.0,"played":[0.0,0.0,1.0],"evs":[0.0,1.14193,1.23161]},"A7o":{"weight":0.0,"played":[0.0,0.0,1.0],"evs":[0.0,1.47597,1.6148]},"82s":{"weight":1.0,"played":[1.0E-4,0.9999,0.0],"evs":[0.0,0.05806,-0.25068]},"83s":{"weight":1.0,"played":[2.0E-4,0.9998,0.0],"evs":[0.0,0.05984,-0.26035]},"84s":{"weight":1.0,"played":[0.0,1.0,0.0],"evs":[0.0,0.23379,-0.04065]},"85s":{"weight":0.0,"played":[0.0,1.0,0.0],"evs":[0.0,0.38074,0.12678]},"86s":{"weight":0.0,"played":[0.0,1.0,0.0],"evs":[0.0,0.41657,0.21944]},"87s":{"weight":0.9992,"played":[0.0,1.0,0.0],"evs":[0.0,0.70751,0.53518]},"88":{"weight":1.0,"played":[0.0,0.9999,1.0E-4],"evs":[0.0,2.20833,2.11585]},"98o":{"weight":0.0098,"played":[0.0,0.9999,1.0E-4],"evs":[0.0,0.60682,0.52511]},"T8o":{"weight":0.0012,"played":[0.0,0.9998,2.0E-4],"evs":[0.0,0.6743,0.63417]},"J8o":{"weight":0.0,"played":[0.0,0.9999,1.0E-4],"evs":[0.0,0.77307,0.74174]},"Q8o":{"weight":0.0,"played":[0.0,0.0,1.0],"evs":[0.0,1.04205,1.08337]},"K8o":{"weight":0.0,"played":[0.0,0.0,1.0],"evs":[0.0,1.27842,1.43846]},"A8o":{"weight":0.0,"played":[0.0,0.0,1.0],"evs":[0.0,1.61967,1.85627]},"92s":{"weight":1.0,"played":[0.0,1.0,0.0],"evs":[0.0,0.17081,-0.00952]},"93s":{"weight":1.0,"played":[0.0,1.0,0.0],"evs":[0.0,0.17647,0.00365]},"94s":{"weight":1.0,"played":[0.0,1.0,0.0],"evs":[0.0,0.25053,0.06902]},"95s":{"weight":0.0,"played":[0.0,1.0,0.0],"evs":[0.0,0.37465,0.25077]},"96s":{"weight":0.0,"played":[0.0,1.0,0.0],"evs":[0.0,0.40566,0.33287]},"97s":{"weight":0.9991,"played":[0.0,0.9995,5.0E-4],"evs":[0.0,0.68738,0.61863]},"98s":{"weight":1.0,"played":[0.0,0.9999,1.0E-4],"evs":[0.0,0.98916,0.91509]},"99":{"weight":1.0,"played":[0.0,1.0,0.0],"evs":[0.0,3.10286,2.90238]},"T9o":{"weight":0.502,"played":[0.0,0.9704,0.0296],"evs":[0.0,0.89139,0.88941]},"J9o":{"weight":4.0E-4,"played":[0.0,0.0524,0.9476],"evs":[0.0,1.12337,1.12383]},"Q9o":{"weight":0.0,"played":[0.0,0.0,1.0],"evs":[0.0,1.32081,1.37717]},"K9o":{"weight":0.0,"played":[0.0,0.0,1.0],"evs":[0.0,1.55182,1.73063]},"A9o":{"weight":0.0,"played":[0.0,0.0,1.0],"evs":[0.0,1.7606,2.03089]},"T2s":{"weight":1.0,"played":[0.0,1.0,0.0],"evs":[0.0,0.2961,0.22469]},"T3s":{"weight":0.9999,"played":[0.0,1.0,0.0],"evs":[0.0,0.32325,0.23479]},"T4s":{"weight":0.0,"played":[0.0,0.9999,1.0E-4],"evs":[0.0,0.39719,0.32488]},"T5s":{"weight":0.0,"played":[0.0,0.9998,2.0E-4],"evs":[0.0,0.40333,0.34646]},"T6s":{"weight":0.0,"played":[0.0,0.0742,0.9258],"evs":[0.0,0.45177,0.46396]},"T7s":{"weight":1.0,"played":[0.0,0.9492,0.0508],"evs":[0.0,0.74695,0.74169]},"T8s":{"weight":1.0,"played":[0.0,1.0,0.0],"evs":[0.0,1.07227,1.01924]},"T9s":{"weight":1.0,"played":[0.0,0.9999,1.0E-4],"evs":[0.0,1.29286,1.26689]},"TT":{"weight":1.0,"played":[0.0,1.0,0.0],"evs":[0.0,4.02636,3.64175]},"JTo":{"weight":0.7971,"played":[0.0,0.9907,0.0093],"evs":[0.0,1.49466,1.47472]},"QTo":{"weight":0.6946,"played":[0.0,2.0E-4,0.9998],"evs":[0.0,1.67364,1.69721]},"KTo":{"weight":0.0,"played":[0.0,0.0,1.0],"evs":[0.0,1.85567,1.97982]},"ATo":{"weight":0.0,"played":[0.0,0.0,1.0],"evs":[0.0,2.04368,2.27704]},"J2s":{"weight":0.0,"played":[0.0,0.9998,2.0E-4],"evs":[0.0,0.43991,0.40474]},"J3s":{"weight":0.0,"played":[0.0,1.0,0.0],"evs":[0.0,0.46249,0.39199]},"J4s":{"weight":0.0,"played":[0.0,1.0,0.0],"evs":[0.0,0.52975,0.49067]},"J5s":{"weight":0.0,"played":[0.0,0.4352,0.5648],"evs":[0.0,0.56305,0.56106]},"J6s":{"weight":0.0,"played":[0.0,0.9996,4.0E-4],"evs":[0.0,0.54082,0.51617]},"J7s":{"weight":1.0,"played":[0.0,1.0,0.0],"evs":[0.0,0.87757,0.81075]},"J8s":{"weight":1.0,"played":[0.0,1.0,0.0],"evs":[0.0,1.20697,1.13886]},"J9s":{"weight":1.0,"played":[0.0,1.0,0.0],"evs":[0.0,1.54001,1.50022]},"JTs":{"weight":1.0,"played":[0.0,1.0,0.0],"evs":[0.0,1.89644,1.83819]},"JJ":{"weight":1.0,"played":[0.0,1.0,0.0],"evs":[0.0,5.12635,4.42908]},"QJo":{"weight":1.0,"played":[0.0,0.0,1.0],"evs":[0.0,1.96265,1.99823]},"KJo":{"weight":0.0,"played":[0.0,0.0,1.0],"evs":[0.0,2.10548,2.22891]},"AJo":{"weight":0.0,"played":[0.0,0.0,1.0],"evs":[0.0,2.38125,2.60787]},"Q2s":{"weight":0.0,"played":[0.0,1.0,0.0],"evs":[0.0,0.8962,0.84631]},"Q3s":{"weight":0.0,"played":[0.0,1.0,0.0],"evs":[0.0,0.95443,0.85656]},"Q4s":{"weight":0.0,"played":[0.0,1.0,0.0],"evs":[0.0,1.01928,0.93223]},"Q5s":{"weight":0.0739,"played":[0.0,0.9998,2.0E-4],"evs":[0.0,1.0391,0.9999]},"Q6s":{"weight":0.1552,"played":[0.0,1.0,0.0],"evs":[0.0,1.06917,0.99694]},"Q7s":{"weight":0.9882,"played":[0.0,0.9994,6.0E-4],"evs":[0.0,1.19754,1.14517]},"Q8s":{"weight":1.0,"played":[0.0,0.4899,0.5101],"evs":[0.0,1.47164,1.46536]},"Q9s":{"weight":1.0,"played":[0.0,0.1347,0.8653],"evs":[0.0,1.74744,1.74563]},"QTs":{"weight":1.0,"played":[0.0,0.9997,3.0E-4],"evs":[0.0,2.07093,2.0464]},"QJs":{"weight":1.0,"played":[0.0,0.9962,0.0038],"evs":[0.0,2.34353,2.31939]},"QQ":{"weight":1.0,"played":[0.0,1.0,0.0],"evs":[0.0,5.93429,5.18609]},"KQo":{"weight":0.5279,"played":[0.0,0.0,1.0],"evs":[0.0,2.37761,2.57141]},"AQo":{"weight":0.0,"played":[0.0,0.0,1.0],"evs":[0.0,2.56372,2.82966]},"K2s":{"weight":0.0,"played":[0.0,5.0E-4,0.9995],"evs":[0.0,1.23181,1.25684]},"K3s":{"weight":0.0,"played":[0.0,0.9997,3.0E-4],"evs":[0.0,1.30686,1.2538]},"K4s":{"weight":0.0,"played":[0.0,0.9949,0.0051],"evs":[0.0,1.35453,1.32141]},"K5s":{"weight":0.9999,"played":[0.0,0.3545,0.6455],"evs":[0.0,1.40172,1.40624]},"K6s":{"weight":0.999,"played":[0.0,0.9975,0.0025],"evs":[0.0,1.47083,1.43982]},"K7s":{"weight":1.0,"played":[0.0,0.0,1.0],"evs":[0.0,1.57202,1.61437]},"K8s":{"weight":0.9977,"played":[0.0,0.0,1.0],"evs":[0.0,1.69301,1.80885]},"K9s":{"weight":1.0,"played":[0.0,0.0,1.0],"evs":[0.0,1.97764,2.10087]},"KTs":{"weight":1.0,"played":[0.0,0.0,1.0],"evs":[0.0,2.25351,2.32454]},"KJs":{"weight":1.0,"played":[0.0,0.0,1.0],"evs":[0.0,2.48905,2.553]},"KQs":{"weight":1.0,"played":[0.0,0.0,1.0],"evs":[0.0,2.74519,2.87042]},"KK":{"weight":1.0,"played":[0.0,1.0,0.0],"evs":[0.0,6.51703,5.81292]},"AKo":{"weight":0.0,"played":[0.0,0.0,1.0],"evs":[0.0,2.66903,2.94385]},"A2s":{"weight":0.0,"played":[0.0,0.0,1.0],"evs":[0.0,1.62793,1.70539]},"A3s":{"weight":0.0,"played":[0.0,0.0019,0.9981],"evs":[0.0,1.71603,1.71815]},"A4s":{"weight":1.0,"played":[0.0,1.0E-4,0.9999],"evs":[0.0,1.77273,1.79127]},"A5s":{"weight":1.0,"played":[0.0,0.0,1.0],"evs":[0.0,1.8071,1.85347]},"A6s":{"weight":0.9953,"played":[0.0,0.0161,0.9839],"evs":[0.0,1.7707,1.79312]},"A7s":{"weight":1.0,"played":[0.0,0.0,1.0],"evs":[0.0,1.92614,2.00849]},"A8s":{"weight":1.0,"played":[0.0,0.0,1.0],"evs":[0.0,2.04449,2.21453]},"A9s":{"weight":0.9999,"played":[0.0,0.0,1.0],"evs":[0.0,2.17235,2.37868]},"ATs":{"weight":1.0,"played":[0.0,0.0,1.0],"evs":[0.0,2.45473,2.61498]},"AJs":{"weight":1.0,"played":[0.0,0.0,1.0],"evs":[0.0,2.756,2.90939]},"AQs":{"weight":1.0,"played":[0.0,0.0,1.0],"evs":[0.0,2.94213,3.13859]},"AKs":{"weight":1.0,"played":[0.0,0.0,1.0],"evs":[0.0,3.05311,3.25342]},"AA":{"weight":1.0,"played":[0.0,1.0,0.0],"evs":[0.0,7.09424,6.4036]}}}