{"player":0,"street":0,"children":3,"sequence":[{"player":0,"type":"C","amount":5000,"street":0},{"player":1,"type":"R","amount":30000,"street":0}],"actions":[{"type":"F","amount":0},{"type":"C","amount":20000},{"type":"R","amount":100000,"node":3}],"hands":{"22":{"weight":0.0,"played":[0.0,0.0,1.0],"evs":[0.0,0.26181,0.39264]},"32o":{"weight":0.0,"played":[1.0,0.0,0.0],"evs":[0.0,-0.48032,-1.49475]},"42o":{"weight":0.0,"played":[1.0,0.0,0.0],"evs":[0.0,-0.39736,-1.31159]},"52o":{"weight":0.0,"played":[1.0,0.0,0.0],"evs":[0.0,-0.3718,-1.17655]},"62o":{"weight":0.0,"played":[1.0,0.0,0.0],"evs":[0.0,-0.53513,-1.40393]},"72o":{"weight":0.0,"played":[1.0,0.0,0.0],"evs":[0.0,-0.50908,-1.44174]},"82o":{"weight":0.0,"played":[1.0,0.0,0.0],"evs":[0.0,-0.39253,-1.16708]},"92o":{"weight":0.3667,"played":[1.0,0.0,0.0],"evs":[0.0,-0.30834,-0.88892]},"T2o":{"weight":1.0,"played":[1.0,0.0,0.0],"evs":[0.0,-0.17352,-0.60271]},"J2o":{"weight":1.0,"played":[1.0,0.0,0.0],"evs":[0.0,-0.07244,-0.41989]},"Q2o":{"weight":1.0,"played":[0.0,1.0,0.0],"evs":[0.0,0.19109,-0.13234]},"K2o":{"weight":0.0,"played":[0.0,0.9991,9.0E-4],"evs":[0.0,0.7683,0.62931]},"A2o":{"weight":0.0,"played":[0.0,0.5966,0.4034],"evs":[0.0,1.27096,1.25132]},"32s":{"weight":1.0,"played":[1.0,0.0,0.0],"evs":[0.0,-0.11526,-0.94091]},"33":{"weight":0.0,"played":[0.0,0.9351,0.0649],"evs":[0.0,0.56383,0.49871]},"43o":{"weight":0.0,"played":[1.0,0.0,0.0],"evs":[0.0,-0.24328,-1.11239]},"53o":{"weight":0.9904,"played":[1.0,0.0,0.0],"evs":[0.0,-0.19357,-0.97134]},"63o":{"weight":0.0016,"played":[1.0,0.0,0.0],"evs":[0.0,-0.37514,-1.20263]},"73o":{"weight":0.0528,"played":[1.0,0.0,0.0],"evs":[0.0,-0.38602,-1.22274]},"83o":{"weight":0.048,"played":[1.0,0.0,0.0],"evs":[0.0,-0.38697,-1.15647]},"93o":{"weight":0.9997,"played":[1.0,0.0,0.0],"evs":[0.0,-0.26412,-0.82469]},"T3o":{"weight":1.0,"played":[1.0,0.0,0.0],"evs":[0.0,-0.1208,-0.55026]},"J3o":{"weight":1.0,"played":[0.9247,0.0753,0.0],"evs":[0.0,-0.00463,-0.36397]},"Q3o":{"weight":0.0136,"played":[0.0,1.0,0.0],"evs":[0.0,0.27974,-0.08911]},"K3o":{"weight":0.0,"played":[0.0,0.9999,1.0E-4],"evs":[0.0,0.89838,0.6777]},"A3o":{"weight":0.0,"played":[0.0,0.996,0.004],"evs":[0.0,1.39072,1.28998]},"42s":{"weight":0.9999,"played":[0.9875,0.0125,0.0],"evs":[0.0,-0.01148,-0.76152]},"43s":{"weight":0.2398,"played":[4.0E-4,0.9996,0.0],"evs":[0.0,0.12911,-0.5699]},"44":{"weight":0.4074,"played":[0.0,0.9987,0.0013],"evs":[0.0,0.8154,0.76867]},"54o":{"weight":1.0,"played":[0.5888,0.4112,0.0],"evs":[0.0,0.00128,-0.65583]},"64o":{"weight":1.0,"played":[1.0,0.0,0.0],"evs":[0.0,-0.15023,-0.87147]},"74o":{"weight":1.0,"played":[1.0,0.0,0.0],"evs":[0.0,-0.16817,-0.90751]},"84o":{"weight":1.0,"played":[1.0,0.0,0.0],"evs":[0.0,-0.20873,-0.82722]},"94o":{"weight":1.0,"played":[1.0,0.0,0.0],"evs":[0.0,-0.22116,-0.7087]},"T4o":{"weight":1.0,"played":[1.0,0.0,0.0],"evs":[0.0,-0.08025,-0.39182]},"J4o":{"weight":1.0,"played":[0.0762,0.9238,0.0],"evs":[0.0,0.0053,-0.20794]},"Q4o":{"weight":0.0,"played":[0.0,1.0,0.0],"evs":[0.0,0.30227,0.07365]},"K4o":{"weight":0.0,"played":[0.0,0.9984,0.0016],"evs":[0.0,0.8866,0.80419]},"A4o":{"weight":0.0,"played":[0.0,0.0,1.0],"evs":[0.0,1.39461,1.42258]},"52s":{"weight":1.0,"played":[6.0E-4,0.9994,0.0],"evs":[0.0,0.01625,-0.646]},"53s":{"weight":1.0E-4,"played":[0.0,1.0,0.0],"evs":[0.0,0.19099,-0.44815]},"54s":{"weight":0.0,"played":[0.0,1.0,0.0],"evs":[0.0,0.3823,-0.17006]},"55":{"weight":1.0,"played":[0.0,0.6959,0.3041],"evs":[0.0,1.05553,1.05345]},"65o":{"weight":1.0,"played":[0.8092,0.1908,0.0],"evs":[0.0,-0.004,-0.6251]},"75o":{"weight":1.0,"played":[1.0,0.0,0.0],"evs":[0.0,-0.02924,-0.66047]},"85o":{"weight":1.0,"played":[1.0,0.0,0.0],"evs":[0.0,-0.06792,-0.58603]},"95o":{"weight":1.0,"played":[1.0,0.0,0.0],"evs":[0.0,-0.10783,-0.45719]},"T5o":{"weight":1.0,"played":[1.0,0.0,0.0],"evs":[0.0,-0.09088,-0.3235]},"J5o":{"weight":1.0,"played":[0.0,1.0,0.0],"evs":[0.0,0.0064,-0.09833]},"Q5o":{"weight":0.0,"played":[0.0,1.0,0.0],"evs":[0.0,0.3267,0.19228]},"K5o":{"weight":0.0,"played":[0.0,0.0,1.0],"evs":[0.0,0.91195,0.91939]},"A5o":{"weight":0.0,"played":[0.0,0.0,1.0],"evs":[0.0,1.46338,1.56121]},"62s":{"weight":1.0,"played":[1.0,0.0,0.0],"evs":[0.0,-0.14962,-0.87377]},"63s":{"weight":0.9986,"played":[0.0069,0.9931,0.0],"evs":[0.0,0.01571,-0.6615]},"64s":{"weight":0.0,"played":[0.0,1.0,0.0],"evs":[0.0,0.25801,-0.33176]},"65s":{"weight":0.0,"played":[0.0,1.0,0.0],"evs":[0.0,0.40426,-0.12578]},"66":{"weight":1.0,"played":[0.0,0.3184,0.6816],"evs":[0.0,1.4338,1.43182]},"76o":{"weight":0.4743,"played":[0.0081,0.9919,0.0],"evs":[0.0,0.03275,-0.54368]},"86o":{"weight":1.0,"played":[0.3485,0.6515,0.0],"evs":[0.0,0.00915,-0.41229]},"96o":{"weight":1.0,"played":[0.9983,0.0017,0.0],"evs":[0.0,-0.01242,-0.27426]},"T6o":{"weight":1.0,"played":[0.5048,0.4952,0.0],"evs":[0.0,0.00181,-0.12285]},"J6o":{"weight":1.0,"played":[0.3419,0.6581,0.0],"evs":[0.0,7.6E-4,-0.08054]},"Q6o":{"weight":0.0,"played":[0.0,1.0,0.0],"evs":[0.0,0.35194,0.25371]},"K6o":{"weight":0.0,"played":[0.0,0.0,1.0],"evs":[0.0,1.03215,1.07021]},"A6o":{"weight":0.0,"played":[0.0,0.0,1.0],"evs":[0.0,1.43916,1.60589]},"72s":{"weight":1.0,"played":[1.0,0.0,0.0],"evs":[0.0,-0.13561,-0.89576]},"73s":{"weight":1.0,"played":[0.9657,0.0343,0.0],"evs":[0.0,-0.01782,-0.71209]},"74s":{"weight":0.0,"played":[0.0,1.0,0.0],"evs":[0.0,0.21931,-0.37719]},"75s":{"weight":0.0,"played":[0.0,1.0,0.0],"evs":[0.0,0.38417,-0.15194]},"76s":{"weight":0.0,"played":[0.0,1.0,0.0],"evs":[0.0,0.4353,-0.04577]},"77":{"weight":1.0,"played":[0.0,0.2019,0.7981],"evs":[0.0,2.01487,2.01781]},"87o":{"weight":0.0548,"played":[0.0,1.0,0.0],"evs":[0.0,0.26262,-0.08265]},"97o":{"weight":0.6997,"played":[0.0,1.0,0.0],"evs":[0.0,0.22791,0.06584]},"T7o":{"weight":0.4651,"played":[0.0,1.0,0.0],"evs":[0.0,0.26076,0.21103]},"J7o":{"weight":0.0,"played":[0.0,0.9999,1.0E-4],"evs":[0.0,0.3041,0.26468]},"Q7o":{"weight":0.0,"played":[0.0,0.9862,0.0138],"evs":[0.0,0.47899,0.42731]},"K7o":{"weight":0.0,"played":[0.0,0.0,1.0],"evs":[0.0,1.16603,1.27782]},"A7o":{"weight":0.0,"played":[0.0,0.0,1.0],"evs":[0.0,1.58383,1.83712]},"82s":{"weight":1.0,"played":[0.8464,0.1536,0.0],"evs":[0.0,0.00292,-0.61529]},"83s":{"weight":1.0,"played":[0.0717,0.9283,0.0],"evs":[0.0,2.5E-4,-0.59412]},"84s":{"weight":0.9997,"played":[0.0,1.0,0.0],"evs":[0.0,0.1947,-0.30191]},"85s":{"weight":0.0,"played":[0.0,1.0,0.0],"evs":[0.0,0.33197,-0.07742]},"86s":{"weight":0.0,"played":[0.0,1.0,0.0],"evs":[0.0,0.42859,0.09172]},"87s":{"weight":0.9993,"played":[0.0,1.0,0.0],"evs":[0.0,0.6736,0.40381]},"88":{"weight":1.0,"played":[0.0,0.269,0.731],"evs":[0.0,2.75367,2.75455]},"98o":{"weight":0.0064,"played":[0.0,1.0,0.0],"evs":[0.0,0.52072,0.44319]},"T8o":{"weight":4.0E-4,"played":[0.0,0.7273,0.2727],"evs":[0.0,0.55349,0.54066]},"J8o":{"weight":0.0,"played":[0.0,0.8954,0.1046],"evs":[0.0,0.59811,0.58758]},"Q8o":{"weight":0.0,"played":[0.0,0.0,1.0],"evs":[0.0,0.71675,0.75705]},"K8o":{"weight":0.0,"played":[0.0,0.0,1.0],"evs":[0.0,1.2736,1.4744]},"A8o":{"weight":0.0,"played":[0.0,0.0,1.0],"evs":[0.0,1.72633,2.07673]},"92s":{"weight":1.0,"played":[2.0E-4,0.9998,0.0],"evs":[0.0,0.09119,-0.35222]},"93s":{"weight":1.0,"played":[0.0,1.0,0.0],"evs":[0.0,0.11962,-0.31027]},"94s":{"weight":1.0,"played":[1.0E-4,0.9999,0.0],"evs":[0.0,0.17846,-0.17337]},"95s":{"weight":0.0,"played":[0.0,1.0,0.0],"evs":[0.0,0.30358,0.04439]},"96s":{"weight":0.0,"played":[0.0,1.0,0.0],"evs":[0.0,0.40785,0.21997]},"97s":{"weight":0.6953,"played":[0.0,0.9999,1.0E-4],"evs":[0.0,0.6432,0.53477]},"98s":{"weight":1.0,"played":[0.0,0.9965,0.0035],"evs":[0.0,0.93657,0.89372]},"99":{"weight":1.0,"played":[0.0,0.9997,3.0E-4],"evs":[0.0,3.53687,3.49511]},"T9o":{"weight":0.2288,"played":[0.0,0.748,0.252],"evs":[0.0,0.78685,0.78501]},"J9o":{"weight":0.0,"played":[0.0,0.6309,0.3691],"evs":[0.0,0.88479,0.86857]},"Q9o":{"weight":0.0,"played":[0.0,0.0,1.0],"evs":[0.0,1.04326,1.11732]},"K9o":{"weight":0.0,"played":[0.0,0.0,1.0],"evs":[0.0,1.56208,1.77406]},"A9o":{"weight":0.0,"played":[0.0,0.0,1.0],"evs":[0.0,1.88307,2.2474]},"T2s":{"weight":1.0,"played":[0.0,1.0,0.0],"evs":[0.0,0.25637,-0.05967]},"T3s":{"weight":0.9833,"played":[0.0,1.0,0.0],"evs":[0.0,0.3164,-0.01388]},"T4s":{"weight":0.0,"played":[0.0,1.0,0.0],"evs":[0.0,0.35605,0.1395]},"T5s":{"weight":1.0E-4,"played":[0.0,1.0,0.0],"evs":[0.0,0.35977,0.20132]},"T6s":{"weight":1.0E-4,"played":[0.0,1.0,0.0],"evs":[0.0,0.46424,0.38056]},"T7s":{"weight":1.0,"played":[0.0,0.998,0.002],"evs":[0.0,0.7118,0.69891]},"T8s":{"weight":1.0,"played":[0.0,0.7282,0.2718],"evs":[0.0,1.00388,1.00083]},"T9s":{"weight":1.0,"played":[0.0,0.3982,0.6018],"evs":[0.0,1.24163,1.24535]},"TT":{"weight":1.0,"played":[0.0,1.0,0.0],"evs":[0.0,4.38206,4.23196]},"JTo":{"weight":0.5332,"played":[0.0,0.5763,0.4237],"evs":[0.0,1.19465,1.19547]},"QTo":{"weight":0.6084,"played":[0.0,0.0,1.0],"evs":[0.0,1.3886,1.43659]},"KTo":{"weight":0.0,"played":[0.0,0.0,1.0],"evs":[0.0,1.892,2.08538]},"ATo":{"weight":0.0,"played":[0.0,0.0,1.0],"evs":[0.0,2.1974,2.55423]},"J2s":{"weight":0.0,"played":[0.0,1.0,0.0],"evs":[0.0,0.38362,0.12251]},"J3s":{"weight":0.0,"played":[0.0,1.0,0.0],"evs":[0.0,0.46425,0.16794]},"J4s":{"weight":0.0,"played":[0.0,1.0,0.0],"evs":[0.0,0.46139,0.29818]},"J5s":{"weight":0.0,"played":[0.0,0.9992,8.0E-4],"evs":[0.0,0.49467,0.41737]},"J6s":{"weight":3.0E-4,"played":[0.0,1.0,0.0],"evs":[0.0,0.50309,0.42597]},"J7s":{"weight":0.9999,"played":[0.0,0.9999,1.0E-4],"evs":[0.0,0.78876,0.73848]},"J8s":{"weight":1.0,"played":[0.0,0.9165,0.0835],"evs":[0.0,1.06338,1.04103]},"J9s":{"weight":1.0,"played":[0.0,0.7408,0.2592],"evs":[0.0,1.33025,1.31612]},"JTs":{"weight":1.0,"played":[0.0,0.9387,0.0613],"evs":[0.0,1.62249,1.6153]},"JJ":{"weight":1.0,"played":[0.0,1.0,0.0],"evs":[0.0,5.1921,4.934]},"QJo":{"weight":1.0,"played":[0.0,0.0,1.0],"evs":[0.0,1.83262,1.96968]},"KJo":{"weight":0.0,"played":[0.0,0.0,1.0],"evs":[0.0,2.18833,2.44111]},"AJo":{"weight":0.0,"played":[0.0,0.0,1.0],"evs":[0.0,2.52955,2.92948]},"Q2s":{"weight":0.0,"played":[0.0,1.0,0.0],"evs":[0.0,0.64743,0.36922]},"Q3s":{"weight":0.0,"played":[0.0,1.0,0.0],"evs":[0.0,0.74573,0.43567]},"Q4s":{"weight":0.0,"played":[0.0,1.0,0.0],"evs":[0.0,0.7589,0.56927]},"Q5s":{"weight":0.071,"played":[0.0,1.0,0.0],"evs":[0.0,0.77978,0.66208]},"Q6s":{"weight":0.0232,"played":[0.0,0.9997,3.0E-4],"evs":[0.0,0.82755,0.72745]},"Q7s":{"weight":0.3073,"played":[0.0,0.999,0.001],"evs":[0.0,0.94467,0.88415]},"Q8s":{"weight":0.999,"played":[0.0,0.0048,0.9952],"evs":[0.0,1.20592,1.21833]},"Q9s":{"weight":1.0,"played":[0.0,0.0,1.0],"evs":[0.0,1.48123,1.52933]},"QTs":{"weight":1.0,"played":[0.0,0.0,1.0],"evs":[0.0,1.82458,1.86081]},"QJs":{"weight":1.0,"played":[0.0,0.0,1.0],"evs":[0.0,2.22996,2.33922]},"QQ":{"weight":1.0,"played":[0.0,1.0,0.0],"evs":[0.0,5.99055,5.73149]},"KQo":{"weight":0.0413,"played":[0.0,0.0,1.0],"evs":[0.0,2.48494,2.75913]},"AQo":{"weight":0.0,"played":[0.0,0.0,1.0],"evs":[0.0,2.81961,3.24782]},"K2s":{"weight":0.0,"played":[0.0,0.9989,0.0011],"evs":[0.0,1.23343,1.13482]},"K3s":{"weight":0.0,"played":[0.0,0.9992,8.0E-4],"evs":[0.0,1.34608,1.16937]},"K4s":{"weight":0.0,"played":[0.0,0.9947,0.0053],"evs":[0.0,1.35043,1.27701]},"K5s":{"weight":0.4918,"played":[0.0,0.0019,0.9981],"evs":[0.0,1.39486,1.40045]},"K6s":{"weight":0.6357,"played":[0.0,0.0,1.0],"evs":[0.0,1.46573,1.49458]},"K7s":{"weight":0.9969,"played":[0.0,0.0,1.0],"evs":[0.0,1.61841,1.70903]},"K8s":{"weight":0.527,"played":[0.0,0.0,1.0],"evs":[0.0,1.74923,1.91142]},"K9s":{"weight":0.9995,"played":[0.0,0.0,1.0],"evs":[0.0,2.01323,2.18904]},"KTs":{"weight":1.0,"played":[0.0,0.0,1.0],"evs":[0.0,2.30003,2.46145]},"KJs":{"weight":1.0,"played":[0.0,0.0,1.0],"evs":[0.0,2.58618,2.79717]},"KQs":{"weight":1.0,"played":[0.0,0.0,1.0],"evs":[0.0,2.86334,3.08004]},"KK":{"weight":1.0,"played":[0.0,1.0,0.0],"evs":[0.0,6.65389,6.46958]},"AKo":{"weight":0.0,"played":[0.0,0.0,1.0],"evs":[0.0,3.00364,3.42593]},"A2s":{"weight":0.0,"played":[0.0,0.4541,0.5459],"evs":[0.0,1.74367,1.73195]},"A3s":{"weight":0.0,"played":[0.0,0.9878,0.0122],"evs":[0.0,1.87794,1.80389]},"A4s":{"weight":0.63,"played":[0.0,0.1039,0.8961],"evs":[0.0,1.85808,1.87956]},"A5s":{"weight":1.0,"played":[0.0,0.0,1.0],"evs":[0.0,1.92858,2.01486]},"A6s":{"weight":0.5484,"played":[0.0,0.0,1.0],"evs":[0.0,1.92057,2.06307]},"A7s":{"weight":1.0,"played":[0.0,0.0,1.0],"evs":[0.0,2.05475,2.25484]},"A8s":{"weight":0.9997,"played":[0.0,0.0,1.0],"evs":[0.0,2.18523,2.47606]},"A9s":{"weight":0.9857,"played":[0.0,0.0,1.0],"evs":[0.0,2.33041,2.64755]},"ATs":{"weight":1.0,"played":[0.0,0.0,1.0],"evs":[0.0,2.62485,2.91858]},"AJs":{"weight":1.0,"played":[0.0,0.0,1.0],"evs":[0.0,2.92703,3.27481]},"AQs":{"weight":1.0,"played":[0.0,0.0,1.0],"evs":[0.0,3.18352,3.54755]},"AKs":{"weight":1.0,"played":[0.0,0.0,1.0],"evs":[0.0,3.37208,3.73261]},"AA":{"weight":1.0,"played":[0.0,1.0,0.0],"evs":[0.0,7.32358,7.13496]}}}