{"player":1,"street":0,"children":2,"sequence":[{"player":0,"type":"C","amount":5000,"street":0},{"player":1,"type":"R","amount":25000,"street":0},{"player":0,"type":"R","amount":100000,"street":0}],"actions":[{"type":"F","amount":0},{"type":"C","amount":75000}],"hands":{"22":{"weight":0.0,"played":[0.0,1.0],"evs":[0.0,2.97336]},"32o":{"weight":6.0E-4,"played":[1.0,0.0],"evs":[0.0,-0.64375]},"42o":{"weight":0.1128,"played":[1.0,0.0],"evs":[0.0,-0.62764]},"52o":{"weight":0.1099,"played":[1.0,0.0],"evs":[0.0,-0.59322]},"62o":{"weight":0.3269,"played":[1.0,0.0],"evs":[0.0,-0.81277]},"72o":{"weight":0.0347,"played":[1.0,0.0],"evs":[0.0,-1.02808]},"82o":{"weight":0.3204,"played":[1.0,0.0],"evs":[0.0,-0.91188]},"92o":{"weight":0.2422,"played":[1.0,0.0],"evs":[0.0,-0.89615]},"T2o":{"weight":0.1012,"played":[1.0,0.0],"evs":[0.0,-0.90685]},"J2o":{"weight":0.0,"played":[1.0,0.0],"evs":[0.0,-0.61008]},"Q2o":{"weight":0.0,"played":[1.0,0.0],"evs":[0.0,-0.4443]},"K2o":{"weight":0.0,"played":[0.0,1.0],"evs":[0.0,0.9189]},"A2o":{"weight":0.0,"played":[0.0,1.0],"evs":[0.0,2.79339]},"32s":{"weight":0.0,"played":[6.0E-4,0.9994],"evs":[0.0,0.03248]},"33":{"weight":0.0,"played":[0.0,1.0],"evs":[0.0,3.12253]},"43o":{"weight":1.0E-4,"played":[1.0,0.0],"evs":[0.0,-0.32707]},"53o":{"weight":0.0,"played":[1.0,0.0],"evs":[0.0,-0.29943]},"63o":{"weight":0.0564,"played":[1.0,0.0],"evs":[0.0,-0.52775]},"73o":{"weight":0.5617,"played":[1.0,0.0],"evs":[0.0,-0.741]},"83o":{"weight":0.1056,"played":[1.0,0.0],"evs":[0.0,-0.89464]},"93o":{"weight":0.3809,"played":[1.0,0.0],"evs":[0.0,-0.82526]},"T3o":{"weight":0.3343,"played":[1.0,0.0],"evs":[0.0,-0.83983]},"J3o":{"weight":0.1405,"played":[1.0,0.0],"evs":[0.0,-0.53606]},"Q3o":{"weight":0.0,"played":[1.0,0.0],"evs":[0.0,-0.36946]},"K3o":{"weight":0.0,"played":[0.0,1.0],"evs":[0.0,0.98024]},"A3o":{"weight":0.0,"played":[0.0,1.0],"evs":[0.0,2.84989]},"42s":{"weight":0.0,"played":[0.0011,0.9989],"evs":[0.0,0.07458]},"43s":{"weight":0.0,"played":[0.0,1.0],"evs":[0.0,0.3298]},"44":{"weight":0.0135,"played":[0.0,1.0],"evs":[0.0,3.31722]},"54o":{"weight":0.0,"played":[1.0,0.0],"evs":[0.0,-0.08182]},"64o":{"weight":0.0,"played":[1.0,0.0],"evs":[0.0,-0.29137]},"74o":{"weight":0.2837,"played":[1.0,0.0],"evs":[0.0,-0.51439]},"84o":{"weight":0.3292,"played":[1.0,0.0],"evs":[0.0,-0.67924]},"94o":{"weight":0.0549,"played":[1.0,0.0],"evs":[0.0,-0.89681]},"T4o":{"weight":0.168,"played":[1.0,0.0],"evs":[0.0,-0.8458]},"J4o":{"weight":0.0761,"played":[1.0,0.0],"evs":[0.0,-0.53147]},"Q4o":{"weight":0.0028,"played":[1.0,0.0],"evs":[0.0,-0.36269]},"K4o":{"weight":0.0,"played":[0.0,1.0],"evs":[0.0,0.99268]},"A4o":{"weight":0.0,"played":[0.0,1.0],"evs":[0.0,2.91989]},"52s":{"weight":0.0,"played":[3.0E-4,0.9997],"evs":[0.0,0.09244]},"53s":{"weight":0.0,"played":[0.0,1.0],"evs":[0.0,0.36456]},"54s":{"weight":0.0,"played":[0.0,1.0],"evs":[0.0,0.57897]},"55":{"weight":6.0E-4,"played":[0.0,1.0],"evs":[0.0,3.63551]},"65o":{"weight":0.0,"played":[1.0,0.0],"evs":[0.0,-0.0678]},"75o":{"weight":0.0,"played":[1.0,0.0],"evs":[0.0,-0.28928]},"85o":{"weight":0.1343,"played":[1.0,0.0],"evs":[0.0,-0.46048]},"95o":{"weight":0.1405,"played":[1.0,0.0],"evs":[0.0,-0.67499]},"T5o":{"weight":0.1382,"played":[1.0,0.0],"evs":[0.0,-0.91047]},"J5o":{"weight":0.116,"played":[1.0,0.0],"evs":[0.0,-0.47748]},"Q5o":{"weight":3.0E-4,"played":[1.0,0.0],"evs":[0.0,-0.29836]},"K5o":{"weight":0.0,"played":[0.0,1.0],"evs":[0.0,1.12683]},"A5o":{"weight":0.0,"played":[0.0,1.0],"evs":[0.0,3.13141]},"62s":{"weight":0.0,"played":[1.0,0.0],"evs":[0.0,-0.08733]},"63s":{"weight":0.0,"played":[0.0,1.0],"evs":[0.0,0.14292]},"64s":{"weight":0.0,"played":[0.0,1.0],"evs":[0.0,0.39017]},"65s":{"weight":0.0892,"played":[0.0,1.0],"evs":[0.0,0.60178]},"66":{"weight":1.0,"played":[0.0,1.0],"evs":[0.0,3.99914]},"76o":{"weight":0.0,"played":[0.9999,1.0E-4],"evs":[0.0,-0.00618]},"86o":{"weight":0.0,"played":[1.0,0.0],"evs":[0.0,-0.15427]},"96o":{"weight":0.0782,"played":[1.0,0.0],"evs":[0.0,-0.34438]},"T6o":{"weight":0.2476,"played":[1.0,0.0],"evs":[0.0,-0.53249]},"J6o":{"weight":0.5066,"played":[1.0,0.0],"evs":[0.0,-0.31647]},"Q6o":{"weight":0.3075,"played":[1.0,0.0],"evs":[0.0,-0.14796]},"K6o":{"weight":0.0,"played":[0.0,1.0],"evs":[0.0,1.27529]},"A6o":{"weight":0.0,"played":[0.0,1.0],"evs":[0.0,3.14062]},"72s":{"weight":0.0,"played":[1.0,0.0],"evs":[0.0,-0.28251]},"73s":{"weight":0.0,"played":[1.0,0.0],"evs":[0.0,-0.0159]},"74s":{"weight":0.0,"played":[0.0,1.0],"evs":[0.0,0.19809]},"75s":{"weight":0.0,"played":[0.0,1.0],"evs":[0.0,0.39891]},"76s":{"weight":0.1757,"played":[0.0,1.0],"evs":[0.0,0.64547]},"77":{"weight":1.0,"played":[0.0,1.0],"evs":[0.0,4.34293]},"87o":{"weight":0.0,"played":[0.0895,0.9105],"evs":[0.0,0.02911]},"97o":{"weight":0.0,"played":[1.0,0.0],"evs":[0.0,-0.13267]},"T7o":{"weight":0.1375,"played":[1.0,0.0],"evs":[0.0,-0.22761]},"J7o":{"weight":0.3244,"played":[1.0,0.0],"evs":[0.0,-0.06588]},"Q7o":{"weight":0.0,"played":[1.0,0.0],"evs":[0.0,-0.23887]},"K7o":{"weight":0.0,"played":[0.0,1.0],"evs":[0.0,1.3869]},"A7o":{"weight":0.0,"played":[0.0,1.0],"evs":[0.0,3.45736]},"82s":{"weight":0.0,"played":[1.0,0.0],"evs":[0.0,-0.19226]},"83s":{"weight":0.0,"played":[1.0,0.0],"evs":[0.0,-0.18931]},"84s":{"weight":0.0,"played":[0.0793,0.9207],"evs":[0.0,0.01294]},"85s":{"weight":0.0,"played":[0.0,1.0],"evs":[0.0,0.22652]},"86s":{"weight":0.2219,"played":[0.0,1.0],"evs":[0.0,0.54238]},"87s":{"weight":0.9999,"played":[0.0,1.0],"evs":[0.0,0.71536]},"88":{"weight":1.0,"played":[0.0,1.0],"evs":[0.0,4.76808]},"98o":{"weight":0.0,"played":[0.0,1.0],"evs":[0.0,0.14349]},"T8o":{"weight":0.0,"played":[0.0,1.0],"evs":[0.0,0.12228]},"J8o":{"weight":0.0048,"played":[0.0,1.0],"evs":[0.0,0.20878]},"Q8o":{"weight":0.0,"played":[0.0828,0.9172],"evs":[0.0,0.02501]},"K8o":{"weight":0.0,"played":[0.0,1.0],"evs":[0.0,1.62886]},"A8o":{"weight":0.0,"played":[0.0,1.0],"evs":[0.0,3.7769]},"92s":{"weight":0.0,"played":[1.0,0.0],"evs":[0.0,-0.17172]},"93s":{"weight":0.0,"played":[1.0,0.0],"evs":[0.0,-0.11155]},"94s":{"weight":0.0,"played":[1.0,0.0],"evs":[0.0,-0.1726]},"95s":{"weight":0.0,"played":[0.0,1.0],"evs":[0.0,0.03434]},"96s":{"weight":0.0,"played":[0.0,1.0],"evs":[0.0,0.33442]},"97s":{"weight":1.0E-4,"played":[0.0,1.0],"evs":[0.0,0.53831]},"98s":{"weight":0.9588,"played":[0.0,1.0],"evs":[0.0,0.80848]},"99":{"weight":1.0,"played":[0.0,1.0],"evs":[0.0,5.19968]},"T9o":{"weight":0.0,"played":[0.0,1.0],"evs":[0.0,0.39637]},"J9o":{"weight":0.1535,"played":[0.0,1.0],"evs":[0.0,0.46815]},"Q9o":{"weight":0.0,"played":[0.0,1.0],"evs":[0.0,0.43772]},"K9o":{"weight":0.0,"played":[0.0,1.0],"evs":[0.0,2.16142]},"A9o":{"weight":0.0,"played":[0.0,1.0],"evs":[0.0,4.17047]},"T2s":{"weight":0.0,"played":[1.0,0.0],"evs":[0.0,-0.19498]},"T3s":{"weight":0.0,"played":[1.0,0.0],"evs":[0.0,-0.10209]},"T4s":{"weight":0.0,"played":[1.0,0.0],"evs":[0.0,-0.127]},"T5s":{"weight":0.0,"played":[1.0,0.0],"evs":[0.0,-0.18031]},"T6s":{"weight":0.0,"played":[0.0,1.0],"evs":[0.0,0.15969]},"T7s":{"weight":0.0,"played":[0.0,1.0],"evs":[0.0,0.46934]},"T8s":{"weight":0.0077,"played":[0.0,1.0],"evs":[0.0,0.78249]},"T9s":{"weight":0.5325,"played":[0.0,1.0],"evs":[0.0,1.06245]},"TT":{"weight":1.0,"played":[0.0,1.0],"evs":[0.0,5.86877]},"JTo":{"weight":0.0,"played":[0.0,1.0],"evs":[0.0,0.76106]},"QTo":{"weight":0.0,"played":[0.0,1.0],"evs":[0.0,1.1485]},"KTo":{"weight":0.0,"played":[0.0,1.0],"evs":[0.0,2.88831]},"ATo":{"weight":0.0,"played":[0.0,1.0],"evs":[0.0,5.00137]},"J2s":{"weight":0.0,"played":[2.0E-4,0.9998],"evs":[0.0,0.11406]},"J3s":{"weight":0.0,"played":[0.0,1.0],"evs":[0.0,0.15918]},"J4s":{"weight":0.0,"played":[1.0E-4,0.9999],"evs":[0.0,0.17445]},"J5s":{"weight":0.0,"played":[0.0,1.0],"evs":[0.0,0.21377]},"J6s":{"weight":0.0,"played":[0.0,1.0],"evs":[0.0,0.35209]},"J7s":{"weight":3.0E-4,"played":[0.0,1.0],"evs":[0.0,0.61608]},"J8s":{"weight":0.6374,"played":[0.0,1.0],"evs":[0.0,0.85865]},"J9s":{"weight":0.7946,"played":[0.0,1.0],"evs":[0.0,1.12906]},"JTs":{"weight":0.0491,"played":[0.0,1.0],"evs":[0.0,1.39066]},"JJ":{"weight":1.0,"played":[0.0,1.0],"evs":[0.0,6.63101]},"QJo":{"weight":0.0361,"played":[0.0,1.0],"evs":[0.0,1.96493]},"KJo":{"weight":0.0,"played":[0.0,1.0],"evs":[0.0,3.35187]},"AJo":{"weight":0.0,"played":[0.0,1.0],"evs":[0.0,5.52068]},"Q2s":{"weight":0.0,"played":[0.0,1.0],"evs":[0.0,0.23129]},"Q3s":{"weight":0.0,"played":[1.0E-4,0.9999],"evs":[0.0,0.32083]},"Q4s":{"weight":0.0,"played":[0.0,1.0],"evs":[0.0,0.33644]},"Q5s":{"weight":0.0,"played":[0.0,1.0],"evs":[0.0,0.40117]},"Q6s":{"weight":0.0021,"played":[0.0,1.0],"evs":[0.0,0.52329]},"Q7s":{"weight":0.0,"played":[0.0,1.0],"evs":[0.0,0.46467]},"Q8s":{"weight":0.0,"played":[0.0,1.0],"evs":[0.0,0.71431]},"Q9s":{"weight":0.3522,"played":[0.0,1.0],"evs":[0.0,1.09193]},"QTs":{"weight":0.9994,"played":[0.0,1.0],"evs":[0.0,1.73758]},"QJs":{"weight":1.0,"played":[0.0,1.0],"evs":[0.0,2.49878]},"QQ":{"weight":1.0,"played":[0.0,1.0],"evs":[0.0,7.71872]},"KQo":{"weight":0.0,"played":[0.0,1.0],"evs":[0.0,4.13553]},"AQo":{"weight":0.0,"played":[0.0,1.0],"evs":[0.0,6.27897]},"K2s":{"weight":0.0,"played":[0.0,1.0],"evs":[0.0,1.57384]},"K3s":{"weight":0.0,"played":[0.0,1.0],"evs":[0.0,1.63356]},"K4s":{"weight":0.0,"played":[0.0,1.0],"evs":[0.0,1.64344]},"K5s":{"weight":0.0,"played":[0.0,1.0],"evs":[0.0,1.79799]},"K6s":{"weight":0.2857,"played":[0.0,1.0],"evs":[0.0,1.87716]},"K7s":{"weight":0.0,"played":[0.0,1.0],"evs":[0.0,1.99861]},"K8s":{"weight":0.0,"played":[0.0,1.0],"evs":[0.0,2.21155]},"K9s":{"weight":0.0,"played":[0.0,1.0],"evs":[0.0,2.71433]},"KTs":{"weight":0.0,"played":[0.0,1.0],"evs":[0.0,3.38718]},"KJs":{"weight":0.9991,"played":[0.0,1.0],"evs":[0.0,3.83973]},"KQs":{"weight":0.5403,"played":[0.0,1.0],"evs":[0.0,4.53534]},"KK":{"weight":1.0,"played":[0.0,1.0],"evs":[0.0,8.9886]},"AKo":{"weight":0.0,"played":[0.0,1.0],"evs":[0.0,6.69939]},"A2s":{"weight":0.0,"played":[0.0,1.0],"evs":[0.0,3.41793]},"A3s":{"weight":0.0,"played":[0.0,1.0],"evs":[0.0,3.4477]},"A4s":{"weight":0.0,"played":[0.0,1.0],"evs":[0.0,3.49443]},"A5s":{"weight":0.0808,"played":[0.0,1.0],"evs":[0.0,3.70181]},"A6s":{"weight":0.4294,"played":[0.0,1.0],"evs":[0.0,3.69284]},"A7s":{"weight":0.0,"played":[0.0,1.0],"evs":[0.0,3.98294]},"A8s":{"weight":0.0,"played":[0.0,1.0],"evs":[0.0,4.28267]},"A9s":{"weight":0.0,"played":[0.0,1.0],"evs":[0.0,4.64642]},"ATs":{"weight":0.0,"played":[0.0,1.0],"evs":[0.0,5.40237]},"AJs":{"weight":0.9974,"played":[0.0,1.0],"evs":[0.0,5.91089]},"AQs":{"weight":8.0E-4,"played":[0.0,1.0],"evs":[0.0,6.57525]},"AKs":{"weight":0.0,"played":[0.0,1.0],"evs":[0.0,6.97327]},"AA":{"weight":1.0,"played":[0.0,1.0],"evs":[0.0,10.34677]}}}