{"player":1,"street":0,"children":2,"sequence":[{"player":0,"type":"C","amount":5000,"street":0},{"player":1,"type":"R","amount":30000,"street":0},{"player":0,"type":"R","amount":100000,"street":0}],"actions":[{"type":"F","amount":0},{"type":"C","amount":70000}],"hands":{"22":{"weight":0.0,"played":[0.0,1.0],"evs":[0.0,2.53941]},"32o":{"weight":0.0676,"played":[1.0,0.0],"evs":[0.0,-0.68082]},"42o":{"weight":0.2334,"played":[1.0,0.0],"evs":[0.0,-0.65586]},"52o":{"weight":0.3065,"played":[1.0,0.0],"evs":[0.0,-0.5973]},"62o":{"weight":0.7069,"played":[1.0,0.0],"evs":[0.0,-0.7624]},"72o":{"weight":0.6268,"played":[1.0,0.0],"evs":[0.0,-0.91657]},"82o":{"weight":0.162,"played":[1.0,0.0],"evs":[0.0,-0.71111]},"92o":{"weight":0.1643,"played":[1.0,0.0],"evs":[0.0,-0.66069]},"T2o":{"weight":0.0792,"played":[1.0,0.0],"evs":[0.0,-0.67221]},"J2o":{"weight":1.0E-4,"played":[1.0,0.0],"evs":[0.0,-0.44703]},"Q2o":{"weight":0.0,"played":[0.9998,2.0E-4],"evs":[0.0,-0.27713]},"K2o":{"weight":0.0,"played":[0.0,1.0],"evs":[0.0,1.33782]},"A2o":{"weight":0.0,"played":[0.0,1.0],"evs":[0.0,2.63048]},"32s":{"weight":0.0,"played":[0.6325,0.3675],"evs":[0.0,0.01956]},"33":{"weight":0.0,"played":[0.0,1.0],"evs":[0.0,2.67007]},"43o":{"weight":0.0016,"played":[1.0,0.0],"evs":[0.0,-0.38625]},"53o":{"weight":0.0,"played":[1.0,0.0],"evs":[0.0,-0.317]},"63o":{"weight":0.1196,"played":[1.0,0.0],"evs":[0.0,-0.46534]},"73o":{"weight":0.6519,"played":[1.0,0.0],"evs":[0.0,-0.61929]},"83o":{"weight":0.3336,"played":[1.0,0.0],"evs":[0.0,-0.70897]},"93o":{"weight":0.6185,"played":[1.0,0.0],"evs":[0.0,-0.59642]},"T3o":{"weight":0.5064,"played":[1.0,0.0],"evs":[0.0,-0.58736]},"J3o":{"weight":1.0E-4,"played":[1.0,0.0],"evs":[0.0,-0.37445]},"Q3o":{"weight":0.0,"played":[1.0,0.0],"evs":[0.0,-0.23139]},"K3o":{"weight":0.0,"played":[0.0,1.0],"evs":[0.0,1.37056]},"A3o":{"weight":0.0,"played":[0.0,1.0],"evs":[0.0,2.67984]},"42s":{"weight":0.0,"played":[0.1318,0.8682],"evs":[0.0,0.04619]},"43s":{"weight":0.0,"played":[0.0,1.0],"evs":[0.0,0.3056]},"44":{"weight":0.0,"played":[0.0,1.0],"evs":[0.0,2.83784]},"54o":{"weight":0.0,"played":[0.9998,2.0E-4],"evs":[0.0,-0.09382]},"64o":{"weight":0.0,"played":[1.0,0.0],"evs":[0.0,-0.25138]},"74o":{"weight":0.0748,"played":[1.0,0.0],"evs":[0.0,-0.38839]},"84o":{"weight":0.2233,"played":[1.0,0.0],"evs":[0.0,-0.45297]},"94o":{"weight":5.0E-4,"played":[1.0,0.0],"evs":[0.0,-0.61791]},"T4o":{"weight":0.1951,"played":[1.0,0.0],"evs":[0.0,-0.57047]},"J4o":{"weight":0.0022,"played":[1.0,0.0],"evs":[0.0,-0.36371]},"Q4o":{"weight":0.0,"played":[0.9999,1.0E-4],"evs":[0.0,-0.19625]},"K4o":{"weight":0.0,"played":[0.0,1.0],"evs":[0.0,1.41328]},"A4o":{"weight":0.0,"played":[0.0,1.0],"evs":[0.0,2.76269]},"52s":{"weight":0.0,"played":[1.0E-4,0.9999],"evs":[0.0,0.09312]},"53s":{"weight":0.0,"played":[0.0,1.0],"evs":[0.0,0.33067]},"54s":{"weight":0.0,"played":[0.0,1.0],"evs":[0.0,0.60347]},"55":{"weight":0.7282,"played":[0.0,1.0],"evs":[0.0,3.11043]},"65o":{"weight":0.0,"played":[0.7273,0.2727],"evs":[0.0,-0.00816]},"75o":{"weight":0.0,"played":[0.9998,2.0E-4],"evs":[0.0,-0.1309]},"85o":{"weight":6.0E-4,"played":[1.0,0.0],"evs":[0.0,-0.24288]},"95o":{"weight":0.0031,"played":[1.0,0.0],"evs":[0.0,-0.38197]},"T5o":{"weight":0.0917,"played":[1.0,0.0],"evs":[0.0,-0.61145]},"J5o":{"weight":0.0,"played":[1.0,0.0],"evs":[0.0,-0.34396]},"Q5o":{"weight":0.0,"played":[0.999,0.001],"evs":[0.0,-0.1901]},"K5o":{"weight":0.0,"played":[0.0,1.0],"evs":[0.0,1.48352]},"A5o":{"weight":0.0,"played":[0.0,1.0],"evs":[0.0,2.88007]},"62s":{"weight":0.0,"played":[0.9991,9.0E-4],"evs":[0.0,-0.03249]},"63s":{"weight":0.0,"played":[0.0,1.0],"evs":[0.0,0.21671]},"64s":{"weight":0.0,"played":[0.0,1.0],"evs":[0.0,0.43865]},"65s":{"weight":0.003,"played":[0.0,1.0],"evs":[0.0,0.66759]},"66":{"weight":1.0,"played":[0.0,1.0],"evs":[0.0,3.65011]},"76o":{"weight":1.0E-4,"played":[0.0,1.0],"evs":[0.0,0.16485]},"86o":{"weight":0.0,"played":[0.0,1.0],"evs":[0.0,0.11392]},"96o":{"weight":0.0,"played":[0.9798,0.0202],"evs":[0.0,-0.0517]},"T6o":{"weight":3.0E-4,"played":[1.0,0.0],"evs":[0.0,-0.27861]},"J6o":{"weight":0.3531,"played":[1.0,0.0],"evs":[0.0,-0.26518]},"Q6o":{"weight":0.0,"played":[0.9547,0.0453],"evs":[0.0,-0.08718]},"K6o":{"weight":0.0,"played":[0.0,1.0],"evs":[0.0,1.66752]},"A6o":{"weight":0.0,"played":[0.0,1.0],"evs":[0.0,2.92439]},"72s":{"weight":0.0,"played":[1.0,0.0],"evs":[0.0,-0.17879]},"73s":{"weight":0.0,"played":[1.0E-4,0.9999],"evs":[0.0,0.10643]},"74s":{"weight":0.0,"played":[0.0,1.0],"evs":[0.0,0.32706]},"75s":{"weight":0.002,"played":[0.0,1.0],"evs":[0.0,0.54176]},"76s":{"weight":0.9975,"played":[0.0,1.0],"evs":[0.0,0.85355]},"77":{"weight":1.0,"played":[0.0,1.0],"evs":[0.0,4.39481]},"87o":{"weight":0.2471,"played":[0.0,1.0],"evs":[0.0,0.3792]},"97o":{"weight":0.0,"played":[0.0,1.0],"evs":[0.0,0.22125]},"T7o":{"weight":0.0,"played":[0.7918,0.2082],"evs":[0.0,-0.01593]},"J7o":{"weight":0.0176,"played":[0.9852,0.0148],"evs":[0.0,-0.00543]},"Q7o":{"weight":0.0,"played":[0.859,0.141],"evs":[0.0,-0.02414]},"K7o":{"weight":0.0,"played":[0.0,1.0],"evs":[0.0,1.89735]},"A7o":{"weight":0.0,"played":[0.0,1.0],"evs":[0.0,3.25761]},"82s":{"weight":0.0,"played":[0.9666,0.0334],"evs":[0.0,-0.0024]},"83s":{"weight":0.0,"played":[0.9241,0.0759],"evs":[0.0,1.0E-4]},"84s":{"weight":0.0,"played":[0.0,1.0],"evs":[0.0,0.24198]},"85s":{"weight":0.0,"played":[0.0,1.0],"evs":[0.0,0.46786]},"86s":{"weight":0.8359,"played":[0.0,1.0],"evs":[0.0,0.78747]},"87s":{"weight":0.9997,"played":[0.0,1.0],"evs":[0.0,1.03566]},"88":{"weight":1.0,"played":[0.0,1.0],"evs":[0.0,5.29937]},"98o":{"weight":0.2262,"played":[0.0,1.0],"evs":[0.0,0.56396]},"T8o":{"weight":0.0,"played":[0.0,1.0],"evs":[0.0,0.36244]},"J8o":{"weight":3.0E-4,"played":[0.0,1.0],"evs":[0.0,0.40283]},"Q8o":{"weight":0.0,"played":[0.0,1.0],"evs":[0.0,0.44638]},"K8o":{"weight":0.0,"played":[0.0,1.0],"evs":[0.0,2.29338]},"A8o":{"weight":0.0,"played":[0.0,1.0],"evs":[0.0,3.75763]},"92s":{"weight":0.0,"played":[0.0013,0.9987],"evs":[0.0,0.0711]},"93s":{"weight":0.0,"played":[8.0E-4,0.9992],"evs":[0.0,0.13767]},"94s":{"weight":0.0,"played":[0.0021,0.9979],"evs":[0.0,0.10804]},"95s":{"weight":0.0,"played":[0.0,1.0],"evs":[0.0,0.3432]},"96s":{"weight":0.0415,"played":[0.0,1.0],"evs":[0.0,0.61008]},"97s":{"weight":0.9063,"played":[0.0,1.0],"evs":[0.0,0.93311]},"98s":{"weight":0.9999,"played":[0.0,1.0],"evs":[0.0,1.22479]},"99":{"weight":1.0,"played":[0.0,1.0],"evs":[0.0,5.98712]},"T9o":{"weight":0.0125,"played":[0.0,1.0],"evs":[0.0,0.7744]},"J9o":{"weight":0.4182,"played":[0.0,1.0],"evs":[0.0,0.77619]},"Q9o":{"weight":2.0E-4,"played":[0.0,1.0],"evs":[0.0,0.96079]},"K9o":{"weight":0.0,"played":[0.0,1.0],"evs":[0.0,2.83094]},"A9o":{"weight":0.0,"played":[0.0,1.0],"evs":[0.0,4.14691]},"T2s":{"weight":0.0,"played":[0.1715,0.8285],"evs":[0.0,0.03112]},"T3s":{"weight":0.0,"played":[2.0E-4,0.9998],"evs":[0.0,0.11114]},"T4s":{"weight":0.0,"played":[1.0E-4,0.9999],"evs":[0.0,0.12472]},"T5s":{"weight":0.0,"played":[0.0,1.0],"evs":[0.0,0.08267]},"T6s":{"weight":0.0,"played":[0.0,1.0],"evs":[0.0,0.40912]},"T7s":{"weight":4.0E-4,"played":[0.0,1.0],"evs":[0.0,0.70685]},"T8s":{"weight":0.4284,"played":[0.0,1.0],"evs":[0.0,1.0538]},"T9s":{"weight":0.2577,"played":[0.0,1.0],"evs":[0.0,1.43921]},"TT":{"weight":1.0,"played":[0.0,1.0],"evs":[0.0,6.73177]},"JTo":{"weight":0.0,"played":[0.0,1.0],"evs":[0.0,1.15062]},"QTo":{"weight":0.1568,"played":[0.0,1.0],"evs":[0.0,1.77829]},"KTo":{"weight":0.0,"played":[0.0,1.0],"evs":[0.0,3.60508]},"ATo":{"weight":0.0,"played":[0.0,1.0],"evs":[0.0,4.94859]},"J2s":{"weight":0.0,"played":[4.0E-4,0.9996],"evs":[0.0,0.29593]},"J3s":{"weight":0.0,"played":[2.0E-4,0.9998],"evs":[0.0,0.31557]},"J4s":{"weight":0.0,"played":[0.0,1.0],"evs":[0.0,0.34439]},"J5s":{"weight":0.0,"played":[0.0,1.0],"evs":[0.0,0.37519]},"J6s":{"weight":0.0,"played":[0.0,1.0],"evs":[0.0,0.43838]},"J7s":{"weight":0.0348,"played":[0.0,1.0],"evs":[0.0,0.71688]},"J8s":{"weight":0.034,"played":[0.0,1.0],"evs":[0.0,1.04984]},"J9s":{"weight":0.1249,"played":[0.0,1.0],"evs":[0.0,1.41082]},"JTs":{"weight":0.0,"played":[0.0,1.0],"evs":[0.0,1.75723]},"JJ":{"weight":1.0,"played":[0.0,1.0],"evs":[0.0,7.47629]},"QJo":{"weight":1.0,"played":[0.0,1.0],"evs":[0.0,2.75048]},"KJo":{"weight":3.0E-4,"played":[0.0,1.0],"evs":[0.0,4.00684]},"AJo":{"weight":0.0,"played":[0.0,1.0],"evs":[0.0,5.37007]},"Q2s":{"weight":0.0,"played":[0.0,1.0],"evs":[0.0,0.41435]},"Q3s":{"weight":0.0,"played":[0.0,1.0],"evs":[0.0,0.47874]},"Q4s":{"weight":0.0,"played":[0.0,1.0],"evs":[0.0,0.48299]},"Q5s":{"weight":0.0,"played":[0.0,1.0],"evs":[0.0,0.54358]},"Q6s":{"weight":0.0,"played":[0.0,1.0],"evs":[0.0,0.62811]},"Q7s":{"weight":0.018,"played":[0.0,1.0],"evs":[0.0,0.72428]},"Q8s":{"weight":0.5689,"played":[0.0,1.0],"evs":[0.0,1.17772]},"Q9s":{"weight":1.0,"played":[0.0,1.0],"evs":[0.0,1.6512]},"QTs":{"weight":1.0,"played":[0.0,1.0],"evs":[0.0,2.39569]},"QJs":{"weight":1.0,"played":[0.0,1.0],"evs":[0.0,3.25982]},"QQ":{"weight":1.0,"played":[0.0,1.0],"evs":[0.0,8.5054]},"KQo":{"weight":2.0E-4,"played":[0.0,1.0],"evs":[0.0,4.52913]},"AQo":{"weight":0.0,"played":[0.0,1.0],"evs":[0.0,5.99405]},"K2s":{"weight":0.0,"played":[0.0,1.0],"evs":[0.0,1.99801]},"K3s":{"weight":0.0,"played":[0.0,1.0],"evs":[0.0,2.028]},"K4s":{"weight":0.0,"played":[0.0,1.0],"evs":[0.0,2.05157]},"K5s":{"weight":2.0E-4,"played":[0.0,1.0],"evs":[0.0,2.12026]},"K6s":{"weight":0.9996,"played":[0.0,1.0],"evs":[0.0,2.32128]},"K7s":{"weight":0.0124,"played":[0.0,1.0],"evs":[0.0,2.51569]},"K8s":{"weight":0.0,"played":[0.0,1.0],"evs":[0.0,2.87892]},"K9s":{"weight":0.0026,"played":[0.0,1.0],"evs":[0.0,3.41946]},"KTs":{"weight":0.9986,"played":[0.0,1.0],"evs":[0.0,4.08787]},"KJs":{"weight":1.0,"played":[0.0,1.0],"evs":[0.0,4.49744]},"KQs":{"weight":1.0,"played":[0.0,1.0],"evs":[0.0,4.9671]},"KK":{"weight":1.0,"played":[0.0,1.0],"evs":[0.0,9.49659]},"AKo":{"weight":0.0,"played":[0.0,1.0],"evs":[0.0,6.23593]},"A2s":{"weight":1.0E-4,"played":[0.0,1.0],"evs":[0.0,3.28655]},"A3s":{"weight":0.0,"played":[0.0,1.0],"evs":[0.0,3.31591]},"A4s":{"weight":0.3608,"played":[0.0,1.0],"evs":[0.0,3.34037]},"A5s":{"weight":0.8657,"played":[0.0,1.0],"evs":[0.0,3.5215]},"A6s":{"weight":0.9975,"played":[0.0,1.0],"evs":[0.0,3.54548]},"A7s":{"weight":4.0E-4,"played":[0.0,1.0],"evs":[0.0,3.84391]},"A8s":{"weight":0.0,"played":[0.0,1.0],"evs":[0.0,4.27164]},"A9s":{"weight":9.0E-4,"played":[0.0,1.0],"evs":[0.0,4.65931]},"ATs":{"weight":0.6916,"played":[0.0,1.0],"evs":[0.0,5.42032]},"AJs":{"weight":1.0,"played":[0.0,1.0],"evs":[0.0,5.83905]},"AQs":{"weight":0.9998,"played":[0.0,1.0],"evs":[0.0,6.35635]},"AKs":{"weight":0.9993,"played":[0.0,1.0],"evs":[0.0,6.59934]},"AA":{"weight":1.0,"played":[0.0,1.0],"evs":[0.0,10.48572]}}}