{"player":0,"street":0,"children":2,"sequence":[{"player":0,"type":"C","amount":5000,"street":0},{"player":1,"type":"R","amount":100000,"street":0}],"actions":[{"type":"F","amount":0},{"type":"C","amount":90000}],"hands":{"22":{"weight":0.0,"played":[0.0,1.0],"evs":[0.0,1.895]},"32o":{"weight":0.0,"played":[1.0,0.0],"evs":[0.0,-2.23405]},"42o":{"weight":0.0,"played":[1.0,0.0],"evs":[0.0,-1.98965]},"52o":{"weight":0.0,"played":[1.0,0.0],"evs":[0.0,-1.83117]},"62o":{"weight":0.0,"played":[1.0,0.0],"evs":[0.0,-1.92232]},"72o":{"weight":0.0,"played":[1.0,0.0],"evs":[0.0,-2.01191]},"82o":{"weight":0.0,"played":[1.0,0.0],"evs":[0.0,-1.79191]},"92o":{"weight":0.3667,"played":[1.0,0.0],"evs":[0.0,-1.63309]},"T2o":{"weight":1.0,"played":[1.0,0.0],"evs":[0.0,-1.40929]},"J2o":{"weight":1.0,"played":[1.0,0.0],"evs":[0.0,-1.04601]},"Q2o":{"weight":1.0,"played":[1.0,0.0],"evs":[0.0,-0.52413]},"K2o":{"weight":0.0,"played":[0.0,1.0],"evs":[0.0,0.57979]},"A2o":{"weight":0.0,"played":[0.0,1.0],"evs":[0.0,2.29038]},"32s":{"weight":1.0,"played":[1.0,0.0],"evs":[0.0,-1.43066]},"33":{"weight":0.0,"played":[0.0,1.0],"evs":[0.0,2.65075]},"43o":{"weight":0.0,"played":[1.0,0.0],"evs":[0.0,-1.53081]},"53o":{"weight":0.9904,"played":[1.0,0.0],"evs":[0.0,-1.34652]},"63o":{"weight":0.0016,"played":[1.0,0.0],"evs":[0.0,-1.43653]},"73o":{"weight":0.0528,"played":[1.0,0.0],"evs":[0.0,-1.50206]},"83o":{"weight":0.048,"played":[1.0,0.0],"evs":[0.0,-1.59032]},"93o":{"weight":0.9997,"played":[1.0,0.0],"evs":[0.0,-1.36521]},"T3o":{"weight":1.0,"played":[1.0,0.0],"evs":[0.0,-1.16231]},"J3o":{"weight":1.0,"played":[1.0,0.0],"evs":[0.0,-0.82711]},"Q3o":{"weight":0.0136,"played":[1.0,0.0],"evs":[0.0,-0.31292]},"K3o":{"weight":0.0,"played":[0.0,1.0],"evs":[0.0,0.78579]},"A3o":{"weight":0.0,"played":[0.0,1.0],"evs":[0.0,2.48625]},"42s":{"weight":0.9999,"played":[1.0,0.0],"evs":[0.0,-1.206]},"43s":{"weight":0.2398,"played":[1.0,0.0],"evs":[0.0,-0.7888]},"44":{"weight":0.4074,"played":[0.0,1.0],"evs":[0.0,3.31638]},"54o":{"weight":1.0,"played":[1.0,0.0],"evs":[0.0,-0.87591]},"64o":{"weight":1.0,"played":[1.0,0.0],"evs":[0.0,-0.95007]},"74o":{"weight":1.0,"played":[1.0,0.0],"evs":[0.0,-1.01536]},"84o":{"weight":1.0,"played":[1.0,0.0],"evs":[0.0,-1.10305]},"94o":{"weight":1.0,"played":[1.0,0.0],"evs":[0.0,-1.17258]},"T4o":{"weight":1.0,"played":[1.0,0.0],"evs":[0.0,-0.92281]},"J4o":{"weight":1.0,"played":[1.0,0.0],"evs":[0.0,-0.61867]},"Q4o":{"weight":0.0,"played":[1.0,0.0],"evs":[0.0,-0.14146]},"K4o":{"weight":0.0,"played":[0.0,1.0],"evs":[0.0,0.94333]},"A4o":{"weight":0.0,"played":[0.0,1.0],"evs":[0.0,2.63671]},"52s":{"weight":1.0,"played":[1.0,0.0],"evs":[0.0,-1.0506]},"53s":{"weight":1.0E-4,"played":[1.0,0.0],"evs":[0.0,-0.60706]},"54s":{"weight":0.0,"played":[1.0,0.0],"evs":[0.0,-0.14466]},"55":{"weight":1.0,"played":[0.0,1.0],"evs":[0.0,3.90856]},"65o":{"weight":1.0,"played":[1.0,0.0],"evs":[0.0,-0.57284]},"75o":{"weight":1.0,"played":[1.0,0.0],"evs":[0.0,-0.61897]},"85o":{"weight":1.0,"played":[1.0,0.0],"evs":[0.0,-0.69389]},"95o":{"weight":1.0,"played":[1.0,0.0],"evs":[0.0,-0.73987]},"T5o":{"weight":1.0,"played":[1.0,0.0],"evs":[0.0,-0.77055]},"J5o":{"weight":1.0,"played":[1.0,0.0],"evs":[0.0,-0.40878]},"Q5o":{"weight":0.0,"played":[0.0,1.0],"evs":[0.0,0.08948]},"K5o":{"weight":0.0,"played":[0.0,1.0],"evs":[0.0,1.20688]},"A5o":{"weight":0.0,"played":[0.0,1.0],"evs":[0.0,2.8719]},"62s":{"weight":1.0,"played":[1.0,0.0],"evs":[0.0,-1.12994]},"63s":{"weight":0.9986,"played":[1.0,0.0],"evs":[0.0,-0.67094]},"64s":{"weight":0.0,"played":[1.0,0.0],"evs":[0.0,-0.24173]},"65s":{"weight":0.0,"played":[0.0,1.0],"evs":[0.0,0.11732]},"66":{"weight":1.0,"played":[0.0,1.0],"evs":[0.0,4.40569]},"76o":{"weight":0.4743,"played":[1.0,0.0],"evs":[0.0,-0.26918]},"86o":{"weight":1.0,"played":[1.0,0.0],"evs":[0.0,-0.34194]},"96o":{"weight":1.0,"played":[1.0,0.0],"evs":[0.0,-0.39582]},"T6o":{"weight":1.0,"played":[1.0,0.0],"evs":[0.0,-0.41533]},"J6o":{"weight":1.0,"played":[1.0,0.0],"evs":[0.0,-0.32173]},"Q6o":{"weight":0.0,"played":[0.0,1.0],"evs":[0.0,0.28492]},"K6o":{"weight":0.0,"played":[0.0,1.0],"evs":[0.0,1.41826]},"A6o":{"weight":0.0,"played":[0.0,1.0],"evs":[0.0,2.85271]},"72s":{"weight":1.0,"played":[1.0,0.0],"evs":[0.0,-1.22631]},"73s":{"weight":1.0,"played":[1.0,0.0],"evs":[0.0,-0.74285]},"74s":{"weight":0.0,"played":[1.0,0.0],"evs":[0.0,-0.3021]},"75s":{"weight":0.0,"played":[0.0,1.0],"evs":[0.0,0.08242]},"76s":{"weight":0.0,"played":[0.0,1.0],"evs":[0.0,0.40612]},"77":{"weight":1.0,"played":[0.0,1.0],"evs":[0.0,4.83903]},"87o":{"weight":0.0548,"played":[1.0,0.0],"evs":[0.0,-0.09078]},"97o":{"weight":0.6997,"played":[1.0,0.0],"evs":[0.0,-0.14617]},"T7o":{"weight":0.4651,"played":[1.0,0.0],"evs":[0.0,-0.14723]},"J7o":{"weight":0.0,"played":[0.9688,0.0312],"evs":[0.0,-0.01724]},"Q7o":{"weight":0.0,"played":[0.0,1.0],"evs":[0.0,0.4182]},"K7o":{"weight":0.0,"played":[0.0,1.0],"evs":[0.0,1.64997]},"A7o":{"weight":0.0,"played":[0.0,1.0],"evs":[0.0,3.13242]},"82s":{"weight":1.0,"played":[1.0,0.0],"evs":[0.0,-1.02207]},"83s":{"weight":1.0,"played":[1.0,0.0],"evs":[0.0,-0.81103]},"84s":{"weight":0.9997,"played":[1.0,0.0],"evs":[0.0,-0.36332]},"85s":{"weight":0.0,"played":[0.6119,0.3881],"evs":[0.0,0.00352]},"86s":{"weight":0.0,"played":[0.0,1.0],"evs":[0.0,0.34167]},"87s":{"weight":0.9993,"played":[0.0,1.0],"evs":[0.0,0.57749]},"88":{"weight":1.0,"played":[0.0,1.0],"evs":[0.0,5.27419]},"98o":{"weight":0.0064,"played":[0.0,1.0],"evs":[0.0,0.12255]},"T8o":{"weight":4.0E-4,"played":[0.0,1.0],"evs":[0.0,0.18811]},"J8o":{"weight":0.0,"played":[0.0,1.0],"evs":[0.0,0.35055]},"Q8o":{"weight":0.0,"played":[0.0,1.0],"evs":[0.0,0.88692]},"K8o":{"weight":0.0,"played":[0.0,1.0],"evs":[0.0,1.90551]},"A8o":{"weight":0.0,"played":[0.0,1.0],"evs":[0.0,3.41606]},"92s":{"weight":1.0,"played":[1.0,0.0],"evs":[0.0,-0.84789]},"93s":{"weight":1.0,"played":[1.0,0.0],"evs":[0.0,-0.60562]},"94s":{"weight":1.0,"played":[1.0,0.0],"evs":[0.0,-0.43578]},"95s":{"weight":0.0,"played":[1.0,0.0],"evs":[0.0,-0.04959]},"96s":{"weight":0.0,"played":[0.0,1.0],"evs":[0.0,0.2954]},"97s":{"weight":0.6953,"played":[0.0,1.0],"evs":[0.0,0.51642]},"98s":{"weight":1.0,"played":[0.0,1.0],"evs":[0.0,0.76343]},"99":{"weight":1.0,"played":[0.0,1.0],"evs":[0.0,5.65119]},"T9o":{"weight":0.2288,"played":[0.0,1.0],"evs":[0.0,0.5569]},"J9o":{"weight":0.0,"played":[0.0,1.0],"evs":[0.0,0.72495]},"Q9o":{"weight":0.0,"played":[0.0,1.0],"evs":[0.0,1.30837]},"K9o":{"weight":0.0,"played":[0.0,1.0],"evs":[0.0,2.35212]},"A9o":{"weight":0.0,"played":[0.0,1.0],"evs":[0.0,3.66018]},"T2s":{"weight":1.0,"played":[1.0,0.0],"evs":[0.0,-0.65389]},"T3s":{"weight":0.9833,"played":[1.0,0.0],"evs":[0.0,-0.41916]},"T4s":{"weight":0.0,"played":[1.0,0.0],"evs":[0.0,-0.1904]},"T5s":{"weight":1.0E-4,"played":[0.9922,0.0078],"evs":[0.0,-0.07424]},"T6s":{"weight":1.0E-4,"played":[0.0,1.0],"evs":[0.0,0.28352]},"T7s":{"weight":1.0,"played":[0.0,1.0],"evs":[0.0,0.49977]},"T8s":{"weight":1.0,"played":[0.0,1.0],"evs":[0.0,0.82198]},"T9s":{"weight":1.0,"played":[0.0,1.0],"evs":[0.0,1.18094]},"TT":{"weight":1.0,"played":[0.0,1.0],"evs":[0.0,6.09164]},"JTo":{"weight":0.5332,"played":[0.0,1.0],"evs":[0.0,1.11888]},"QTo":{"weight":0.6084,"played":[0.0,1.0],"evs":[0.0,1.83598]},"KTo":{"weight":0.0,"played":[0.0,1.0],"evs":[0.0,2.89967]},"ATo":{"weight":0.0,"played":[0.0,1.0],"evs":[0.0,4.19559]},"J2s":{"weight":0.0,"played":[1.0,0.0],"evs":[0.0,-0.31769]},"J3s":{"weight":0.0,"played":[0.9997,3.0E-4],"evs":[0.0,-0.10969]},"J4s":{"weight":0.0,"played":[0.0011,0.9989],"evs":[0.0,0.08076]},"J5s":{"weight":0.0,"played":[0.0,1.0],"evs":[0.0,0.29032]},"J6s":{"weight":3.0E-4,"played":[0.0,1.0],"evs":[0.0,0.35692]},"J7s":{"weight":0.9999,"played":[0.0,1.0],"evs":[0.0,0.63983]},"J8s":{"weight":1.0,"played":[0.0,1.0],"evs":[0.0,0.99839]},"J9s":{"weight":1.0,"played":[0.0,1.0],"evs":[0.0,1.32598]},"JTs":{"weight":1.0,"played":[0.0,1.0],"evs":[0.0,1.71608]},"JJ":{"weight":1.0,"played":[0.0,1.0],"evs":[0.0,6.43852]},"QJo":{"weight":1.0,"played":[0.0,1.0],"evs":[0.0,1.97693]},"KJo":{"weight":0.0,"played":[0.0,1.0],"evs":[0.0,3.11557]},"AJo":{"weight":0.0,"played":[0.0,1.0],"evs":[0.0,4.43601]},"Q2s":{"weight":0.0,"played":[0.0,1.0],"evs":[0.0,0.1722]},"Q3s":{"weight":0.0,"played":[0.0,1.0],"evs":[0.0,0.38567]},"Q4s":{"weight":0.0,"played":[0.0,1.0],"evs":[0.0,0.5269]},"Q5s":{"weight":0.071,"played":[0.0,1.0],"evs":[0.0,0.73674]},"Q6s":{"weight":0.0232,"played":[0.0,1.0],"evs":[0.0,0.92914]},"Q7s":{"weight":0.3073,"played":[0.0,1.0],"evs":[0.0,1.05085]},"Q8s":{"weight":0.999,"played":[0.0,1.0],"evs":[0.0,1.50113]},"Q9s":{"weight":1.0,"played":[0.0,1.0],"evs":[0.0,1.89472]},"QTs":{"weight":1.0,"played":[0.0,1.0],"evs":[0.0,2.37592]},"QJs":{"weight":1.0,"played":[0.0,1.0],"evs":[0.0,2.51495]},"QQ":{"weight":1.0,"played":[0.0,1.0],"evs":[0.0,7.11765]},"KQo":{"weight":0.0413,"played":[0.0,1.0],"evs":[0.0,3.53402]},"AQo":{"weight":0.0,"played":[0.0,1.0],"evs":[0.0,4.91161]},"K2s":{"weight":0.0,"played":[0.0,1.0],"evs":[0.0,1.20543]},"K3s":{"weight":0.0,"played":[0.0,1.0],"evs":[0.0,1.40528]},"K4s":{"weight":0.0,"played":[0.0,1.0],"evs":[0.0,1.55259]},"K5s":{"weight":0.4918,"played":[0.0,1.0],"evs":[0.0,1.77568]},"K6s":{"weight":0.6357,"played":[0.0,1.0],"evs":[0.0,1.99366]},"K7s":{"weight":0.9969,"played":[0.0,1.0],"evs":[0.0,2.19817]},"K8s":{"weight":0.527,"played":[0.0,1.0],"evs":[0.0,2.45461]},"K9s":{"weight":0.9995,"played":[0.0,1.0],"evs":[0.0,2.86587]},"KTs":{"weight":1.0,"played":[0.0,1.0],"evs":[0.0,3.37445]},"KJs":{"weight":1.0,"played":[0.0,1.0],"evs":[0.0,3.576]},"KQs":{"weight":1.0,"played":[0.0,1.0],"evs":[0.0,3.96327]},"KK":{"weight":1.0,"played":[0.0,1.0],"evs":[0.0,8.1201]},"AKo":{"weight":0.0,"played":[0.0,1.0],"evs":[0.0,5.38478]},"A2s":{"weight":0.0,"played":[0.0,1.0],"evs":[0.0,2.8146]},"A3s":{"weight":0.0,"played":[0.0,1.0],"evs":[0.0,2.99975]},"A4s":{"weight":0.63,"played":[0.0,1.0],"evs":[0.0,3.13854]},"A5s":{"weight":1.0,"played":[0.0,1.0],"evs":[0.0,3.36269]},"A6s":{"weight":0.5484,"played":[0.0,1.0],"evs":[0.0,3.3241]},"A7s":{"weight":1.0,"played":[0.0,1.0],"evs":[0.0,3.59476]},"A8s":{"weight":0.9997,"played":[0.0,1.0],"evs":[0.0,3.86877]},"A9s":{"weight":0.9857,"played":[0.0,1.0],"evs":[0.0,4.09316]},"ATs":{"weight":1.0,"played":[0.0,1.0],"evs":[0.0,4.59754]},"AJs":{"weight":1.0,"played":[0.0,1.0],"evs":[0.0,4.81153]},"AQs":{"weight":1.0,"played":[0.0,1.0],"evs":[0.0,5.26606]},"AKs":{"weight":1.0,"played":[0.0,1.0],"evs":[0.0,5.69926]},"AA":{"weight":1.0,"played":[0.0,1.0],"evs":[0.0,9.21797]}}}