{"player":0,"street":0,"children":2,"sequence":[{"player":0,"type":"C","amount":5000,"street":0},{"player":1,"type":"R","amount":100000,"street":0}],"actions":[{"type":"F","amount":0},{"type":"C","amount":90000}],"hands":{"22":{"weight":0.0,"played":[0.0,1.0],"evs":[0.0,1.81568]},"32o":{"weight":0.0,"played":[1.0,0.0],"evs":[0.0,-2.22979]},"42o":{"weight":0.0,"played":[1.0,0.0],"evs":[0.0,-2.04558]},"52o":{"weight":0.0,"played":[1.0,0.0],"evs":[0.0,-1.86534]},"62o":{"weight":0.0,"played":[1.0,0.0],"evs":[0.0,-1.9272]},"72o":{"weight":0.0,"played":[1.0,0.0],"evs":[0.0,-2.01037]},"82o":{"weight":0.0,"played":[1.0,0.0],"evs":[0.0,-1.78968]},"92o":{"weight":0.58,"played":[1.0,0.0],"evs":[0.0,-1.6219]},"T2o":{"weight":1.0,"played":[1.0,0.0],"evs":[0.0,-1.37671]},"J2o":{"weight":1.0,"played":[1.0,0.0],"evs":[0.0,-1.0322]},"Q2o":{"weight":1.0,"played":[1.0,0.0],"evs":[0.0,-0.55598]},"K2o":{"weight":0.0,"played":[0.0,1.0],"evs":[0.0,0.58655]},"A2o":{"weight":0.0,"played":[0.0,1.0],"evs":[0.0,2.19998]},"32s":{"weight":1.0,"played":[1.0,0.0],"evs":[0.0,-1.43574]},"33":{"weight":0.0,"played":[0.0,1.0],"evs":[0.0,2.48358]},"43o":{"weight":0.0,"played":[1.0,0.0],"evs":[0.0,-1.57161]},"53o":{"weight":0.9999,"played":[1.0,0.0],"evs":[0.0,-1.37515]},"63o":{"weight":0.3278,"played":[1.0,0.0],"evs":[0.0,-1.43284]},"73o":{"weight":0.2254,"played":[1.0,0.0],"evs":[0.0,-1.50532]},"83o":{"weight":0.456,"played":[1.0,0.0],"evs":[0.0,-1.57721]},"93o":{"weight":1.0,"played":[1.0,0.0],"evs":[0.0,-1.35189]},"T3o":{"weight":1.0,"played":[1.0,0.0],"evs":[0.0,-1.14008]},"J3o":{"weight":1.0,"played":[1.0,0.0],"evs":[0.0,-0.83261]},"Q3o":{"weight":0.3152,"played":[1.0,0.0],"evs":[0.0,-0.38336]},"K3o":{"weight":0.0,"played":[0.0,1.0],"evs":[0.0,0.74368]},"A3o":{"weight":0.0,"played":[0.0,1.0],"evs":[0.0,2.34716]},"42s":{"weight":1.0,"played":[1.0,0.0],"evs":[0.0,-1.27449]},"43s":{"weight":0.4642,"played":[1.0,0.0],"evs":[0.0,-0.82392]},"44":{"weight":0.7083,"played":[0.0,1.0],"evs":[0.0,3.111]},"54o":{"weight":1.0,"played":[1.0,0.0],"evs":[0.0,-0.97884]},"64o":{"weight":1.0,"played":[1.0,0.0],"evs":[0.0,-1.01876]},"74o":{"weight":1.0,"played":[1.0,0.0],"evs":[0.0,-1.08258]},"84o":{"weight":1.0,"played":[1.0,0.0],"evs":[0.0,-1.14759]},"94o":{"weight":1.0,"played":[1.0,0.0],"evs":[0.0,-1.21643]},"T4o":{"weight":1.0,"played":[1.0,0.0],"evs":[0.0,-0.9429]},"J4o":{"weight":1.0,"played":[1.0,0.0],"evs":[0.0,-0.64865]},"Q4o":{"weight":0.0,"played":[1.0,0.0],"evs":[0.0,-0.19588]},"K4o":{"weight":0.0,"played":[0.0,1.0],"evs":[0.0,0.92717]},"A4o":{"weight":0.0,"played":[0.0,1.0],"evs":[0.0,2.53484]},"52s":{"weight":1.0,"played":[1.0,0.0],"evs":[0.0,-1.09181]},"53s":{"weight":0.0,"played":[1.0,0.0],"evs":[0.0,-0.63925]},"54s":{"weight":0.0,"played":[1.0,0.0],"evs":[0.0,-0.27543]},"55":{"weight":1.0,"played":[0.0,1.0],"evs":[0.0,3.78201]},"65o":{"weight":1.0,"played":[1.0,0.0],"evs":[0.0,-0.63672]},"75o":{"weight":1.0,"played":[1.0,0.0],"evs":[0.0,-0.6851]},"85o":{"weight":1.0,"played":[1.0,0.0],"evs":[0.0,-0.73723]},"95o":{"weight":1.0,"played":[1.0,0.0],"evs":[0.0,-0.79312]},"T5o":{"weight":1.0,"played":[1.0,0.0],"evs":[0.0,-0.79605]},"J5o":{"weight":1.0,"played":[1.0,0.0],"evs":[0.0,-0.43191]},"Q5o":{"weight":0.0,"played":[0.0,1.0],"evs":[0.0,0.0456]},"K5o":{"weight":0.0,"played":[0.0,1.0],"evs":[0.0,1.19716]},"A5o":{"weight":0.0,"played":[0.0,1.0],"evs":[0.0,2.80429]},"62s":{"weight":1.0,"played":[1.0,0.0],"evs":[0.0,-1.15662]},"63s":{"weight":0.9998,"played":[1.0,0.0],"evs":[0.0,-0.68058]},"64s":{"weight":0.0,"played":[1.0,0.0],"evs":[0.0,-0.30687]},"65s":{"weight":0.0,"played":[1.0E-4,0.9999],"evs":[0.0,0.04757]},"66":{"weight":1.0,"played":[0.0,1.0],"evs":[0.0,4.32049]},"76o":{"weight":0.7292,"played":[1.0,0.0],"evs":[0.0,-0.29316]},"86o":{"weight":1.0,"played":[1.0,0.0],"evs":[0.0,-0.36011]},"96o":{"weight":1.0,"played":[1.0,0.0],"evs":[0.0,-0.40163]},"T6o":{"weight":1.0,"played":[1.0,0.0],"evs":[0.0,-0.39962]},"J6o":{"weight":1.0,"played":[1.0,0.0],"evs":[0.0,-0.30605]},"Q6o":{"weight":0.0,"played":[0.0,1.0],"evs":[0.0,0.24449]},"K6o":{"weight":0.0,"played":[0.0,1.0],"evs":[0.0,1.39682]},"A6o":{"weight":0.0,"played":[0.0,1.0],"evs":[0.0,2.77318]},"72s":{"weight":1.0,"played":[1.0,0.0],"evs":[0.0,-1.22194]},"73s":{"weight":1.0,"played":[1.0,0.0],"evs":[0.0,-0.75565]},"74s":{"weight":0.0,"played":[1.0,0.0],"evs":[0.0,-0.3645]},"75s":{"weight":0.0,"played":[0.0074,0.9926],"evs":[0.0,0.01075]},"76s":{"weight":0.0,"played":[0.0,1.0],"evs":[0.0,0.36518]},"77":{"weight":1.0,"played":[0.0,1.0],"evs":[0.0,4.75696]},"87o":{"weight":5.0E-4,"played":[1.0,0.0],"evs":[0.0,-0.11331]},"97o":{"weight":0.8104,"played":[1.0,0.0],"evs":[0.0,-0.14868]},"T7o":{"weight":0.5381,"played":[1.0,0.0],"evs":[0.0,-0.12663]},"J7o":{"weight":0.0,"played":[0.5676,0.4324],"evs":[0.0,-0.0098]},"Q7o":{"weight":0.0,"played":[0.0,1.0],"evs":[0.0,0.37467]},"K7o":{"weight":0.0,"played":[0.0,1.0],"evs":[0.0,1.62655]},"A7o":{"weight":0.0,"played":[0.0,1.0],"evs":[0.0,3.04862]},"82s":{"weight":1.0,"played":[1.0,0.0],"evs":[0.0,-1.01599]},"83s":{"weight":1.0,"played":[1.0,0.0],"evs":[0.0,-0.82191]},"84s":{"weight":1.0,"played":[1.0,0.0],"evs":[0.0,-0.41816]},"85s":{"weight":0.0,"played":[1.0,0.0],"evs":[0.0,-0.03954]},"86s":{"weight":0.0,"played":[0.0,1.0],"evs":[0.0,0.31249]},"87s":{"weight":0.9992,"played":[0.0,1.0],"evs":[0.0,0.54597]},"88":{"weight":1.0,"played":[0.0,1.0],"evs":[0.0,5.1981]},"98o":{"weight":0.0098,"played":[0.0,1.0],"evs":[0.0,0.14703]},"T8o":{"weight":0.0012,"played":[0.0,1.0],"evs":[0.0,0.20709]},"J8o":{"weight":0.0,"played":[0.0,1.0],"evs":[0.0,0.35247]},"Q8o":{"weight":0.0,"played":[0.0,1.0],"evs":[0.0,0.8194]},"K8o":{"weight":0.0,"played":[0.0,1.0],"evs":[0.0,1.87032]},"A8o":{"weight":0.0,"played":[0.0,1.0],"evs":[0.0,3.32593]},"92s":{"weight":1.0,"played":[1.0,0.0],"evs":[0.0,-0.85438]},"93s":{"weight":1.0,"played":[1.0,0.0],"evs":[0.0,-0.60195]},"94s":{"weight":1.0,"played":[1.0,0.0],"evs":[0.0,-0.48427]},"95s":{"weight":0.0,"played":[1.0,0.0],"evs":[0.0,-0.09373]},"96s":{"weight":0.0,"played":[0.0,1.0],"evs":[0.0,0.27212]},"97s":{"weight":0.9991,"played":[0.0,1.0],"evs":[0.0,0.51247]},"98s":{"weight":1.0,"played":[0.0,1.0],"evs":[0.0,0.7908]},"99":{"weight":1.0,"played":[0.0,1.0],"evs":[0.0,5.57202]},"T9o":{"weight":0.502,"played":[0.0,1.0],"evs":[0.0,0.56091]},"J9o":{"weight":4.0E-4,"played":[0.0,1.0],"evs":[0.0,0.69581]},"Q9o":{"weight":0.0,"played":[0.0,1.0],"evs":[0.0,1.23307]},"K9o":{"weight":0.0,"played":[0.0,1.0],"evs":[0.0,2.29692]},"A9o":{"weight":0.0,"played":[0.0,1.0],"evs":[0.0,3.55335]},"T2s":{"weight":1.0,"played":[1.0,0.0],"evs":[0.0,-0.62337]},"T3s":{"weight":0.9999,"played":[1.0,0.0],"evs":[0.0,-0.40445]},"T4s":{"weight":0.0,"played":[1.0,0.0],"evs":[0.0,-0.22788]},"T5s":{"weight":0.0,"played":[1.0,0.0],"evs":[0.0,-0.096]},"T6s":{"weight":0.0,"played":[0.0,1.0],"evs":[0.0,0.27692]},"T7s":{"weight":1.0,"played":[0.0,1.0],"evs":[0.0,0.53385]},"T8s":{"weight":1.0,"played":[0.0,1.0],"evs":[0.0,0.84541]},"T9s":{"weight":1.0,"played":[0.0,1.0],"evs":[0.0,1.18298]},"TT":{"weight":1.0,"played":[0.0,1.0],"evs":[0.0,6.03582]},"JTo":{"weight":0.7971,"played":[0.0,1.0],"evs":[0.0,1.07582]},"QTo":{"weight":0.6946,"played":[0.0,1.0],"evs":[0.0,1.74071]},"KTo":{"weight":0.0,"played":[0.0,1.0],"evs":[0.0,2.83571]},"ATo":{"weight":0.0,"played":[0.0,1.0],"evs":[0.0,4.09275]},"J2s":{"weight":0.0,"played":[1.0,0.0],"evs":[0.0,-0.30407]},"J3s":{"weight":0.0,"played":[1.0,0.0],"evs":[0.0,-0.12831]},"J4s":{"weight":0.0,"played":[0.0,1.0],"evs":[0.0,0.04137]},"J5s":{"weight":0.0,"played":[0.0,1.0],"evs":[0.0,0.24914]},"J6s":{"weight":0.0,"played":[0.0,1.0],"evs":[0.0,0.36488]},"J7s":{"weight":1.0,"played":[0.0,1.0],"evs":[0.0,0.65081]},"J8s":{"weight":1.0,"played":[0.0,1.0],"evs":[0.0,0.97854]},"J9s":{"weight":1.0,"played":[0.0,1.0],"evs":[0.0,1.30438]},"JTs":{"weight":1.0,"played":[0.0,1.0],"evs":[0.0,1.66413]},"JJ":{"weight":1.0,"played":[0.0,1.0],"evs":[0.0,6.39999]},"QJo":{"weight":1.0,"played":[0.0,1.0],"evs":[0.0,1.96019]},"KJo":{"weight":0.0,"played":[0.0,1.0],"evs":[0.0,3.09108]},"AJo":{"weight":0.0,"played":[0.0,1.0],"evs":[0.0,4.33933]},"Q2s":{"weight":0.0,"played":[0.0,1.0],"evs":[0.0,0.13492]},"Q3s":{"weight":0.0,"played":[0.0,1.0],"evs":[0.0,0.29753]},"Q4s":{"weight":0.0,"played":[0.0,1.0],"evs":[0.0,0.46819]},"Q5s":{"weight":0.0739,"played":[0.0,1.0],"evs":[0.0,0.69752]},"Q6s":{"weight":0.1552,"played":[0.0,1.0],"evs":[0.0,0.88192]},"Q7s":{"weight":0.9882,"played":[0.0,1.0],"evs":[0.0,1.00546]},"Q8s":{"weight":1.0,"played":[0.0,1.0],"evs":[0.0,1.42975]},"Q9s":{"weight":1.0,"played":[0.0,1.0],"evs":[0.0,1.80494]},"QTs":{"weight":1.0,"played":[0.0,1.0],"evs":[0.0,2.2804]},"QJs":{"weight":1.0,"played":[0.0,1.0],"evs":[0.0,2.48989]},"QQ":{"weight":1.0,"played":[0.0,1.0],"evs":[0.0,7.10311]},"KQo":{"weight":0.5279,"played":[0.0,1.0],"evs":[0.0,3.47662]},"AQo":{"weight":0.0,"played":[0.0,1.0],"evs":[0.0,4.81475]},"K2s":{"weight":0.0,"played":[0.0,1.0],"evs":[0.0,1.21496]},"K3s":{"weight":0.0,"played":[0.0,1.0],"evs":[0.0,1.35397]},"K4s":{"weight":0.0,"played":[0.0,1.0],"evs":[0.0,1.53297]},"K5s":{"weight":0.9999,"played":[0.0,1.0],"evs":[0.0,1.77558]},"K6s":{"weight":0.999,"played":[0.0,1.0],"evs":[0.0,1.97261]},"K7s":{"weight":1.0,"played":[0.0,1.0],"evs":[0.0,2.1832]},"K8s":{"weight":0.9977,"played":[0.0,1.0],"evs":[0.0,2.4147]},"K9s":{"weight":1.0,"played":[0.0,1.0],"evs":[0.0,2.8136]},"KTs":{"weight":1.0,"played":[0.0,1.0],"evs":[0.0,3.31693]},"KJs":{"weight":1.0,"played":[0.0,1.0],"evs":[0.0,3.55335]},"KQs":{"weight":1.0,"played":[0.0,1.0],"evs":[0.0,3.90432]},"KK":{"weight":1.0,"played":[0.0,1.0],"evs":[0.0,8.07906]},"AKo":{"weight":0.0,"played":[0.0,1.0],"evs":[0.0,5.27692]},"A2s":{"weight":0.0,"played":[0.0,1.0],"evs":[0.0,2.73545]},"A3s":{"weight":0.0,"played":[0.0,1.0],"evs":[0.0,2.86955]},"A4s":{"weight":1.0,"played":[0.0,1.0],"evs":[0.0,3.05048]},"A5s":{"weight":1.0,"played":[0.0,1.0],"evs":[0.0,3.29388]},"A6s":{"weight":0.9953,"played":[0.0,1.0],"evs":[0.0,3.25815]},"A7s":{"weight":1.0,"played":[0.0,1.0],"evs":[0.0,3.52288]},"A8s":{"weight":1.0,"played":[0.0,1.0],"evs":[0.0,3.78382]},"A9s":{"weight":0.9999,"played":[0.0,1.0],"evs":[0.0,3.98676]},"ATs":{"weight":1.0,"played":[0.0,1.0],"evs":[0.0,4.4843]},"AJs":{"weight":1.0,"played":[0.0,1.0],"evs":[0.0,4.72605]},"AQs":{"weight":1.0,"played":[0.0,1.0],"evs":[0.0,5.16189]},"AKs":{"weight":1.0,"played":[0.0,1.0],"evs":[0.0,5.58497]},"AA":{"weight":1.0,"played":[0.0,1.0],"evs":[0.0,9.15322]}}}