{"player":1,"street":0,"children":2,"sequence":[{"player":0,"type":"R","amount":100000,"street":0}],"actions":[{"type":"F","amount":0},{"type":"C","amount":90000}],"hands":{"22":{"weight":1.0,"played":[0.0,1.0],"evs":[0.0,1.73728]},"32o":{"weight":1.0,"played":[1.0,0.0],"evs":[0.0,-2.17774]},"42o":{"weight":1.0,"played":[1.0,0.0],"evs":[0.0,-2.0132]},"52o":{"weight":1.0,"played":[1.0,0.0],"evs":[0.0,-1.8724]},"62o":{"weight":1.0,"played":[1.0,0.0],"evs":[0.0,-2.05529]},"72o":{"weight":1.0,"played":[1.0,0.0],"evs":[0.0,-2.16384]},"82o":{"weight":1.0,"played":[1.0,0.0],"evs":[0.0,-1.90785]},"92o":{"weight":1.0,"played":[1.0,0.0],"evs":[0.0,-1.66844]},"T2o":{"weight":1.0,"played":[1.0,0.0],"evs":[0.0,-1.37838]},"J2o":{"weight":1.0,"played":[1.0,0.0],"evs":[0.0,-1.0276]},"Q2o":{"weight":1.0,"played":[1.0,0.0],"evs":[0.0,-0.37546]},"K2o":{"weight":1.0,"played":[0.0,1.0],"evs":[0.0,0.64169]},"A2o":{"weight":1.0,"played":[0.0,1.0],"evs":[0.0,2.16413]},"32s":{"weight":1.0,"played":[1.0,0.0],"evs":[0.0,-1.39411]},"33":{"weight":1.0,"played":[0.0,1.0],"evs":[0.0,2.30602]},"43o":{"weight":1.0,"played":[1.0,0.0],"evs":[0.0,-1.69339]},"53o":{"weight":1.0,"played":[1.0,0.0],"evs":[0.0,-1.52775]},"63o":{"weight":1.0,"played":[1.0,0.0],"evs":[0.0,-1.70102]},"73o":{"weight":1.0,"played":[1.0,0.0],"evs":[0.0,-1.8145]},"83o":{"weight":1.0,"played":[1.0,0.0],"evs":[0.0,-1.84635]},"93o":{"weight":1.0,"played":[1.0,0.0],"evs":[0.0,-1.54964]},"T3o":{"weight":1.0,"played":[1.0,0.0],"evs":[0.0,-1.25725]},"J3o":{"weight":1.0,"played":[1.0,0.0],"evs":[0.0,-0.88715]},"Q3o":{"weight":1.0,"played":[1.0,0.0],"evs":[0.0,-0.20806]},"K3o":{"weight":1.0,"played":[0.0,1.0],"evs":[0.0,0.84224]},"A3o":{"weight":1.0,"played":[0.0,1.0],"evs":[0.0,2.38836]},"42s":{"weight":1.0,"played":[1.0,0.0],"evs":[0.0,-1.254]},"43s":{"weight":1.0,"played":[1.0,0.0],"evs":[0.0,-0.91789]},"44":{"weight":1.0,"played":[0.0,1.0],"evs":[0.0,2.91045]},"54o":{"weight":1.0,"played":[1.0,0.0],"evs":[0.0,-1.16655]},"64o":{"weight":1.0,"played":[1.0,0.0],"evs":[0.0,-1.3217]},"74o":{"weight":1.0,"played":[1.0,0.0],"evs":[0.0,-1.42122]},"84o":{"weight":1.0,"played":[1.0,0.0],"evs":[0.0,-1.44625]},"94o":{"weight":1.0,"played":[1.0,0.0],"evs":[0.0,-1.43767]},"T4o":{"weight":1.0,"played":[1.0,0.0],"evs":[0.0,-1.06762]},"J4o":{"weight":1.0,"played":[1.0,0.0],"evs":[0.0,-0.69936]},"Q4o":{"weight":1.0,"played":[0.5175,0.4825],"evs":[0.0,9.0E-4]},"K4o":{"weight":1.0,"played":[0.0,1.0],"evs":[0.0,1.05711]},"A4o":{"weight":1.0,"played":[0.0,1.0],"evs":[0.0,2.58219]},"52s":{"weight":1.0,"played":[1.0,0.0],"evs":[0.0,-1.10139]},"53s":{"weight":1.0,"played":[1.0,0.0],"evs":[0.0,-0.77522]},"54s":{"weight":1.0,"played":[1.0,0.0],"evs":[0.0,-0.43287]},"55":{"weight":1.0,"played":[0.0,1.0],"evs":[0.0,3.46614]},"65o":{"weight":1.0,"played":[1.0,0.0],"evs":[0.0,-0.95574]},"75o":{"weight":1.0,"played":[1.0,0.0],"evs":[0.0,-1.05191]},"85o":{"weight":1.0,"played":[1.0,0.0],"evs":[0.0,-1.06453]},"95o":{"weight":1.0,"played":[1.0,0.0],"evs":[0.0,-1.02892]},"T5o":{"weight":1.0,"played":[1.0,0.0],"evs":[0.0,-0.94692]},"J5o":{"weight":1.0,"played":[1.0,0.0],"evs":[0.0,-0.50725]},"Q5o":{"weight":1.0,"played":[0.0,1.0],"evs":[0.0,0.21938]},"K5o":{"weight":1.0,"played":[0.0,1.0],"evs":[0.0,1.28658]},"A5o":{"weight":1.0,"played":[0.0,1.0],"evs":[0.0,2.78946]},"62s":{"weight":1.0,"played":[1.0,0.0],"evs":[0.0,-1.27321]},"63s":{"weight":1.0,"played":[1.0,0.0],"evs":[0.0,-0.93677]},"64s":{"weight":1.0,"played":[1.0,0.0],"evs":[0.0,-0.5858]},"65s":{"weight":1.0,"played":[1.0,0.0],"evs":[0.0,-0.22089]},"66":{"weight":1.0,"played":[0.0,1.0],"evs":[0.0,3.95529]},"76o":{"weight":1.0,"played":[1.0,0.0],"evs":[0.0,-0.69554]},"86o":{"weight":1.0,"played":[1.0,0.0],"evs":[0.0,-0.71128]},"96o":{"weight":1.0,"played":[1.0,0.0],"evs":[0.0,-0.67445]},"T6o":{"weight":1.0,"played":[1.0,0.0],"evs":[0.0,-0.57492]},"J6o":{"weight":1.0,"played":[1.0,0.0],"evs":[0.0,-0.39963]},"Q6o":{"weight":1.0,"played":[0.0,1.0],"evs":[0.0,0.46395]},"K6o":{"weight":1.0,"played":[0.0,1.0],"evs":[0.0,1.53508]},"A6o":{"weight":1.0,"played":[0.0,1.0],"evs":[0.0,2.84502]},"72s":{"weight":1.0,"played":[1.0,0.0],"evs":[0.0,-1.37277]},"73s":{"weight":1.0,"played":[1.0,0.0],"evs":[0.0,-1.0476]},"74s":{"weight":1.0,"played":[1.0,0.0],"evs":[0.0,-0.67213]},"75s":{"weight":1.0,"played":[1.0,0.0],"evs":[0.0,-0.33282]},"76s":{"weight":1.0,"played":[0.4327,0.5673],"evs":[0.0,-0.00211]},"77":{"weight":1.0,"played":[0.0,1.0],"evs":[0.0,4.47826]},"87o":{"weight":1.0,"played":[1.0,0.0],"evs":[0.0,-0.39635]},"97o":{"weight":1.0,"played":[1.0,0.0],"evs":[0.0,-0.36107]},"T7o":{"weight":1.0,"played":[1.0,0.0],"evs":[0.0,-0.23784]},"J7o":{"weight":1.0,"played":[0.6403,0.3597],"evs":[0.0,0.00121]},"Q7o":{"weight":1.0,"played":[0.0,1.0],"evs":[0.0,0.70465]},"K7o":{"weight":1.0,"played":[0.0,1.0],"evs":[0.0,1.82028]},"A7o":{"weight":1.0,"played":[0.0,1.0],"evs":[0.0,3.17213]},"82s":{"weight":1.0,"played":[1.0,0.0],"evs":[0.0,-1.12655]},"83s":{"weight":1.0,"played":[1.0,0.0],"evs":[0.0,-1.07493]},"84s":{"weight":1.0,"played":[1.0,0.0],"evs":[0.0,-0.69075]},"85s":{"weight":1.0,"played":[1.0,0.0],"evs":[0.0,-0.32259]},"86s":{"weight":1.0,"played":[0.9497,0.0503],"evs":[0.0,-0.01557]},"87s":{"weight":1.0,"played":[0.0,1.0],"evs":[0.0,0.2742]},"88":{"weight":1.0,"played":[0.0,1.0],"evs":[0.0,5.07018]},"98o":{"weight":1.0,"played":[0.4777,0.5223],"evs":[0.0,-0.00187]},"T8o":{"weight":1.0,"played":[0.0,1.0],"evs":[0.0,0.17945]},"J8o":{"weight":1.0,"played":[0.0,1.0],"evs":[0.0,0.44684]},"Q8o":{"weight":1.0,"played":[0.0,1.0],"evs":[0.0,1.20659]},"K8o":{"weight":1.0,"played":[0.0,1.0],"evs":[0.0,2.0906]},"A8o":{"weight":1.0,"played":[0.0,1.0],"evs":[0.0,3.46895]},"92s":{"weight":1.0,"played":[1.0,0.0],"evs":[0.0,-0.87823]},"93s":{"weight":1.0,"played":[1.0,0.0],"evs":[0.0,-0.79167]},"94s":{"weight":1.0,"played":[1.0,0.0],"evs":[0.0,-0.68954]},"95s":{"weight":1.0,"played":[1.0,0.0],"evs":[0.0,-0.30127]},"96s":{"weight":1.0,"played":[0.0352,0.9648],"evs":[0.0,0.03283]},"97s":{"weight":1.0,"played":[0.0,1.0],"evs":[0.0,0.31721]},"98s":{"weight":1.0,"played":[0.0,1.0],"evs":[0.0,0.65513]},"99":{"weight":1.0,"played":[0.0,1.0],"evs":[0.0,5.61371]},"T9o":{"weight":1.0,"played":[0.0,1.0],"evs":[0.0,0.59787]},"J9o":{"weight":1.0,"played":[0.0,1.0],"evs":[0.0,0.88018]},"Q9o":{"weight":1.0,"played":[0.0,1.0],"evs":[0.0,1.659]},"K9o":{"weight":1.0,"played":[0.0,1.0],"evs":[0.0,2.53026]},"A9o":{"weight":1.0,"played":[0.0,1.0],"evs":[0.0,3.68579]},"T2s":{"weight":1.0,"played":[1.0,0.0],"evs":[0.0,-0.62382]},"T3s":{"weight":1.0,"played":[1.0,0.0],"evs":[0.0,-0.51302]},"T4s":{"weight":1.0,"played":[1.0,0.0],"evs":[0.0,-0.3433]},"T5s":{"weight":1.0,"played":[1.0,0.0],"evs":[0.0,-0.2132]},"T6s":{"weight":1.0,"played":[0.0,1.0],"evs":[0.0,0.11797]},"T7s":{"weight":1.0,"played":[0.0,1.0],"evs":[0.0,0.43464]},"T8s":{"weight":1.0,"played":[0.0,1.0],"evs":[0.0,0.81824]},"T9s":{"weight":1.0,"played":[0.0,1.0],"evs":[0.0,1.22334]},"TT":{"weight":1.0,"played":[0.0,1.0],"evs":[0.0,6.11939]},"JTo":{"weight":1.0,"played":[0.0,1.0],"evs":[0.0,1.36826]},"QTo":{"weight":1.0,"played":[0.0,1.0],"evs":[0.0,2.11236]},"KTo":{"weight":1.0,"played":[0.0,1.0],"evs":[0.0,3.00497]},"ATo":{"weight":1.0,"played":[0.0,1.0],"evs":[0.0,4.14367]},"J2s":{"weight":1.0,"played":[1.0,0.0],"evs":[0.0,-0.27554]},"J3s":{"weight":1.0,"played":[1.0,0.0],"evs":[0.0,-0.15476]},"J4s":{"weight":1.0,"played":[0.2893,0.7107],"evs":[0.0,0.00945]},"J5s":{"weight":1.0,"played":[0.0,1.0],"evs":[0.0,0.19633]},"J6s":{"weight":1.0,"played":[0.0,1.0],"evs":[0.0,0.2896]},"J7s":{"weight":1.0,"played":[0.0,1.0],"evs":[0.0,0.65393]},"J8s":{"weight":1.0,"played":[0.0,1.0],"evs":[0.0,1.068]},"J9s":{"weight":1.0,"played":[0.0,1.0],"evs":[0.0,1.48537]},"JTs":{"weight":1.0,"played":[0.0,1.0],"evs":[0.0,1.92962]},"JJ":{"weight":1.0,"played":[0.0,1.0],"evs":[0.0,6.53492]},"QJo":{"weight":1.0,"played":[0.0,1.0],"evs":[0.0,2.24028]},"KJo":{"weight":1.0,"played":[0.0,1.0],"evs":[0.0,3.23888]},"AJo":{"weight":1.0,"played":[0.0,1.0],"evs":[0.0,4.40587]},"Q2s":{"weight":1.0,"played":[0.0,1.0],"evs":[0.0,0.33351]},"Q3s":{"weight":1.0,"played":[0.0,1.0],"evs":[0.0,0.47928]},"Q4s":{"weight":1.0,"played":[0.0,1.0],"evs":[0.0,0.66796]},"Q5s":{"weight":1.0,"played":[0.0,1.0],"evs":[0.0,0.87923]},"Q6s":{"weight":1.0,"played":[0.0,1.0],"evs":[0.0,1.1188]},"Q7s":{"weight":1.0,"played":[0.0,1.0],"evs":[0.0,1.33394]},"Q8s":{"weight":1.0,"played":[0.0,1.0],"evs":[0.0,1.78965]},"Q9s":{"weight":1.0,"played":[0.0,1.0],"evs":[0.0,2.22401]},"QTs":{"weight":1.0,"played":[0.0,1.0],"evs":[0.0,2.62678]},"QJs":{"weight":1.0,"played":[0.0,1.0],"evs":[0.0,2.76196]},"QQ":{"weight":1.0,"played":[0.0,1.0],"evs":[0.0,7.21533]},"KQo":{"weight":1.0,"played":[0.0,1.0],"evs":[0.0,3.62497]},"AQo":{"weight":1.0,"played":[0.0,1.0],"evs":[0.0,4.81647]},"K2s":{"weight":1.0,"played":[0.0,1.0],"evs":[0.0,1.28193]},"K3s":{"weight":1.0,"played":[0.0,1.0],"evs":[0.0,1.46778]},"K4s":{"weight":1.0,"played":[0.0,1.0],"evs":[0.0,1.66486]},"K5s":{"weight":1.0,"played":[0.0,1.0],"evs":[0.0,1.8847]},"K6s":{"weight":1.0,"played":[0.0,1.0],"evs":[0.0,2.09906]},"K7s":{"weight":1.0,"played":[0.0,1.0],"evs":[0.0,2.38412]},"K8s":{"weight":1.0,"played":[0.0,1.0],"evs":[0.0,2.63338]},"K9s":{"weight":1.0,"played":[0.0,1.0],"evs":[0.0,3.0482]},"KTs":{"weight":1.0,"played":[0.0,1.0],"evs":[0.0,3.48139]},"KJs":{"weight":1.0,"played":[0.0,1.0],"evs":[0.0,3.71639]},"KQs":{"weight":1.0,"played":[0.0,1.0],"evs":[0.0,4.04148]},"KK":{"weight":1.0,"played":[0.0,1.0],"evs":[0.0,8.09222]},"AKo":{"weight":1.0,"played":[0.0,1.0],"evs":[0.0,5.23714]},"A2s":{"weight":1.0,"played":[0.0,1.0],"evs":[0.0,2.71506]},"A3s":{"weight":1.0,"played":[0.0,1.0],"evs":[0.0,2.90415]},"A4s":{"weight":1.0,"played":[0.0,1.0],"evs":[0.0,3.09019]},"A5s":{"weight":1.0,"played":[0.0,1.0],"evs":[0.0,3.29318]},"A6s":{"weight":1.0,"played":[0.0,1.0],"evs":[0.0,3.34179]},"A7s":{"weight":1.0,"played":[0.0,1.0],"evs":[0.0,3.65603]},"A8s":{"weight":1.0,"played":[0.0,1.0],"evs":[0.0,3.93849]},"A9s":{"weight":1.0,"played":[0.0,1.0],"evs":[0.0,4.1294]},"ATs":{"weight":1.0,"played":[0.0,1.0],"evs":[0.0,4.55495]},"AJs":{"weight":1.0,"played":[0.0,1.0],"evs":[0.0,4.79522]},"AQs":{"weight":1.0,"played":[0.0,1.0],"evs":[0.0,5.19196]},"AKs":{"weight":1.0,"played":[0.0,1.0],"evs":[0.0,5.55981]},"AA":{"weight":1.0,"played":[0.0,1.0],"evs":[0.0,9.04816]}}}