{"player":1,"street":0,"children":2,"sequence":[{"player":0,"type":"R","amount":100000,"street":0}],"actions":[{"type":"F","amount":0},{"type":"C","amount":90000}],"hands":{"22":{"weight":1.0,"played":[0.0,1.0],"evs":[0.0,1.78544]},"32o":{"weight":1.0,"played":[1.0,0.0],"evs":[0.0,-2.16965]},"42o":{"weight":1.0,"played":[1.0,0.0],"evs":[0.0,-2.01467]},"52o":{"weight":1.0,"played":[1.0,0.0],"evs":[0.0,-1.87293]},"62o":{"weight":1.0,"played":[1.0,0.0],"evs":[0.0,-2.04178]},"72o":{"weight":1.0,"played":[1.0,0.0],"evs":[0.0,-2.15989]},"82o":{"weight":1.0,"played":[1.0,0.0],"evs":[0.0,-1.91392]},"92o":{"weight":1.0,"played":[1.0,0.0],"evs":[0.0,-1.65834]},"T2o":{"weight":1.0,"played":[1.0,0.0],"evs":[0.0,-1.37141]},"J2o":{"weight":1.0,"played":[1.0,0.0],"evs":[0.0,-1.03075]},"Q2o":{"weight":1.0,"played":[1.0,0.0],"evs":[0.0,-0.37567]},"K2o":{"weight":1.0,"played":[0.0,1.0],"evs":[0.0,0.63703]},"A2o":{"weight":1.0,"played":[0.0,1.0],"evs":[0.0,2.15375]},"32s":{"weight":1.0,"played":[1.0,0.0],"evs":[0.0,-1.38185]},"33":{"weight":1.0,"played":[0.0,1.0],"evs":[0.0,2.35802]},"43o":{"weight":1.0,"played":[1.0,0.0],"evs":[0.0,-1.67927]},"53o":{"weight":1.0,"played":[1.0,0.0],"evs":[0.0,-1.51254]},"63o":{"weight":1.0,"played":[1.0,0.0],"evs":[0.0,-1.67478]},"73o":{"weight":1.0,"played":[1.0,0.0],"evs":[0.0,-1.80065]},"83o":{"weight":1.0,"played":[1.0,0.0],"evs":[0.0,-1.84576]},"93o":{"weight":1.0,"played":[1.0,0.0],"evs":[0.0,-1.52596]},"T3o":{"weight":1.0,"played":[1.0,0.0],"evs":[0.0,-1.23421]},"J3o":{"weight":1.0,"played":[1.0,0.0],"evs":[0.0,-0.89105]},"Q3o":{"weight":1.0,"played":[1.0,0.0],"evs":[0.0,-0.2051]},"K3o":{"weight":1.0,"played":[0.0,1.0],"evs":[0.0,0.83749]},"A3o":{"weight":1.0,"played":[0.0,1.0],"evs":[0.0,2.36944]},"42s":{"weight":1.0,"played":[1.0,0.0],"evs":[0.0,-1.23467]},"43s":{"weight":1.0,"played":[1.0,0.0],"evs":[0.0,-0.91624]},"44":{"weight":1.0,"played":[0.0,1.0],"evs":[0.0,2.94848]},"54o":{"weight":1.0,"played":[1.0,0.0],"evs":[0.0,-1.15704]},"64o":{"weight":1.0,"played":[1.0,0.0],"evs":[0.0,-1.30528]},"74o":{"weight":1.0,"played":[1.0,0.0],"evs":[0.0,-1.41092]},"84o":{"weight":1.0,"played":[1.0,0.0],"evs":[0.0,-1.44955]},"94o":{"weight":1.0,"played":[1.0,0.0],"evs":[0.0,-1.41706]},"T4o":{"weight":1.0,"played":[1.0,0.0],"evs":[0.0,-1.05918]},"J4o":{"weight":1.0,"played":[1.0,0.0],"evs":[0.0,-0.70045]},"Q4o":{"weight":1.0,"played":[0.6752,0.3248],"evs":[0.0,-0.00185]},"K4o":{"weight":1.0,"played":[0.0,1.0],"evs":[0.0,1.06303]},"A4o":{"weight":1.0,"played":[0.0,1.0],"evs":[0.0,2.5723]},"52s":{"weight":1.0,"played":[1.0,0.0],"evs":[0.0,-1.0997]},"53s":{"weight":1.0,"played":[1.0,0.0],"evs":[0.0,-0.75501]},"54s":{"weight":1.0,"played":[1.0,0.0],"evs":[0.0,-0.42573]},"55":{"weight":1.0,"played":[0.0,1.0],"evs":[0.0,3.49845]},"65o":{"weight":1.0,"played":[1.0,0.0],"evs":[0.0,-0.93662]},"75o":{"weight":1.0,"played":[1.0,0.0],"evs":[0.0,-1.03802]},"85o":{"weight":1.0,"played":[1.0,0.0],"evs":[0.0,-1.06756]},"95o":{"weight":1.0,"played":[1.0,0.0],"evs":[0.0,-1.01827]},"T5o":{"weight":1.0,"played":[1.0,0.0],"evs":[0.0,-0.92878]},"J5o":{"weight":1.0,"played":[1.0,0.0],"evs":[0.0,-0.50762]},"Q5o":{"weight":1.0,"played":[0.0,1.0],"evs":[0.0,0.2333]},"K5o":{"weight":1.0,"played":[0.0,1.0],"evs":[0.0,1.29493]},"A5o":{"weight":1.0,"played":[0.0,1.0],"evs":[0.0,2.78784]},"62s":{"weight":1.0,"played":[1.0,0.0],"evs":[0.0,-1.25087]},"63s":{"weight":1.0,"played":[1.0,0.0],"evs":[0.0,-0.90715]},"64s":{"weight":1.0,"played":[1.0,0.0],"evs":[0.0,-0.55953]},"65s":{"weight":1.0,"played":[1.0,0.0],"evs":[0.0,-0.21932]},"66":{"weight":1.0,"played":[0.0,1.0],"evs":[0.0,3.98358]},"76o":{"weight":1.0,"played":[1.0,0.0],"evs":[0.0,-0.67716]},"86o":{"weight":1.0,"played":[1.0,0.0],"evs":[0.0,-0.71102]},"96o":{"weight":1.0,"played":[1.0,0.0],"evs":[0.0,-0.65532]},"T6o":{"weight":1.0,"played":[1.0,0.0],"evs":[0.0,-0.55873]},"J6o":{"weight":1.0,"played":[1.0,0.0],"evs":[0.0,-0.39641]},"Q6o":{"weight":1.0,"played":[0.0,1.0],"evs":[0.0,0.46544]},"K6o":{"weight":1.0,"played":[0.0,1.0],"evs":[0.0,1.53447]},"A6o":{"weight":1.0,"played":[0.0,1.0],"evs":[0.0,2.82326]},"72s":{"weight":1.0,"played":[1.0,0.0],"evs":[0.0,-1.36079]},"73s":{"weight":1.0,"played":[1.0,0.0],"evs":[0.0,-1.02391]},"74s":{"weight":1.0,"played":[1.0,0.0],"evs":[0.0,-0.66497]},"75s":{"weight":1.0,"played":[1.0,0.0],"evs":[0.0,-0.30696]},"76s":{"weight":1.0,"played":[7.0E-4,0.9993],"evs":[0.0,0.02215]},"77":{"weight":1.0,"played":[0.0,1.0],"evs":[0.0,4.49772]},"87o":{"weight":1.0,"played":[1.0,0.0],"evs":[0.0,-0.39037]},"97o":{"weight":1.0,"played":[1.0,0.0],"evs":[0.0,-0.34164]},"T7o":{"weight":1.0,"played":[1.0,0.0],"evs":[0.0,-0.22096]},"J7o":{"weight":1.0,"played":[0.5952,0.4048],"evs":[0.0,5.2E-4]},"Q7o":{"weight":1.0,"played":[0.0,1.0],"evs":[0.0,0.69539]},"K7o":{"weight":1.0,"played":[0.0,1.0],"evs":[0.0,1.81369]},"A7o":{"weight":1.0,"played":[0.0,1.0],"evs":[0.0,3.14709]},"82s":{"weight":1.0,"played":[1.0,0.0],"evs":[0.0,-1.12541]},"83s":{"weight":1.0,"played":[1.0,0.0],"evs":[0.0,-1.05849]},"84s":{"weight":1.0,"played":[1.0,0.0],"evs":[0.0,-0.69905]},"85s":{"weight":1.0,"played":[1.0,0.0],"evs":[0.0,-0.33769]},"86s":{"weight":1.0,"played":[0.9062,0.0938],"evs":[0.0,-0.00274]},"87s":{"weight":1.0,"played":[0.0,1.0],"evs":[0.0,0.28132]},"88":{"weight":1.0,"played":[0.0,1.0],"evs":[0.0,5.09032]},"98o":{"weight":1.0,"played":[0.4725,0.5275],"evs":[0.0,6.1E-4]},"T8o":{"weight":1.0,"played":[0.0,1.0],"evs":[0.0,0.19173]},"J8o":{"weight":1.0,"played":[0.0,1.0],"evs":[0.0,0.4608]},"Q8o":{"weight":1.0,"played":[0.0,1.0],"evs":[0.0,1.20629]},"K8o":{"weight":1.0,"played":[0.0,1.0],"evs":[0.0,2.09859]},"A8o":{"weight":1.0,"played":[0.0,1.0],"evs":[0.0,3.47153]},"92s":{"weight":1.0,"played":[1.0,0.0],"evs":[0.0,-0.87623]},"93s":{"weight":1.0,"played":[1.0,0.0],"evs":[0.0,-0.75294]},"94s":{"weight":1.0,"played":[1.0,0.0],"evs":[0.0,-0.66484]},"95s":{"weight":1.0,"played":[1.0,0.0],"evs":[0.0,-0.29123]},"96s":{"weight":1.0,"played":[0.0,1.0],"evs":[0.0,0.05021]},"97s":{"weight":1.0,"played":[0.0,1.0],"evs":[0.0,0.33721]},"98s":{"weight":1.0,"played":[0.0,1.0],"evs":[0.0,0.65781]},"99":{"weight":1.0,"played":[0.0,1.0],"evs":[0.0,5.64815]},"T9o":{"weight":1.0,"played":[0.0,1.0],"evs":[0.0,0.60872]},"J9o":{"weight":1.0,"played":[0.0,1.0],"evs":[0.0,0.89034]},"Q9o":{"weight":1.0,"played":[0.0,1.0],"evs":[0.0,1.64042]},"K9o":{"weight":1.0,"played":[0.0,1.0],"evs":[0.0,2.53684]},"A9o":{"weight":1.0,"played":[0.0,1.0],"evs":[0.0,3.68593]},"T2s":{"weight":1.0,"played":[1.0,0.0],"evs":[0.0,-0.61332]},"T3s":{"weight":1.0,"played":[1.0,0.0],"evs":[0.0,-0.4877]},"T4s":{"weight":1.0,"played":[1.0,0.0],"evs":[0.0,-0.33178]},"T5s":{"weight":1.0,"played":[1.0,0.0],"evs":[0.0,-0.20171]},"T6s":{"weight":1.0,"played":[0.0,1.0],"evs":[0.0,0.14095]},"T7s":{"weight":1.0,"played":[0.0,1.0],"evs":[0.0,0.45039]},"T8s":{"weight":1.0,"played":[0.0,1.0],"evs":[0.0,0.83266]},"T9s":{"weight":1.0,"played":[0.0,1.0],"evs":[0.0,1.23395]},"TT":{"weight":1.0,"played":[0.0,1.0],"evs":[0.0,6.13703]},"JTo":{"weight":1.0,"played":[0.0,1.0],"evs":[0.0,1.37447]},"QTo":{"weight":1.0,"played":[0.0,1.0],"evs":[0.0,2.08771]},"KTo":{"weight":1.0,"played":[0.0,1.0],"evs":[0.0,3.00181]},"ATo":{"weight":1.0,"played":[0.0,1.0],"evs":[0.0,4.13893]},"J2s":{"weight":1.0,"played":[1.0,0.0],"evs":[0.0,-0.27882]},"J3s":{"weight":1.0,"played":[1.0,0.0],"evs":[0.0,-0.15405]},"J4s":{"weight":1.0,"played":[0.0023,0.9977],"evs":[0.0,0.01503]},"J5s":{"weight":1.0,"played":[0.0,1.0],"evs":[0.0,0.19133]},"J6s":{"weight":1.0,"played":[0.0,1.0],"evs":[0.0,0.29939]},"J7s":{"weight":1.0,"played":[0.0,1.0],"evs":[0.0,0.66566]},"J8s":{"weight":1.0,"played":[0.0,1.0],"evs":[0.0,1.09578]},"J9s":{"weight":1.0,"played":[0.0,1.0],"evs":[0.0,1.49509]},"JTs":{"weight":1.0,"played":[0.0,1.0],"evs":[0.0,1.95167]},"JJ":{"weight":1.0,"played":[0.0,1.0],"evs":[0.0,6.55561]},"QJo":{"weight":1.0,"played":[0.0,1.0],"evs":[0.0,2.2195]},"KJo":{"weight":1.0,"played":[0.0,1.0],"evs":[0.0,3.26389]},"AJo":{"weight":1.0,"played":[0.0,1.0],"evs":[0.0,4.42338]},"Q2s":{"weight":1.0,"played":[0.0,1.0],"evs":[0.0,0.33435]},"Q3s":{"weight":1.0,"played":[0.0,1.0],"evs":[0.0,0.48423]},"Q4s":{"weight":1.0,"played":[0.0,1.0],"evs":[0.0,0.67559]},"Q5s":{"weight":1.0,"played":[0.0,1.0],"evs":[0.0,0.88295]},"Q6s":{"weight":1.0,"played":[0.0,1.0],"evs":[0.0,1.1093]},"Q7s":{"weight":1.0,"played":[0.0,1.0],"evs":[0.0,1.31623]},"Q8s":{"weight":1.0,"played":[0.0,1.0],"evs":[0.0,1.80563]},"Q9s":{"weight":1.0,"played":[0.0,1.0],"evs":[0.0,2.2088]},"QTs":{"weight":1.0,"played":[0.0,1.0],"evs":[0.0,2.62551]},"QJs":{"weight":1.0,"played":[0.0,1.0],"evs":[0.0,2.74886]},"QQ":{"weight":1.0,"played":[0.0,1.0],"evs":[0.0,7.19669]},"KQo":{"weight":1.0,"played":[0.0,1.0],"evs":[0.0,3.59868]},"AQo":{"weight":1.0,"played":[0.0,1.0],"evs":[0.0,4.82447]},"K2s":{"weight":1.0,"played":[0.0,1.0],"evs":[0.0,1.28382]},"K3s":{"weight":1.0,"played":[0.0,1.0],"evs":[0.0,1.47132]},"K4s":{"weight":1.0,"played":[0.0,1.0],"evs":[0.0,1.66722]},"K5s":{"weight":1.0,"played":[0.0,1.0],"evs":[0.0,1.87894]},"K6s":{"weight":1.0,"played":[0.0,1.0],"evs":[0.0,2.10827]},"K7s":{"weight":1.0,"played":[0.0,1.0],"evs":[0.0,2.37379]},"K8s":{"weight":1.0,"played":[0.0,1.0],"evs":[0.0,2.64345]},"K9s":{"weight":1.0,"played":[0.0,1.0],"evs":[0.0,3.04652]},"KTs":{"weight":1.0,"played":[0.0,1.0],"evs":[0.0,3.48123]},"KJs":{"weight":1.0,"played":[0.0,1.0],"evs":[0.0,3.7308]},"KQs":{"weight":1.0,"played":[0.0,1.0],"evs":[0.0,4.03759]},"KK":{"weight":1.0,"played":[0.0,1.0],"evs":[0.0,8.07689]},"AKo":{"weight":1.0,"played":[0.0,1.0],"evs":[0.0,5.2639]},"A2s":{"weight":1.0,"played":[0.0,1.0],"evs":[0.0,2.69335]},"A3s":{"weight":1.0,"played":[0.0,1.0],"evs":[0.0,2.89161]},"A4s":{"weight":1.0,"played":[0.0,1.0],"evs":[0.0,3.08407]},"A5s":{"weight":1.0,"played":[0.0,1.0],"evs":[0.0,3.28575]},"A6s":{"weight":1.0,"played":[0.0,1.0],"evs":[0.0,3.32109]},"A7s":{"weight":1.0,"played":[0.0,1.0],"evs":[0.0,3.62549]},"A8s":{"weight":1.0,"played":[0.0,1.0],"evs":[0.0,3.92386]},"A9s":{"weight":1.0,"played":[0.0,1.0],"evs":[0.0,4.12316]},"ATs":{"weight":1.0,"played":[0.0,1.0],"evs":[0.0,4.54629]},"AJs":{"weight":1.0,"played":[0.0,1.0],"evs":[0.0,4.81496]},"AQs":{"weight":1.0,"played":[0.0,1.0],"evs":[0.0,5.18259]},"AKs":{"weight":1.0,"played":[0.0,1.0],"evs":[0.0,5.60071]},"AA":{"weight":1.0,"played":[0.0,1.0],"evs":[0.0,9.08031]}}}