{"player":0,"street":0,"children":3,"sequence":[{"player":0,"type":"C","amount":5000,"street":0},{"player":1,"type":"R","amount":40000,"street":0}],"actions":[{"type":"F","amount":0},{"type":"C","amount":30000},{"type":"R","amount":300000,"node":3}],"hands":{"22":{"weight":0.6606,"played":[0.0,0.3666,0.6334],"evs":[0.0,0.9626,0.96407]},"32o":{"weight":1.0,"played":[1.0,0.0,0.0],"evs":[0.0,-0.52643,-1.62356]},"42o":{"weight":1.0,"played":[1.0,0.0,0.0],"evs":[0.0,-0.49539,-1.54578]},"52o":{"weight":1.0,"played":[1.0,0.0,0.0],"evs":[0.0,-0.48987,-1.54073]},"62o":{"weight":1.0,"played":[1.0,0.0,0.0],"evs":[0.0,-0.68175,-1.7657]},"72o":{"weight":1.0,"played":[1.0,0.0,0.0],"evs":[0.0,-0.87657,-2.05045]},"82o":{"weight":1.0,"played":[1.0,0.0,0.0],"evs":[0.0,-0.80693,-1.85216]},"92o":{"weight":1.0,"played":[1.0,0.0,0.0],"evs":[0.0,-0.65288,-1.67891]},"T2o":{"weight":1.0,"played":[1.0,0.0,0.0],"evs":[0.0,-0.50534,-1.42149]},"J2o":{"weight":1.0,"played":[1.0,0.0,0.0],"evs":[0.0,-0.33624,-1.18955]},"Q2o":{"weight":1.0,"played":[1.0,0.0,0.0],"evs":[0.0,-0.13427,-0.72463]},"K2o":{"weight":1.0,"played":[1.0,0.0,0.0],"evs":[0.0,-0.08594,-0.22847]},"A2o":{"weight":1.0,"played":[0.0,0.1901,0.8099],"evs":[0.0,1.16408,1.16526]},"32s":{"weight":0.0107,"played":[1.0E-4,0.9999,0.0],"evs":[0.0,0.19514,-0.77631]},"33":{"weight":0.4906,"played":[0.0,0.4396,0.5604],"evs":[0.0,1.16219,1.16143]},"43o":{"weight":0.7974,"played":[1.0,0.0,0.0],"evs":[0.0,-0.21729,-1.15586]},"53o":{"weight":0.7635,"played":[1.0,0.0,0.0],"evs":[0.0,-0.1869,-1.14802]},"63o":{"weight":0.9999,"played":[1.0,0.0,0.0],"evs":[0.0,-0.39746,-1.35866]},"73o":{"weight":1.0,"played":[1.0,0.0,0.0],"evs":[0.0,-0.6198,-1.65403]},"83o":{"weight":1.0,"played":[1.0,0.0,0.0],"evs":[0.0,-0.78194,-1.78631]},"93o":{"weight":1.0,"played":[1.0,0.0,0.0],"evs":[0.0,-0.61245,-1.55252]},"T3o":{"weight":0.9792,"played":[1.0,0.0,0.0],"evs":[0.0,-0.46311,-1.299]},"J3o":{"weight":0.8829,"played":[1.0,0.0,0.0],"evs":[0.0,-0.29365,-1.06084]},"Q3o":{"weight":0.9935,"played":[1.0,0.0,0.0],"evs":[0.0,-0.09208,-0.60469]},"K3o":{"weight":1.0,"played":[0.9996,1.0E-4,3.0E-4],"evs":[0.0,-0.0233,-0.09953]},"A3o":{"weight":0.9761,"played":[0.0,0.5382,0.4618],"evs":[0.0,1.26155,1.2614]},"42s":{"weight":0.7119,"played":[2.0E-4,0.9998,0.0],"evs":[0.0,0.23783,-0.7182]},"43s":{"weight":0.5068,"played":[0.0,1.0,0.0],"evs":[0.0,0.50564,-0.39115]},"44":{"weight":0.6858,"played":[0.0,1.0,0.0],"evs":[0.0,1.3115,1.28473]},"54o":{"weight":0.409,"played":[0.2803,0.7197,0.0],"evs":[0.0,-2.6E-4,-0.82842]},"64o":{"weight":0.9303,"played":[1.0,0.0,0.0],"evs":[0.0,-0.15457,-1.01226]},"74o":{"weight":1.0,"played":[1.0,0.0,0.0],"evs":[0.0,-0.38863,-1.3121]},"84o":{"weight":0.9999,"played":[1.0,0.0,0.0],"evs":[0.0,-0.57835,-1.43552]},"94o":{"weight":0.9998,"played":[1.0,0.0,0.0],"evs":[0.0,-0.62011,-1.54145]},"T4o":{"weight":0.991,"played":[1.0,0.0,0.0],"evs":[0.0,-0.45087,-1.20697]},"J4o":{"weight":0.8221,"played":[1.0,0.0,0.0],"evs":[0.0,-0.27202,-0.96726]},"Q4o":{"weight":0.7546,"played":[1.0,0.0,0.0],"evs":[0.0,-0.07656,-0.51335]},"K4o":{"weight":0.4213,"played":[0.5099,0.4441,0.046],"evs":[0.0,-0.00323,-0.01433]},"A4o":{"weight":0.7606,"played":[0.0,0.9793,0.0207],"evs":[0.0,1.33706,1.32751]},"52s":{"weight":0.7286,"played":[1.0E-4,0.9999,0.0],"evs":[0.0,0.23587,-0.72947]},"53s":{"weight":0.8707,"played":[0.0,1.0,0.0],"evs":[0.0,0.54058,-0.3677]},"54s":{"weight":0.9813,"played":[0.0,1.0,0.0],"evs":[0.0,0.77017,-0.04308]},"55":{"weight":0.4203,"played":[0.0,1.0,0.0],"evs":[0.0,1.50723,1.34537]},"65o":{"weight":0.3053,"played":[0.092,0.908,0.0],"evs":[0.0,-0.00237,-0.8141]},"75o":{"weight":0.7912,"played":[1.0,0.0,0.0],"evs":[0.0,-0.18384,-1.08893]},"85o":{"weight":0.995,"played":[1.0,0.0,0.0],"evs":[0.0,-0.38716,-1.19117]},"95o":{"weight":0.9995,"played":[1.0,0.0,0.0],"evs":[0.0,-0.48208,-1.28419]},"T5o":{"weight":0.6457,"played":[1.0,0.0,0.0],"evs":[0.0,-0.46314,-1.29228]},"J5o":{"weight":0.7747,"played":[1.0,0.0,0.0],"evs":[0.0,-0.27062,-0.99014]},"Q5o":{"weight":0.4459,"played":[1.0,0.0,0.0],"evs":[0.0,-0.06603,-0.51963]},"K5o":{"weight":0.3624,"played":[0.0,0.9999,0.0],"evs":[0.0,0.02119,-0.0198]},"A5o":{"weight":0.1944,"played":[0.0,1.0,0.0],"evs":[0.0,1.45449,1.35696]},"62s":{"weight":1.0E-4,"played":[0.0599,0.9401,0.0],"evs":[0.0,0.03802,-0.92818]},"63s":{"weight":0.4802,"played":[1.0E-4,0.9999,0.0],"evs":[0.0,0.35012,-0.5545]},"64s":{"weight":0.3783,"played":[0.0,1.0,0.0],"evs":[0.0,0.57976,-0.24504]},"65s":{"weight":0.9925,"played":[0.0,1.0,0.0],"evs":[0.0,0.76713,-0.04236]},"66":{"weight":0.6722,"played":[0.0,1.0,0.0],"evs":[0.0,1.87634,1.68157]},"76o":{"weight":0.6466,"played":[0.2121,0.7879,0.0],"evs":[0.0,0.00424,-0.77925]},"86o":{"weight":0.5839,"played":[1.0,0.0,0.0],"evs":[0.0,-0.1291,-0.86193]},"96o":{"weight":0.5633,"played":[1.0,0.0,0.0],"evs":[0.0,-0.21907,-0.93386]},"T6o":{"weight":0.668,"played":[1.0,0.0,0.0],"evs":[0.0,-0.27589,-0.94363]},"J6o":{"weight":0.6152,"played":[1.0,0.0,0.0],"evs":[0.0,-0.22645,-0.94908]},"Q6o":{"weight":0.4749,"played":[0.8746,0.1254,0.0],"evs":[0.0,-0.00332,-0.40426]},"K6o":{"weight":0.6142,"played":[0.0,0.4177,0.5823],"evs":[0.0,0.07944,0.079]},"A6o":{"weight":0.5835,"played":[0.0,0.9858,0.0142],"evs":[0.0,1.2204,1.2076]},"72s":{"weight":0.3067,"played":[1.0,0.0,0.0],"evs":[0.0,-0.16346,-1.22397]},"73s":{"weight":0.0026,"played":[4.0E-4,0.9996,0.0],"evs":[0.0,0.12005,-0.82151]},"74s":{"weight":0.6646,"played":[0.0,1.0,0.0],"evs":[0.0,0.35878,-0.50777]},"75s":{"weight":0.7214,"played":[0.0,1.0,0.0],"evs":[0.0,0.58471,-0.29067]},"76s":{"weight":0.7946,"played":[0.0,1.0,0.0],"evs":[0.0,0.77135,-0.01028]},"77":{"weight":0.6946,"played":[0.0,1.0,0.0],"evs":[0.0,2.14833,1.93768]},"87o":{"weight":0.6133,"played":[0.006,0.994,0.0],"evs":[0.0,0.00966,-0.66283]},"97o":{"weight":0.2664,"played":[0.5447,0.4553,0.0],"evs":[0.0,-0.00353,-0.71709]},"T7o":{"weight":0.2844,"played":[0.9999,1.0E-4,0.0],"evs":[0.0,-0.03583,-0.71274]},"J7o":{"weight":0.3745,"played":[1.0,0.0,0.0],"evs":[0.0,-0.05295,-0.7308]},"Q7o":{"weight":0.346,"played":[0.0179,0.9821,0.0],"evs":[0.0,0.0078,-0.47737]},"K7o":{"weight":0.6902,"played":[0.0,0.9865,0.0135],"evs":[0.0,0.11901,0.08413]},"A7o":{"weight":0.748,"played":[0.0,0.4128,0.5872],"evs":[0.0,1.41056,1.41009]},"82s":{"weight":0.0,"played":[1.0,0.0,0.0],"evs":[0.0,-0.08041,-0.98546]},"83s":{"weight":2.0E-4,"played":[1.0,0.0,0.0],"evs":[0.0,-0.06984,-0.93631]},"84s":{"weight":0.2638,"played":[2.0E-4,0.9998,0.0],"evs":[0.0,0.15775,-0.64609]},"85s":{"weight":0.4456,"played":[0.0,1.0,0.0],"evs":[0.0,0.36652,-0.39512]},"86s":{"weight":0.9818,"played":[0.0,1.0,0.0],"evs":[0.0,0.64746,-0.07656]},"87s":{"weight":0.7945,"played":[0.0,1.0,0.0],"evs":[0.0,0.80443,0.10812]},"88":{"weight":0.5181,"played":[0.0,1.0,0.0],"evs":[0.0,2.76822,2.59246]},"98o":{"weight":0.6658,"played":[0.0,1.0,0.0],"evs":[0.0,0.1896,-0.41929]},"T8o":{"weight":0.664,"played":[0.0,1.0,0.0],"evs":[0.0,0.21344,-0.39884]},"J8o":{"weight":0.5657,"played":[0.0,1.0,0.0],"evs":[0.0,0.19335,-0.39975]},"Q8o":{"weight":0.6464,"played":[0.0,1.0,0.0],"evs":[0.0,0.23658,-0.13196]},"K8o":{"weight":0.6794,"played":[0.0,0.9999,0.0],"evs":[0.0,0.28275,0.18885]},"A8o":{"weight":0.9478,"played":[0.0,0.0039,0.9961],"evs":[0.0,1.75032,1.77641]},"92s":{"weight":5.0E-4,"played":[0.0029,0.9971,0.0],"evs":[0.0,0.05877,-0.84712]},"93s":{"weight":0.0013,"played":[0.0011,0.9989,0.0],"evs":[0.0,0.10812,-0.74265]},"94s":{"weight":0.0012,"played":[0.0025,0.9975,0.0],"evs":[0.0,0.09167,-0.73511]},"95s":{"weight":0.9344,"played":[0.0,1.0,0.0],"evs":[0.0,0.27261,-0.48208]},"96s":{"weight":0.9996,"played":[0.0,1.0,0.0],"evs":[0.0,0.57084,-0.14971]},"97s":{"weight":0.9997,"played":[0.0,1.0,0.0],"evs":[0.0,0.7936,0.06008]},"98s":{"weight":0.7277,"played":[0.0,1.0,0.0],"evs":[0.0,0.98717,0.33178]},"99":{"weight":0.5652,"played":[0.0,1.0,0.0],"evs":[0.0,3.83699,3.60235]},"T9o":{"weight":0.7248,"played":[0.0,1.0,0.0],"evs":[0.0,0.6645,0.00759]},"J9o":{"weight":0.6115,"played":[0.0,1.0,0.0],"evs":[0.0,0.65924,0.01037]},"Q9o":{"weight":0.6438,"played":[0.0,1.0,0.0],"evs":[0.0,0.70248,0.25841]},"K9o":{"weight":0.6373,"played":[0.0,1.0,0.0],"evs":[0.0,0.82623,0.59059]},"A9o":{"weight":0.8643,"played":[0.0,0.0,1.0],"evs":[0.0,2.11076,2.18291]},"T2s":{"weight":0.8768,"played":[0.0,1.0,0.0],"evs":[0.0,0.22069,-0.62509]},"T3s":{"weight":0.1815,"played":[0.0,1.0,0.0],"evs":[0.0,0.27081,-0.48297]},"T4s":{"weight":0.9585,"played":[0.0,1.0,0.0],"evs":[0.0,0.30101,-0.41845]},"T5s":{"weight":0.8796,"played":[0.0,1.0,0.0],"evs":[0.0,0.31553,-0.47161]},"T6s":{"weight":0.8369,"played":[0.0,1.0,0.0],"evs":[0.0,0.51408,-0.16668]},"T7s":{"weight":0.9969,"played":[0.0,1.0,0.0],"evs":[0.0,0.75732,0.03781]},"T8s":{"weight":0.3518,"played":[0.0,1.0,0.0],"evs":[0.0,1.03209,0.37452]},"T9s":{"weight":0.2928,"played":[0.0,1.0,0.0],"evs":[0.0,1.46449,0.7419]},"TT":{"weight":0.484,"played":[0.0,1.0,0.0],"evs":[0.0,5.32656,4.95351]},"JTo":{"weight":0.6378,"played":[0.0,1.0,0.0],"evs":[0.0,1.24819,0.61394]},"QTo":{"weight":0.7113,"played":[0.0,1.0,0.0],"evs":[0.0,1.37202,0.97697]},"KTo":{"weight":0.735,"played":[0.0,1.0,0.0],"evs":[0.0,1.5992,1.45032]},"ATo":{"weight":0.9993,"played":[0.0,0.0,1.0],"evs":[0.0,2.90688,3.1992]},"J2s":{"weight":1.0,"played":[0.0,1.0,0.0],"evs":[0.0,0.39725,-0.36508]},"J3s":{"weight":1.0,"played":[0.0,1.0,0.0],"evs":[0.0,0.44265,-0.25235]},"J4s":{"weight":1.0,"played":[0.0,1.0,0.0],"evs":[0.0,0.48881,-0.16132]},"J5s":{"weight":0.4455,"played":[0.0,1.0,0.0],"evs":[0.0,0.48266,-0.18863]},"J6s":{"weight":0.9391,"played":[0.0,1.0,0.0],"evs":[0.0,0.5644,-0.11397]},"J7s":{"weight":0.9572,"played":[0.0,1.0,0.0],"evs":[0.0,0.74149,0.04778]},"J8s":{"weight":0.3391,"played":[0.0,1.0,0.0],"evs":[0.0,0.9766,0.31628]},"J9s":{"weight":0.73,"played":[0.0,1.0,0.0],"evs":[0.0,1.49563,0.77911]},"JTs":{"weight":0.636,"played":[0.0,1.0,0.0],"evs":[0.0,2.08455,1.3439]},"JJ":{"weight":0.5812,"played":[0.0,1.0,0.0],"evs":[0.0,7.06026,6.2987]},"QJo":{"weight":0.2178,"played":[0.0,1.0,0.0],"evs":[0.0,1.74827,1.483]},"KJo":{"weight":0.3944,"played":[0.0,1.0,0.0],"evs":[0.0,2.23789,1.99059]},"AJo":{"weight":0.8129,"played":[0.0,0.0,1.0],"evs":[0.0,3.44418,3.76196]},"Q2s":{"weight":1.0,"played":[0.0,1.0,0.0],"evs":[0.0,0.62499,0.10136]},"Q3s":{"weight":1.0,"played":[0.0,1.0,0.0],"evs":[0.0,0.67948,0.2123]},"Q4s":{"weight":1.0,"played":[0.0,1.0,0.0],"evs":[0.0,0.70396,0.28535]},"Q5s":{"weight":0.521,"played":[0.0,1.0,0.0],"evs":[0.0,0.71835,0.26655]},"Q6s":{"weight":0.7689,"played":[0.0,1.0,0.0],"evs":[0.0,0.77894,0.3587]},"Q7s":{"weight":0.9995,"played":[0.0,1.0,0.0],"evs":[0.0,0.79612,0.3098]},"Q8s":{"weight":0.7555,"played":[0.0,1.0,0.0],"evs":[0.0,1.06302,0.634]},"Q9s":{"weight":0.991,"played":[0.0,1.0,0.0],"evs":[0.0,1.54251,1.00083]},"QTs":{"weight":0.404,"played":[0.0,1.0,0.0],"evs":[0.0,2.22625,1.68147]},"QJs":{"weight":0.9999,"played":[0.0,1.0,0.0],"evs":[0.0,2.59262,2.16087]},"QQ":{"weight":0.1501,"played":[0.0,1.0,0.0],"evs":[0.0,8.98472,7.65028]},"KQo":{"weight":0.4187,"played":[0.0,1.0,0.0],"evs":[0.0,2.96331,2.58918]},"AQo":{"weight":0.5258,"played":[0.0,0.0,1.0],"evs":[0.0,3.83609,4.35716]},"K2s":{"weight":1.0,"played":[0.0,0.9999,1.0E-4],"evs":[0.0,0.7175,0.58608]},"K3s":{"weight":1.0,"played":[0.0,0.9999,1.0E-4],"evs":[0.0,0.79075,0.69663]},"K4s":{"weight":1.0,"played":[0.0,0.9995,5.0E-4],"evs":[0.0,0.83932,0.763]},"K5s":{"weight":0.8559,"played":[0.0,1.0,0.0],"evs":[0.0,0.87473,0.77225]},"K6s":{"weight":0.8594,"played":[0.0,0.9999,1.0E-4],"evs":[0.0,0.94085,0.8573]},"K7s":{"weight":0.0026,"played":[0.0,1.0,0.0],"evs":[0.0,0.97865,0.87195]},"K8s":{"weight":0.1946,"played":[0.0,1.0,0.0],"evs":[0.0,1.17506,0.94475]},"K9s":{"weight":0.5311,"played":[0.0,1.0,0.0],"evs":[0.0,1.75805,1.3316]},"KTs":{"weight":0.186,"played":[0.0,1.0,0.0],"evs":[0.0,2.48662,2.10242]},"KJs":{"weight":0.9993,"played":[0.0,1.0,0.0],"evs":[0.0,3.11104,2.6213]},"KQs":{"weight":0.9443,"played":[0.0,1.0,0.0],"evs":[0.0,3.8122,3.19703]},"KK":{"weight":0.0,"played":[0.0,1.0,0.0],"evs":[0.0,11.59208,9.23853]},"AKo":{"weight":0.0675,"played":[0.0,0.0,1.0],"evs":[0.0,4.58801,5.19347]},"A2s":{"weight":0.9945,"played":[0.0,1.0,0.0],"evs":[0.0,2.0837,1.9074]},"A3s":{"weight":0.0408,"played":[0.0,1.0,0.0],"evs":[0.0,2.21629,1.99476]},"A4s":{"weight":0.3863,"played":[0.0,1.0,0.0],"evs":[0.0,2.2959,2.07716]},"A5s":{"weight":0.9771,"played":[0.0,1.0,0.0],"evs":[0.0,2.4199,2.106]},"A6s":{"weight":0.1966,"played":[0.0,1.0,0.0],"evs":[0.0,2.17322,1.96034]},"A7s":{"weight":0.912,"played":[0.0,1.0,0.0],"evs":[0.0,2.37029,2.14274]},"A8s":{"weight":0.788,"played":[0.0,1.0,0.0],"evs":[0.0,2.71218,2.48383]},"A9s":{"weight":0.4961,"played":[0.0,1.0,0.0],"evs":[0.0,3.06293,2.84997]},"ATs":{"weight":9.0E-4,"played":[0.0,0.758,0.242],"evs":[0.0,3.8109,3.81427]},"AJs":{"weight":0.0,"played":[0.0,0.0335,0.9665],"evs":[0.0,4.2827,4.30538]},"AQs":{"weight":0.0,"played":[0.0,0.0,1.0],"evs":[0.0,4.63475,4.85218]},"AKs":{"weight":0.0,"played":[0.0,0.0,1.0],"evs":[0.0,5.40147,5.66322]},"AA":{"weight":0.0,"played":[0.0,1.0,0.0],"evs":[0.0,13.87367,10.78075]}}}