{"player":1,"street":0,"children":2,"sequence":[{"player":0,"type":"C","amount":5000,"street":0},{"player":1,"type":"R","amount":40000,"street":0},{"player":0,"type":"R","amount":300000,"street":0}],"actions":[{"type":"F","amount":0},{"type":"C","amount":260000}],"hands":{"22":{"weight":0.0,"played":[0.0,1.0],"evs":[0.0,6.03936]},"32o":{"weight":0.1328,"played":[1.0,0.0],"evs":[0.0,-6.32506]},"42o":{"weight":0.1378,"played":[1.0,0.0],"evs":[0.0,-5.58863]},"52o":{"weight":0.4479,"played":[1.0,0.0],"evs":[0.0,-5.34165]},"62o":{"weight":0.0,"played":[1.0,0.0],"evs":[0.0,-6.24343]},"72o":{"weight":0.0,"played":[1.0,0.0],"evs":[0.0,-6.97216]},"82o":{"weight":0.0083,"played":[1.0,0.0],"evs":[0.0,-6.99554]},"92o":{"weight":0.0812,"played":[1.0,0.0],"evs":[0.0,-6.7344]},"T2o":{"weight":0.2874,"played":[1.0,0.0],"evs":[0.0,-6.48795]},"J2o":{"weight":0.1133,"played":[1.0,0.0],"evs":[0.0,-6.14834]},"Q2o":{"weight":0.0044,"played":[1.0,0.0],"evs":[0.0,-5.78459]},"K2o":{"weight":0.0,"played":[1.0,0.0],"evs":[0.0,-5.35454]},"A2o":{"weight":0.0046,"played":[1.0,0.0],"evs":[0.0,-4.02788]},"32s":{"weight":0.7254,"played":[1.0,0.0],"evs":[0.0,-3.97708]},"33":{"weight":0.0,"played":[0.0,1.0],"evs":[0.0,8.42544]},"43o":{"weight":0.2346,"played":[1.0,0.0],"evs":[0.0,-3.85762]},"53o":{"weight":0.1416,"played":[1.0,0.0],"evs":[0.0,-3.58861]},"63o":{"weight":0.1998,"played":[1.0,0.0],"evs":[0.0,-4.44419]},"73o":{"weight":0.0904,"played":[1.0,0.0],"evs":[0.0,-5.17223]},"83o":{"weight":1.0E-4,"played":[1.0,0.0],"evs":[0.0,-6.0542]},"93o":{"weight":0.0208,"played":[1.0,0.0],"evs":[0.0,-5.64594]},"T3o":{"weight":0.0847,"played":[1.0,0.0],"evs":[0.0,-5.31419]},"J3o":{"weight":0.274,"played":[1.0,0.0],"evs":[0.0,-5.04992]},"Q3o":{"weight":0.0223,"played":[1.0,0.0],"evs":[0.0,-4.76552]},"K3o":{"weight":0.0,"played":[1.0,0.0],"evs":[0.0,-4.27292]},"A3o":{"weight":6.0E-4,"played":[1.0,0.0],"evs":[0.0,-3.04321]},"42s":{"weight":0.1199,"played":[1.0,0.0],"evs":[0.0,-3.26347]},"43s":{"weight":0.2263,"played":[1.0,0.0],"evs":[0.0,-1.66557]},"44":{"weight":0.0393,"played":[0.0,1.0],"evs":[0.0,9.5409]},"54o":{"weight":0.0648,"played":[1.0,0.0],"evs":[0.0,-2.2014]},"64o":{"weight":0.2944,"played":[1.0,0.0],"evs":[0.0,-3.00986]},"74o":{"weight":0.2398,"played":[1.0,0.0],"evs":[0.0,-3.72695]},"84o":{"weight":0.0642,"played":[1.0,0.0],"evs":[0.0,-4.52085]},"94o":{"weight":0.003,"played":[1.0,0.0],"evs":[0.0,-4.96824]},"T4o":{"weight":0.163,"played":[1.0,0.0],"evs":[0.0,-4.47946]},"J4o":{"weight":0.0244,"played":[1.0,0.0],"evs":[0.0,-4.20385]},"Q4o":{"weight":0.074,"played":[1.0,0.0],"evs":[0.0,-3.90645]},"K4o":{"weight":0.0,"played":[1.0,0.0],"evs":[0.0,-3.46605]},"A4o":{"weight":0.1019,"played":[1.0,0.0],"evs":[0.0,-2.38186]},"52s":{"weight":0.0855,"played":[1.0,0.0],"evs":[0.0,-2.93681]},"53s":{"weight":0.0,"played":[1.0,0.0],"evs":[0.0,-1.39702]},"54s":{"weight":0.0,"played":[0.9972,0.0028],"evs":[0.0,-0.10488]},"55":{"weight":0.0291,"played":[0.0,1.0],"evs":[0.0,10.02624]},"65o":{"weight":0.0644,"played":[1.0,0.0],"evs":[0.0,-2.13491]},"75o":{"weight":0.3477,"played":[1.0,0.0],"evs":[0.0,-2.79981]},"85o":{"weight":0.3531,"played":[1.0,0.0],"evs":[0.0,-3.63735]},"95o":{"weight":0.4137,"played":[1.0,0.0],"evs":[0.0,-4.1013]},"T5o":{"weight":0.0015,"played":[1.0,0.0],"evs":[0.0,-4.50186]},"J5o":{"weight":0.2354,"played":[1.0,0.0],"evs":[0.0,-3.98904]},"Q5o":{"weight":0.0033,"played":[1.0,0.0],"evs":[0.0,-3.70382]},"K5o":{"weight":0.0,"played":[1.0,0.0],"evs":[0.0,-3.26099]},"A5o":{"weight":0.3797,"played":[1.0,0.0],"evs":[0.0,-1.88002]},"62s":{"weight":0.4114,"played":[1.0,0.0],"evs":[0.0,-3.71422]},"63s":{"weight":0.0073,"played":[1.0,0.0],"evs":[0.0,-2.22332]},"64s":{"weight":0.0024,"played":[1.0,0.0],"evs":[0.0,-0.77521]},"65s":{"weight":0.0,"played":[0.6085,0.3915],"evs":[0.0,-0.00338]},"66":{"weight":0.3286,"played":[0.0,1.0],"evs":[0.0,10.60606]},"76o":{"weight":0.0023,"played":[1.0,0.0],"evs":[0.0,-2.1574]},"86o":{"weight":0.0937,"played":[1.0,0.0],"evs":[0.0,-2.89135]},"96o":{"weight":0.2168,"played":[1.0,0.0],"evs":[0.0,-3.45297]},"T6o":{"weight":0.3576,"played":[1.0,0.0],"evs":[0.0,-3.77722]},"J6o":{"weight":0.2196,"played":[1.0,0.0],"evs":[0.0,-4.22532]},"Q6o":{"weight":0.1851,"played":[1.0,0.0],"evs":[0.0,-3.73802]},"K6o":{"weight":8.0E-4,"played":[1.0,0.0],"evs":[0.0,-2.86922]},"A6o":{"weight":0.0025,"played":[1.0,0.0],"evs":[0.0,-2.02301]},"72s":{"weight":0.408,"played":[1.0,0.0],"evs":[0.0,-4.53459]},"73s":{"weight":0.1008,"played":[1.0,0.0],"evs":[0.0,-2.83388]},"74s":{"weight":0.0515,"played":[1.0,0.0],"evs":[0.0,-1.42893]},"75s":{"weight":0.0,"played":[1.0,0.0],"evs":[0.0,-0.64774]},"76s":{"weight":0.0,"played":[0.603,0.397],"evs":[0.0,-0.00308]},"77":{"weight":0.1886,"played":[0.0,1.0],"evs":[0.0,11.30091]},"87o":{"weight":0.0,"played":[1.0,0.0],"evs":[0.0,-2.231]},"97o":{"weight":0.2291,"played":[1.0,0.0],"evs":[0.0,-2.70727]},"T7o":{"weight":0.3819,"played":[1.0,0.0],"evs":[0.0,-3.16173]},"J7o":{"weight":0.2505,"played":[1.0,0.0],"evs":[0.0,-3.54269]},"Q7o":{"weight":0.199,"played":[1.0,0.0],"evs":[0.0,-3.9358]},"K7o":{"weight":0.2406,"played":[1.0,0.0],"evs":[0.0,-2.85215]},"A7o":{"weight":0.0,"played":[0.9999,1.0E-4],"evs":[0.0,-1.24474]},"82s":{"weight":0.7683,"played":[1.0,0.0],"evs":[0.0,-4.53755]},"83s":{"weight":0.0408,"played":[1.0,0.0],"evs":[0.0,-3.71693]},"84s":{"weight":0.0041,"played":[1.0,0.0],"evs":[0.0,-2.27887]},"85s":{"weight":1.0E-4,"played":[0.9999,1.0E-4],"evs":[0.0,-1.45398]},"86s":{"weight":0.0,"played":[0.9999,1.0E-4],"evs":[0.0,-0.77684]},"87s":{"weight":0.0,"played":[0.9993,7.0E-4],"evs":[0.0,-0.18418]},"88":{"weight":1.0,"played":[0.0,1.0],"evs":[0.0,12.6683]},"98o":{"weight":0.1833,"played":[1.0,0.0],"evs":[0.0,-2.32546]},"T8o":{"weight":0.3026,"played":[1.0,0.0],"evs":[0.0,-2.73661]},"J8o":{"weight":0.2723,"played":[1.0,0.0],"evs":[0.0,-3.1392]},"Q8o":{"weight":0.5432,"played":[1.0,0.0],"evs":[0.0,-3.5502]},"K8o":{"weight":0.7196,"played":[1.0,0.0],"evs":[0.0,-3.24453]},"A8o":{"weight":0.0,"played":[0.0,1.0],"evs":[0.0,1.08975]},"92s":{"weight":0.2936,"played":[1.0,0.0],"evs":[0.0,-4.35384]},"93s":{"weight":0.0342,"played":[1.0,0.0],"evs":[0.0,-3.27497]},"94s":{"weight":0.0,"played":[1.0,0.0],"evs":[0.0,-2.63574]},"95s":{"weight":0.0,"played":[1.0,0.0],"evs":[0.0,-1.88869]},"96s":{"weight":0.0,"played":[1.0,0.0],"evs":[0.0,-1.18927]},"97s":{"weight":0.0,"played":[0.9999,1.0E-4],"evs":[0.0,-0.58076]},"98s":{"weight":1.0E-4,"played":[0.9991,9.0E-4],"evs":[0.0,-0.22688]},"99":{"weight":1.0,"played":[0.0,1.0],"evs":[0.0,13.91243]},"T9o":{"weight":0.4029,"played":[1.0,0.0],"evs":[0.0,-1.7744]},"J9o":{"weight":0.355,"played":[1.0,0.0],"evs":[0.0,-2.20141]},"Q9o":{"weight":0.507,"played":[1.0,0.0],"evs":[0.0,-2.59595]},"K9o":{"weight":0.7513,"played":[1.0,0.0],"evs":[0.0,-2.18171]},"A9o":{"weight":0.0,"played":[0.0,1.0],"evs":[0.0,4.51225]},"T2s":{"weight":4.0E-4,"played":[1.0,0.0],"evs":[0.0,-4.06791]},"T3s":{"weight":0.0,"played":[1.0,0.0],"evs":[0.0,-3.0596]},"T4s":{"weight":0.0,"played":[1.0,0.0],"evs":[0.0,-2.24498]},"T5s":{"weight":0.0,"played":[1.0,0.0],"evs":[0.0,-2.26629]},"T6s":{"weight":0.0,"played":[1.0,0.0],"evs":[0.0,-1.51003]},"T7s":{"weight":0.0,"played":[0.9999,1.0E-4],"evs":[0.0,-0.90088]},"T8s":{"weight":0.0,"played":[0.9995,5.0E-4],"evs":[0.0,-0.54395]},"T9s":{"weight":0.001,"played":[0.0,1.0],"evs":[0.0,0.31859]},"TT":{"weight":1.0,"played":[0.0,1.0],"evs":[0.0,15.87217]},"JTo":{"weight":0.0351,"played":[1.0,0.0],"evs":[0.0,-1.00517]},"QTo":{"weight":0.2261,"played":[1.0,0.0],"evs":[0.0,-1.41059]},"KTo":{"weight":0.4274,"played":[1.0,0.0],"evs":[0.0,-0.97534]},"ATo":{"weight":0.0,"played":[0.0,1.0],"evs":[0.0,9.06782]},"J2s":{"weight":6.0E-4,"played":[1.0,0.0],"evs":[0.0,-3.73729]},"J3s":{"weight":0.0,"played":[1.0,0.0],"evs":[0.0,-2.69207]},"J4s":{"weight":0.0,"played":[1.0,0.0],"evs":[0.0,-1.94941]},"J5s":{"weight":0.0,"played":[1.0,0.0],"evs":[0.0,-1.72397]},"J6s":{"weight":0.0,"played":[1.0,0.0],"evs":[0.0,-1.93533]},"J7s":{"weight":0.0,"played":[1.0,0.0],"evs":[0.0,-1.3249]},"J8s":{"weight":0.0,"played":[0.9999,1.0E-4],"evs":[0.0,-1.01475]},"J9s":{"weight":0.0,"played":[0.8857,0.1143],"evs":[0.0,-0.07855]},"JTs":{"weight":0.9969,"played":[0.0,1.0],"evs":[0.0,1.05446]},"JJ":{"weight":1.0,"played":[0.0,1.0],"evs":[0.0,17.1408]},"QJo":{"weight":0.3183,"played":[1.0,0.0],"evs":[0.0,-1.04702]},"KJo":{"weight":0.9399,"played":[1.0,0.0],"evs":[0.0,-0.60249]},"AJo":{"weight":0.0,"played":[0.0,1.0],"evs":[0.0,13.11338]},"Q2s":{"weight":0.0,"played":[1.0,0.0],"evs":[0.0,-3.3891]},"Q3s":{"weight":0.0,"played":[1.0,0.0],"evs":[0.0,-2.39521]},"Q4s":{"weight":0.0,"played":[1.0,0.0],"evs":[0.0,-1.64161]},"Q5s":{"weight":0.0,"played":[1.0,0.0],"evs":[0.0,-1.44807]},"Q6s":{"weight":0.0,"played":[1.0,0.0],"evs":[0.0,-1.55132]},"Q7s":{"weight":0.0,"played":[1.0,0.0],"evs":[0.0,-1.66571]},"Q8s":{"weight":0.0,"played":[1.0,0.0],"evs":[0.0,-1.29612]},"Q9s":{"weight":0.0,"played":[0.9996,4.0E-4],"evs":[0.0,-0.45945]},"QTs":{"weight":0.9423,"played":[0.0,1.0],"evs":[0.0,0.61977]},"QJs":{"weight":1.0,"played":[0.0,1.0],"evs":[0.0,1.01233]},"QQ":{"weight":1.0,"played":[0.0,1.0],"evs":[0.0,17.83264]},"KQo":{"weight":0.4967,"played":[0.9997,3.0E-4],"evs":[0.0,-0.21589]},"AQo":{"weight":0.0,"played":[0.0,1.0],"evs":[0.0,16.19462]},"K2s":{"weight":0.0,"played":[1.0,0.0],"evs":[0.0,-2.98427]},"K3s":{"weight":0.0,"played":[1.0,0.0],"evs":[0.0,-1.9942]},"K4s":{"weight":0.0,"played":[1.0,0.0],"evs":[0.0,-1.23268]},"K5s":{"weight":0.0,"played":[0.9999,1.0E-4],"evs":[0.0,-1.08653]},"K6s":{"weight":0.0,"played":[1.0,0.0],"evs":[0.0,-0.62475]},"K7s":{"weight":0.0,"played":[1.0,0.0],"evs":[0.0,-0.6786]},"K8s":{"weight":0.0,"played":[0.9999,1.0E-4],"evs":[0.0,-1.06005]},"K9s":{"weight":0.0,"played":[0.3377,0.6623],"evs":[0.0,-0.02488]},"KTs":{"weight":0.9996,"played":[0.0,1.0],"evs":[0.0,1.08475]},"KJs":{"weight":1.0,"played":[0.0,1.0],"evs":[0.0,1.42151]},"KQs":{"weight":1.0,"played":[0.0,1.0],"evs":[0.0,1.75876]},"KK":{"weight":1.0,"played":[0.0,1.0],"evs":[0.0,18.26822]},"AKo":{"weight":0.4623,"played":[0.0,1.0],"evs":[0.0,17.99194]},"A2s":{"weight":0.0,"played":[1.0,0.0],"evs":[0.0,-1.88181]},"A3s":{"weight":0.0,"played":[1.0,0.0],"evs":[0.0,-1.0312]},"A4s":{"weight":0.0,"played":[0.9999,1.0E-4],"evs":[0.0,-0.25187]},"A5s":{"weight":0.3977,"played":[4.0E-4,0.9996],"evs":[0.0,0.15397]},"A6s":{"weight":0.799,"played":[0.6671,0.3329],"evs":[0.0,0.02533]},"A7s":{"weight":0.9997,"played":[0.0,1.0],"evs":[0.0,0.77462]},"A8s":{"weight":0.9998,"played":[0.0,1.0],"evs":[0.0,2.91954]},"A9s":{"weight":0.8344,"played":[0.0,1.0],"evs":[0.0,6.10854]},"ATs":{"weight":1.0,"played":[0.0,1.0],"evs":[0.0,10.36901]},"AJs":{"weight":1.0,"played":[0.0,1.0],"evs":[0.0,14.30094]},"AQs":{"weight":1.0,"played":[0.0,1.0],"evs":[0.0,17.1624]},"AKs":{"weight":1.0,"played":[0.0,1.0],"evs":[0.0,18.71464]},"AA":{"weight":1.0,"played":[0.0,1.0],"evs":[0.0,29.73708]}}}