{"player":0,"street":0,"children":2,"sequence":[{"player":0,"type":"C","amount":5000,"street":0},{"player":1,"type":"R","amount":300000,"street":0}],"actions":[{"type":"F","amount":0},{"type":"C","amount":290000}],"hands":{"22":{"weight":0.6606,"played":[0.0,1.0],"evs":[0.0,0.28183]},"32o":{"weight":1.0,"played":[1.0,0.0],"evs":[0.0,-10.12125]},"42o":{"weight":1.0,"played":[1.0,0.0],"evs":[0.0,-9.59968]},"52o":{"weight":1.0,"played":[1.0,0.0],"evs":[0.0,-9.35792]},"62o":{"weight":1.0,"played":[1.0,0.0],"evs":[0.0,-9.32875]},"72o":{"weight":1.0,"played":[1.0,0.0],"evs":[0.0,-9.12612]},"82o":{"weight":1.0,"played":[1.0,0.0],"evs":[0.0,-8.20587]},"92o":{"weight":1.0,"played":[1.0,0.0],"evs":[0.0,-7.60891]},"T2o":{"weight":1.0,"played":[1.0,0.0],"evs":[0.0,-7.04878]},"J2o":{"weight":1.0,"played":[1.0,0.0],"evs":[0.0,-6.91408]},"Q2o":{"weight":1.0,"played":[1.0,0.0],"evs":[0.0,-6.5593]},"K2o":{"weight":1.0,"played":[1.0,0.0],"evs":[0.0,-5.42127]},"A2o":{"weight":1.0,"played":[1.0,0.0],"evs":[0.0,-3.08994]},"32s":{"weight":0.0107,"played":[1.0,0.0],"evs":[0.0,-7.73742]},"33":{"weight":0.4906,"played":[0.0,1.0],"evs":[0.0,2.14104]},"43o":{"weight":0.7974,"played":[1.0,0.0],"evs":[0.0,-8.42846]},"53o":{"weight":0.7635,"played":[1.0,0.0],"evs":[0.0,-8.16079]},"63o":{"weight":0.9999,"played":[1.0,0.0],"evs":[0.0,-8.12689]},"73o":{"weight":1.0,"played":[1.0,0.0],"evs":[0.0,-7.98385]},"83o":{"weight":1.0,"played":[1.0,0.0],"evs":[0.0,-7.86557]},"93o":{"weight":1.0,"played":[1.0,0.0],"evs":[0.0,-7.10014]},"T3o":{"weight":0.9792,"played":[1.0,0.0],"evs":[0.0,-6.53342]},"J3o":{"weight":0.8829,"played":[1.0,0.0],"evs":[0.0,-6.39021]},"Q3o":{"weight":0.9935,"played":[1.0,0.0],"evs":[0.0,-6.03668]},"K3o":{"weight":1.0,"played":[1.0,0.0],"evs":[0.0,-4.87315]},"A3o":{"weight":0.9761,"played":[1.0,0.0],"evs":[0.0,-2.42493]},"42s":{"weight":0.7119,"played":[1.0,0.0],"evs":[0.0,-7.30691]},"43s":{"weight":0.5068,"played":[1.0,0.0],"evs":[0.0,-6.22213]},"44":{"weight":0.6858,"played":[0.0,1.0],"evs":[0.0,4.11393]},"54o":{"weight":0.409,"played":[1.0,0.0],"evs":[0.0,-7.03068]},"64o":{"weight":0.9303,"played":[1.0,0.0],"evs":[0.0,-6.97437]},"74o":{"weight":1.0,"played":[1.0,0.0],"evs":[0.0,-6.81626]},"84o":{"weight":0.9999,"played":[1.0,0.0],"evs":[0.0,-6.7321]},"94o":{"weight":0.9998,"played":[1.0,0.0],"evs":[0.0,-6.77411]},"T4o":{"weight":0.991,"played":[1.0,0.0],"evs":[0.0,-6.00351]},"J4o":{"weight":0.8221,"played":[1.0,0.0],"evs":[0.0,-5.87371]},"Q4o":{"weight":0.7546,"played":[1.0,0.0],"evs":[0.0,-5.50503]},"K4o":{"weight":0.4213,"played":[1.0,0.0],"evs":[0.0,-4.30494]},"A4o":{"weight":0.7606,"played":[1.0,0.0],"evs":[0.0,-1.72334]},"52s":{"weight":0.7286,"played":[1.0,0.0],"evs":[0.0,-6.99284]},"53s":{"weight":0.8707,"played":[1.0,0.0],"evs":[0.0,-5.87234]},"54s":{"weight":0.9813,"played":[1.0,0.0],"evs":[0.0,-4.80821]},"55":{"weight":0.4203,"played":[0.0,1.0],"evs":[0.0,6.65241]},"65o":{"weight":0.3053,"played":[1.0,0.0],"evs":[0.0,-6.14712]},"75o":{"weight":0.7912,"played":[1.0,0.0],"evs":[0.0,-5.92773]},"85o":{"weight":0.995,"played":[1.0,0.0],"evs":[0.0,-5.80853]},"95o":{"weight":0.9995,"played":[1.0,0.0],"evs":[0.0,-5.77509]},"T5o":{"weight":0.6457,"played":[1.0,0.0],"evs":[0.0,-5.83828]},"J5o":{"weight":0.7747,"played":[1.0,0.0],"evs":[0.0,-5.49416]},"Q5o":{"weight":0.4459,"played":[1.0,0.0],"evs":[0.0,-4.80619]},"K5o":{"weight":0.3624,"played":[1.0,0.0],"evs":[0.0,-3.33229]},"A5o":{"weight":0.1944,"played":[1.0,0.0],"evs":[0.0,-0.27734]},"62s":{"weight":1.0E-4,"played":[1.0,0.0],"evs":[0.0,-6.96887]},"63s":{"weight":0.4802,"played":[1.0,0.0],"evs":[0.0,-5.86318]},"64s":{"weight":0.3783,"played":[1.0,0.0],"evs":[0.0,-4.83958]},"65s":{"weight":0.9925,"played":[1.0,0.0],"evs":[0.0,-4.01914]},"66":{"weight":0.6722,"played":[0.0,1.0],"evs":[0.0,9.1821]},"76o":{"weight":0.6466,"played":[1.0,0.0],"evs":[0.0,-4.35398]},"86o":{"weight":0.5839,"played":[1.0,0.0],"evs":[0.0,-4.18727]},"96o":{"weight":0.5633,"played":[1.0,0.0],"evs":[0.0,-4.1267]},"T6o":{"weight":0.668,"played":[1.0,0.0],"evs":[0.0,-4.10933]},"J6o":{"weight":0.6152,"played":[1.0,0.0],"evs":[0.0,-4.61355]},"Q6o":{"weight":0.4749,"played":[1.0,0.0],"evs":[0.0,-3.77209]},"K6o":{"weight":0.6142,"played":[1.0,0.0],"evs":[0.0,-2.59699]},"A6o":{"weight":0.5835,"played":[0.0011,0.9989],"evs":[0.0,0.05059]},"72s":{"weight":0.3067,"played":[1.0,0.0],"evs":[0.0,-6.80684]},"73s":{"weight":0.0026,"played":[1.0,0.0],"evs":[0.0,-5.70411]},"74s":{"weight":0.6646,"played":[1.0,0.0],"evs":[0.0,-4.62888]},"75s":{"weight":0.7214,"played":[1.0,0.0],"evs":[0.0,-3.80189]},"76s":{"weight":0.7946,"played":[1.0,0.0],"evs":[0.0,-2.30376]},"77":{"weight":0.6946,"played":[0.0,1.0],"evs":[0.0,11.39252]},"87o":{"weight":0.6133,"played":[1.0,0.0],"evs":[0.0,-2.87494]},"97o":{"weight":0.2664,"played":[1.0,0.0],"evs":[0.0,-2.91019]},"T7o":{"weight":0.2844,"played":[1.0,0.0],"evs":[0.0,-2.96527]},"J7o":{"weight":0.3745,"played":[1.0,0.0],"evs":[0.0,-3.49193]},"Q7o":{"weight":0.346,"played":[1.0,0.0],"evs":[0.0,-3.38672]},"K7o":{"weight":0.6902,"played":[1.0,0.0],"evs":[0.0,-2.1558]},"A7o":{"weight":0.748,"played":[0.0,1.0],"evs":[0.0,1.41522]},"82s":{"weight":0.0,"played":[1.0,0.0],"evs":[0.0,-5.91568]},"83s":{"weight":2.0E-4,"played":[1.0,0.0],"evs":[0.0,-5.60411]},"84s":{"weight":0.2638,"played":[1.0,0.0],"evs":[0.0,-4.55606]},"85s":{"weight":0.4456,"played":[1.0,0.0],"evs":[0.0,-3.72127]},"86s":{"weight":0.9818,"played":[1.0,0.0],"evs":[0.0,-2.14239]},"87s":{"weight":0.7945,"played":[1.0,0.0],"evs":[0.0,-0.92149]},"88":{"weight":0.5181,"played":[0.0,1.0],"evs":[0.0,12.77657]},"98o":{"weight":0.6658,"played":[1.0,0.0],"evs":[0.0,-1.89337]},"T8o":{"weight":0.664,"played":[1.0,0.0],"evs":[0.0,-2.01164]},"J8o":{"weight":0.5657,"played":[1.0,0.0],"evs":[0.0,-2.57143]},"Q8o":{"weight":0.6464,"played":[1.0,0.0],"evs":[0.0,-2.39126]},"K8o":{"weight":0.6794,"played":[1.0,0.0],"evs":[0.0,-1.93831]},"A8o":{"weight":0.9478,"played":[0.0,1.0],"evs":[0.0,2.87084]},"92s":{"weight":5.0E-4,"played":[1.0,0.0],"evs":[0.0,-5.3195]},"93s":{"weight":0.0013,"played":[1.0,0.0],"evs":[0.0,-4.89725]},"94s":{"weight":0.0012,"played":[1.0,0.0],"evs":[0.0,-4.54805]},"95s":{"weight":0.9344,"played":[1.0,0.0],"evs":[0.0,-3.67319]},"96s":{"weight":0.9996,"played":[1.0,0.0],"evs":[0.0,-2.12718]},"97s":{"weight":0.9997,"played":[1.0,0.0],"evs":[0.0,-0.98006]},"98s":{"weight":0.7277,"played":[1.0,0.0],"evs":[0.0,-0.06436]},"99":{"weight":0.5652,"played":[0.0,1.0],"evs":[0.0,13.66139]},"T9o":{"weight":0.7248,"played":[1.0,0.0],"evs":[0.0,-1.21861]},"J9o":{"weight":0.6115,"played":[1.0,0.0],"evs":[0.0,-1.85368]},"Q9o":{"weight":0.6438,"played":[1.0,0.0],"evs":[0.0,-1.62438]},"K9o":{"weight":0.6373,"played":[1.0,0.0],"evs":[0.0,-1.16522]},"A9o":{"weight":0.8643,"played":[0.0,1.0],"evs":[0.0,4.30714]},"T2s":{"weight":0.8768,"played":[1.0,0.0],"evs":[0.0,-4.83664]},"T3s":{"weight":0.1815,"played":[1.0,0.0],"evs":[0.0,-4.35443]},"T4s":{"weight":0.9585,"played":[1.0,0.0],"evs":[0.0,-3.88229]},"T5s":{"weight":0.8796,"played":[1.0,0.0],"evs":[0.0,-3.73748]},"T6s":{"weight":0.8369,"played":[1.0,0.0],"evs":[0.0,-2.10608]},"T7s":{"weight":0.9969,"played":[1.0,0.0],"evs":[0.0,-1.05577]},"T8s":{"weight":0.3518,"played":[1.0,0.0],"evs":[0.0,-0.14261]},"T9s":{"weight":0.2928,"played":[0.0,1.0],"evs":[0.0,0.55784]},"TT":{"weight":0.484,"played":[0.0,1.0],"evs":[0.0,14.80424]},"JTo":{"weight":0.6378,"played":[1.0,0.0],"evs":[0.0,-0.6986]},"QTo":{"weight":0.7113,"played":[1.0,0.0],"evs":[0.0,-0.50578]},"KTo":{"weight":0.735,"played":[0.9996,4.0E-4],"evs":[0.0,-0.08781]},"ATo":{"weight":0.9993,"played":[0.0,1.0],"evs":[0.0,6.46955]},"J2s":{"weight":1.0,"played":[1.0,0.0],"evs":[0.0,-4.70241]},"J3s":{"weight":1.0,"played":[1.0,0.0],"evs":[0.0,-4.22165]},"J4s":{"weight":1.0,"played":[1.0,0.0],"evs":[0.0,-3.75842]},"J5s":{"weight":0.4455,"played":[1.0,0.0],"evs":[0.0,-3.39462]},"J6s":{"weight":0.9391,"played":[1.0,0.0],"evs":[0.0,-2.55178]},"J7s":{"weight":0.9572,"played":[1.0,0.0],"evs":[0.0,-1.47879]},"J8s":{"weight":0.3391,"played":[1.0,0.0],"evs":[0.0,-0.64922]},"J9s":{"weight":0.73,"played":[0.1204,0.8796],"evs":[0.0,0.01651]},"JTs":{"weight":0.636,"played":[0.0,1.0],"evs":[0.0,1.08421]},"JJ":{"weight":0.5812,"played":[0.0,1.0],"evs":[0.0,15.44666]},"QJo":{"weight":0.2178,"played":[1.0,0.0],"evs":[0.0,-0.25039]},"KJo":{"weight":0.3944,"played":[0.5342,0.4658],"evs":[0.0,-0.01427]},"AJo":{"weight":0.8129,"played":[0.0,1.0],"evs":[0.0,8.01304]},"Q2s":{"weight":1.0,"played":[1.0,0.0],"evs":[0.0,-4.34151]},"Q3s":{"weight":1.0,"played":[1.0,0.0],"evs":[0.0,-3.90449]},"Q4s":{"weight":1.0,"played":[1.0,0.0],"evs":[0.0,-3.37398]},"Q5s":{"weight":0.521,"played":[1.0,0.0],"evs":[0.0,-2.72285]},"Q6s":{"weight":0.7689,"played":[1.0,0.0],"evs":[0.0,-1.78504]},"Q7s":{"weight":0.9995,"played":[1.0,0.0],"evs":[0.0,-1.42299]},"Q8s":{"weight":0.7555,"played":[0.9999,1.0E-4],"evs":[0.0,-0.52393]},"Q9s":{"weight":0.991,"played":[1.0E-4,0.9999],"evs":[0.0,0.24328]},"QTs":{"weight":0.404,"played":[0.0,1.0],"evs":[0.0,1.26366]},"QJs":{"weight":0.9999,"played":[0.0,1.0],"evs":[0.0,1.48847]},"QQ":{"weight":0.1501,"played":[0.0,1.0],"evs":[0.0,16.66279]},"KQo":{"weight":0.4187,"played":[0.0,1.0],"evs":[0.0,0.41727]},"AQo":{"weight":0.5258,"played":[0.0,1.0],"evs":[0.0,10.02199]},"K2s":{"weight":1.0,"played":[1.0,0.0],"evs":[0.0,-3.28604]},"K3s":{"weight":1.0,"played":[1.0,0.0],"evs":[0.0,-2.79705]},"K4s":{"weight":1.0,"played":[1.0,0.0],"evs":[0.0,-2.25444]},"K5s":{"weight":0.8559,"played":[1.0,0.0],"evs":[0.0,-1.34925]},"K6s":{"weight":0.8594,"played":[1.0,0.0],"evs":[0.0,-0.68453]},"K7s":{"weight":0.0026,"played":[1.0,0.0],"evs":[0.0,-0.25638]},"K8s":{"weight":0.1946,"played":[0.9991,9.0E-4],"evs":[0.0,-0.05646]},"K9s":{"weight":0.5311,"played":[0.0,1.0],"evs":[0.0,0.66023]},"KTs":{"weight":0.186,"played":[0.0,1.0],"evs":[0.0,1.64739]},"KJs":{"weight":0.9993,"played":[0.0,1.0],"evs":[0.0,1.73269]},"KQs":{"weight":0.9443,"played":[0.0,1.0],"evs":[0.0,2.15068]},"KK":{"weight":0.0,"played":[0.0,1.0],"evs":[0.0,17.56829]},"AKo":{"weight":0.0675,"played":[0.0,1.0],"evs":[0.0,11.10711]},"A2s":{"weight":0.9945,"played":[1.0,0.0],"evs":[0.0,-1.16998]},"A3s":{"weight":0.0408,"played":[0.9999,1.0E-4],"evs":[0.0,-0.55073]},"A4s":{"weight":0.3863,"played":[0.0,1.0],"evs":[0.0,0.08647]},"A5s":{"weight":0.9771,"played":[0.0,1.0],"evs":[0.0,1.47622]},"A6s":{"weight":0.1966,"played":[0.0,1.0],"evs":[0.0,1.73421]},"A7s":{"weight":0.912,"played":[0.0,1.0],"evs":[0.0,3.06019]},"A8s":{"weight":0.788,"played":[0.0,1.0],"evs":[0.0,4.39143]},"A9s":{"weight":0.4961,"played":[0.0,1.0],"evs":[0.0,5.73281]},"ATs":{"weight":9.0E-4,"played":[0.0,1.0],"evs":[0.0,7.8024]},"AJs":{"weight":0.0,"played":[0.0,1.0],"evs":[0.0,9.25335]},"AQs":{"weight":0.0,"played":[0.0,1.0],"evs":[0.0,11.0973]},"AKs":{"weight":0.0,"played":[0.0,1.0],"evs":[0.0,12.11165]},"AA":{"weight":0.0,"played":[0.0,1.0],"evs":[0.0,23.92522]}}}