{"player":0,"street":0,"children":3,"sequence":[{"player":0,"type":"R","amount":23000,"street":0},{"player":1,"type":"R","amount":70000,"street":0}],"actions":[{"type":"F","amount":0},{"type":"C","amount":47000},{"type":"R","amount":300000,"node":7}],"hands":{"22":{"weight":0.3394,"played":[0.0,0.0,1.0],"evs":[0.0,0.60222,0.74591]},"32o":{"weight":0.0,"played":[1.0,0.0,0.0],"evs":[0.0,-1.00069,-2.73517]},"42o":{"weight":0.0,"played":[1.0,0.0,0.0],"evs":[0.0,-0.93034,-2.60893]},"52o":{"weight":0.0,"played":[1.0,0.0,0.0],"evs":[0.0,-0.85776,-2.48112]},"62o":{"weight":0.0,"played":[1.0,0.0,0.0],"evs":[0.0,-1.16324,-2.92773]},"72o":{"weight":0.0,"played":[1.0,0.0,0.0],"evs":[0.0,-1.46134,-3.18091]},"82o":{"weight":0.0,"played":[1.0,0.0,0.0],"evs":[0.0,-1.45424,-2.89997]},"92o":{"weight":0.0,"played":[1.0,0.0,0.0],"evs":[0.0,-1.36758,-2.40165]},"T2o":{"weight":0.0,"played":[1.0,0.0,0.0],"evs":[0.0,-1.12687,-2.03683]},"J2o":{"weight":0.0,"played":[1.0,0.0,0.0],"evs":[0.0,-0.84697,-1.72287]},"Q2o":{"weight":0.0,"played":[1.0,0.0,0.0],"evs":[0.0,-0.47413,-1.17265]},"K2o":{"weight":0.0,"played":[1.0,0.0,0.0],"evs":[0.0,-0.34568,-0.93736]},"A2o":{"weight":0.0,"played":[0.0,0.9997,3.0E-4],"evs":[0.0,1.03789,0.92491]},"32s":{"weight":0.9893,"played":[1.0,0.0,0.0],"evs":[0.0,-0.0893,-1.51823]},"33":{"weight":0.5094,"played":[0.0,0.0372,0.9628],"evs":[0.0,0.97905,1.02236]},"43o":{"weight":0.2026,"played":[1.0,0.0,0.0],"evs":[0.0,-0.50815,-2.00643]},"53o":{"weight":0.2365,"played":[1.0,0.0,0.0],"evs":[0.0,-0.43761,-1.95047]},"63o":{"weight":1.0E-4,"played":[1.0,0.0,0.0],"evs":[0.0,-0.75064,-2.33033]},"73o":{"weight":0.0,"played":[1.0,0.0,0.0],"evs":[0.0,-1.05743,-2.63919]},"83o":{"weight":0.0,"played":[1.0,0.0,0.0],"evs":[0.0,-1.39958,-2.82931]},"93o":{"weight":0.0,"played":[1.0,0.0,0.0],"evs":[0.0,-1.27769,-2.25176]},"T3o":{"weight":0.0208,"played":[1.0,0.0,0.0],"evs":[0.0,-1.04419,-1.87063]},"J3o":{"weight":0.1171,"played":[1.0,0.0,0.0],"evs":[0.0,-0.74364,-1.50892]},"Q3o":{"weight":0.0065,"played":[1.0,0.0,0.0],"evs":[0.0,-0.31867,-1.02381]},"K3o":{"weight":0.0,"played":[1.0,0.0,0.0],"evs":[0.0,-0.17041,-0.76429]},"A3o":{"weight":0.0239,"played":[0.0,1.0,0.0],"evs":[0.0,1.18049,1.07283]},"42s":{"weight":0.2881,"played":[0.6606,0.3394,0.0],"evs":[0.0,-0.02462,-1.36568]},"43s":{"weight":0.4932,"played":[1.0E-4,0.9999,0.0],"evs":[0.0,0.41708,-0.88516]},"44":{"weight":0.3142,"played":[0.0,0.9932,0.0068],"evs":[0.0,1.25684,1.22741]},"54o":{"weight":0.591,"played":[1.0,0.0,0.0],"evs":[0.0,-0.07913,-1.40988]},"64o":{"weight":0.0697,"played":[1.0,0.0,0.0],"evs":[0.0,-0.38558,-1.78787]},"74o":{"weight":0.0,"played":[1.0,0.0,0.0],"evs":[0.0,-0.66681,-2.05113]},"84o":{"weight":1.0E-4,"played":[1.0,0.0,0.0],"evs":[0.0,-1.02641,-2.25747]},"94o":{"weight":2.0E-4,"played":[1.0,0.0,0.0],"evs":[0.0,-1.21682,-2.1919]},"T4o":{"weight":0.009,"played":[1.0,0.0,0.0],"evs":[0.0,-0.92994,-1.65867]},"J4o":{"weight":0.1779,"played":[1.0,0.0,0.0],"evs":[0.0,-0.64444,-1.34287]},"Q4o":{"weight":0.2454,"played":[1.0,0.0,0.0],"evs":[0.0,-0.30915,-0.87111]},"K4o":{"weight":0.5787,"played":[1.0,0.0,0.0],"evs":[0.0,-0.15493,-0.56725]},"A4o":{"weight":0.2394,"played":[0.0,0.8187,0.1813],"evs":[0.0,1.2239,1.21426]},"52s":{"weight":0.2714,"played":[0.0511,0.9489,0.0],"evs":[0.0,0.04832,-1.27696]},"53s":{"weight":0.1293,"played":[3.0E-4,0.9997,0.0],"evs":[0.0,0.45933,-0.75486]},"54s":{"weight":0.0187,"played":[0.0,1.0,0.0],"evs":[0.0,0.88212,-0.24719]},"55":{"weight":0.5797,"played":[0.0,0.9999,1.0E-4],"evs":[0.0,1.62864,1.40635]},"65o":{"weight":0.6947,"played":[0.9984,0.0016,0.0],"evs":[0.0,-0.07597,-1.33676]},"75o":{"weight":0.2088,"played":[1.0,0.0,0.0],"evs":[0.0,-0.35072,-1.61188]},"85o":{"weight":0.005,"played":[1.0,0.0,0.0],"evs":[0.0,-0.73524,-1.77407]},"95o":{"weight":5.0E-4,"played":[1.0,0.0,0.0],"evs":[0.0,-0.91557,-1.67664]},"T5o":{"weight":0.3543,"played":[1.0,0.0,0.0],"evs":[0.0,-0.94938,-1.67409]},"J5o":{"weight":0.2253,"played":[1.0,0.0,0.0],"evs":[0.0,-0.607,-1.1884]},"Q5o":{"weight":0.5541,"played":[1.0,0.0,0.0],"evs":[0.0,-0.19988,-0.7022]},"K5o":{"weight":0.6376,"played":[0.9975,0.0025,0.0],"evs":[0.0,-0.08367,-0.45943]},"A5o":{"weight":0.8056,"played":[0.0,0.762,0.238],"evs":[0.0,1.33675,1.33975]},"62s":{"weight":0.9999,"played":[1.0,0.0,0.0],"evs":[0.0,-0.23625,-1.66678]},"63s":{"weight":0.5198,"played":[2.0E-4,0.9998,0.0],"evs":[0.0,0.18497,-1.15489]},"64s":{"weight":0.6217,"played":[0.0,1.0,0.0],"evs":[0.0,0.55117,-0.60293]},"65s":{"weight":0.0075,"played":[0.0,1.0,0.0],"evs":[0.0,0.9094,-0.13478]},"66":{"weight":0.3278,"played":[0.0,1.0,0.0],"evs":[0.0,2.09515,1.6757]},"76o":{"weight":0.3534,"played":[0.6696,0.3304,0.0],"evs":[0.0,-0.0032,-1.20764]},"86o":{"weight":0.4161,"played":[1.0,0.0,0.0],"evs":[0.0,-0.33147,-1.36684]},"96o":{"weight":0.4367,"played":[1.0,0.0,0.0],"evs":[0.0,-0.49265,-1.20563]},"T6o":{"weight":0.332,"played":[1.0,0.0,0.0],"evs":[0.0,-0.5794,-1.18462]},"J6o":{"weight":0.3848,"played":[1.0,0.0,0.0],"evs":[0.0,-0.47798,-1.21078]},"Q6o":{"weight":0.5251,"played":[0.9999,1.0E-4,0.0],"evs":[0.0,-0.12274,-0.6008]},"K6o":{"weight":0.3858,"played":[0.9792,0.0208,0.0],"evs":[0.0,-0.03991,-0.36774]},"A6o":{"weight":0.4165,"played":[0.0,0.7177,0.2823],"evs":[0.0,1.05094,1.05434]},"72s":{"weight":0.6933,"played":[1.0,0.0,0.0],"evs":[0.0,-0.5638,-1.96162]},"73s":{"weight":0.9974,"played":[1.0,0.0,0.0],"evs":[0.0,-0.1279,-1.4005]},"74s":{"weight":0.3354,"played":[2.0E-4,0.9998,0.0],"evs":[0.0,0.27224,-0.83768]},"75s":{"weight":0.2786,"played":[0.0,1.0,0.0],"evs":[0.0,0.59833,-0.48663]},"76s":{"weight":0.2054,"played":[0.0,1.0,0.0],"evs":[0.0,0.9744,-0.0703]},"77":{"weight":0.3054,"played":[0.0,1.0,0.0],"evs":[0.0,2.37269,1.99983]},"87o":{"weight":0.3867,"played":[0.6844,0.3156,0.0],"evs":[0.0,-0.00427,-0.96169]},"97o":{"weight":0.7336,"played":[1.0,0.0,0.0],"evs":[0.0,-0.14002,-0.79201]},"T7o":{"weight":0.7156,"played":[1.0,0.0,0.0],"evs":[0.0,-0.19047,-0.69961]},"J7o":{"weight":0.6255,"played":[1.0,0.0,0.0],"evs":[0.0,-0.18886,-0.71977]},"Q7o":{"weight":0.654,"played":[1.0,0.0,0.0],"evs":[0.0,-0.07501,-0.54939]},"K7o":{"weight":0.3098,"played":[0.0205,0.9795,0.0],"evs":[0.0,0.01631,-0.20988]},"A7o":{"weight":0.252,"played":[0.0,0.2495,0.7505],"evs":[0.0,1.24703,1.27486]},"82s":{"weight":1.0,"played":[1.0,0.0,0.0],"evs":[0.0,-0.51423,-1.62731]},"83s":{"weight":0.9998,"played":[1.0,0.0,0.0],"evs":[0.0,-0.47922,-1.58655]},"84s":{"weight":0.7362,"played":[0.9996,4.0E-4,0.0],"evs":[0.0,-0.06604,-1.02904]},"85s":{"weight":0.5544,"played":[0.0,1.0,0.0],"evs":[0.0,0.21782,-0.63291]},"86s":{"weight":0.0182,"played":[0.0,1.0,0.0],"evs":[0.0,0.6346,-0.23374]},"87s":{"weight":0.2055,"played":[0.0,1.0,0.0],"evs":[0.0,0.96298,0.19238]},"88":{"weight":0.4819,"played":[0.0,0.9999,1.0E-4],"evs":[0.0,2.76208,2.42473]},"98o":{"weight":0.3342,"played":[0.9006,0.0994,0.0],"evs":[0.0,-0.00813,-0.55468]},"T8o":{"weight":0.336,"played":[0.8096,0.1904,0.0],"evs":[0.0,-0.01769,-0.4128]},"J8o":{"weight":0.4343,"played":[0.9918,0.0082,0.0],"evs":[0.0,-0.04399,-0.43397]},"Q8o":{"weight":0.3536,"played":[0.0073,0.9927,0.0],"evs":[0.0,0.03816,-0.25904]},"K8o":{"weight":0.3206,"played":[0.5533,0.4467,0.0],"evs":[0.0,-0.00734,-0.28417]},"A8o":{"weight":0.0522,"played":[0.0,0.0255,0.9745],"evs":[0.0,1.27431,1.29677]},"92s":{"weight":0.9995,"played":[1.0,0.0,0.0],"evs":[0.0,-0.40827,-1.16695]},"93s":{"weight":0.9987,"played":[1.0,0.0,0.0],"evs":[0.0,-0.30327,-1.02672]},"94s":{"weight":0.9988,"played":[1.0,0.0,0.0],"evs":[0.0,-0.26352,-0.99078]},"95s":{"weight":0.0656,"played":[0.1259,0.8741,0.0],"evs":[0.0,0.01361,-0.51078]},"96s":{"weight":4.0E-4,"played":[0.0,1.0,0.0],"evs":[0.0,0.42488,-0.0828]},"97s":{"weight":3.0E-4,"played":[0.0,1.0,0.0],"evs":[0.0,0.82757,0.30256]},"98s":{"weight":0.2723,"played":[0.0,0.9998,2.0E-4],"evs":[0.0,0.97561,0.54412]},"99":{"weight":0.4348,"played":[0.0,0.9889,0.0111],"evs":[0.0,3.82147,3.6934]},"T9o":{"weight":0.2752,"played":[0.0,1.0,0.0],"evs":[0.0,0.26486,0.02784]},"J9o":{"weight":0.3885,"played":[0.0,1.0,0.0],"evs":[0.0,0.25284,0.01713]},"Q9o":{"weight":0.3562,"played":[0.0,1.0,0.0],"evs":[0.0,0.34167,0.17643]},"K9o":{"weight":0.3627,"played":[0.0,1.0,0.0],"evs":[0.0,0.40303,0.11435]},"A9o":{"weight":0.1357,"played":[0.0,1.0E-4,0.9999],"evs":[0.0,1.53347,1.62999]},"T2s":{"weight":0.1232,"played":[1.0,0.0,0.0],"evs":[0.0,-0.18768,-0.78684]},"T3s":{"weight":0.8185,"played":[1.0,0.0,0.0],"evs":[0.0,-0.05244,-0.61244]},"T4s":{"weight":0.0415,"played":[0.1709,0.8291,0.0],"evs":[0.0,0.00853,-0.50558]},"T5s":{"weight":0.1204,"played":[0.0747,0.9253,0.0],"evs":[0.0,0.039,-0.45346]},"T6s":{"weight":0.1631,"played":[0.0,1.0,0.0],"evs":[0.0,0.40619,-0.03118]},"T7s":{"weight":0.0031,"played":[0.0,1.0,0.0],"evs":[0.0,0.75399,0.34746]},"T8s":{"weight":0.6482,"played":[0.0,1.0,0.0],"evs":[0.0,0.95267,0.70046]},"T9s":{"weight":0.7072,"played":[0.0,0.9989,0.0011],"evs":[0.0,1.28863,1.13993]},"TT":{"weight":0.516,"played":[0.0,0.0135,0.9865],"evs":[0.0,5.75623,5.82847]},"JTo":{"weight":0.3622,"played":[0.0,0.9299,0.0701],"evs":[0.0,0.86479,0.85369]},"QTo":{"weight":0.2887,"played":[0.0,0.8954,0.1046],"evs":[0.0,1.00489,1.00644]},"KTo":{"weight":0.265,"played":[0.0,1.0,0.0],"evs":[0.0,1.14355,0.94112]},"ATo":{"weight":7.0E-4,"played":[0.0,0.0,1.0],"evs":[0.0,2.50884,2.81092]},"J2s":{"weight":0.0,"played":[0.0024,0.9976,0.0],"evs":[0.0,0.15893,-0.43216]},"J3s":{"weight":0.0,"played":[0.0,1.0,0.0],"evs":[0.0,0.22398,-0.34758]},"J4s":{"weight":0.0,"played":[1.0E-4,0.9999,0.0],"evs":[0.0,0.30223,-0.14146]},"J5s":{"weight":0.5545,"played":[0.0,1.0,0.0],"evs":[0.0,0.36001,-0.00745]},"J6s":{"weight":0.0609,"played":[0.0,1.0,0.0],"evs":[0.0,0.49967,0.04039]},"J7s":{"weight":0.0428,"played":[0.0,1.0,0.0],"evs":[0.0,0.79081,0.40556]},"J8s":{"weight":0.6609,"played":[0.0,0.9991,9.0E-4],"evs":[0.0,0.94687,0.67608]},"J9s":{"weight":0.27,"played":[0.0,0.998,0.002],"evs":[0.0,1.30143,1.14775]},"JTs":{"weight":0.364,"played":[0.0,0.8654,0.1346],"evs":[0.0,1.9691,1.94156]},"JJ":{"weight":0.4188,"played":[0.0,0.7035,0.2965],"evs":[0.0,7.887,7.88113]},"QJo":{"weight":0.7822,"played":[0.0,0.6908,0.3092],"evs":[0.0,1.30605,1.30406]},"KJo":{"weight":0.6056,"played":[0.0,0.9999,1.0E-4],"evs":[0.0,1.69946,1.46819]},"AJo":{"weight":0.1871,"played":[0.0,0.0,1.0],"evs":[0.0,3.34329,3.88949]},"Q2s":{"weight":0.0,"played":[1.0E-4,0.9999,0.0],"evs":[0.0,0.48079,0.03478]},"Q3s":{"weight":0.0,"played":[0.0,1.0,0.0],"evs":[0.0,0.62317,0.1856]},"Q4s":{"weight":0.0,"played":[0.0,1.0,0.0],"evs":[0.0,0.6912,0.33441]},"Q5s":{"weight":0.479,"played":[0.0,1.0,0.0],"evs":[0.0,0.79329,0.44484]},"Q6s":{"weight":0.2311,"played":[0.0,1.0,0.0],"evs":[0.0,0.87779,0.5295]},"Q7s":{"weight":5.0E-4,"played":[0.0,1.0,0.0],"evs":[0.0,0.8883,0.58279]},"Q8s":{"weight":0.2445,"played":[0.0,1.0,0.0],"evs":[0.0,1.05738,0.87728]},"Q9s":{"weight":0.009,"played":[0.0,0.9993,7.0E-4],"evs":[0.0,1.41876,1.28311]},"QTs":{"weight":0.596,"played":[0.0,0.9993,7.0E-4],"evs":[0.0,2.1037,2.0611]},"QJs":{"weight":1.0E-4,"played":[0.0,0.9961,0.0039],"evs":[0.0,2.4358,2.38913]},"QQ":{"weight":0.8499,"played":[0.0,1.0,0.0],"evs":[0.0,10.45135,10.16006]},"KQo":{"weight":0.5813,"played":[0.0,0.8232,0.1768],"evs":[0.0,2.49545,2.49285]},"AQo":{"weight":0.4742,"played":[0.0,0.0,1.0],"evs":[0.0,4.36191,5.09627]},"K2s":{"weight":0.0,"played":[0.0,1.0,0.0],"evs":[0.0,0.61357,0.23751]},"K3s":{"weight":0.0,"played":[0.0,1.0,0.0],"evs":[0.0,0.78301,0.36797]},"K4s":{"weight":0.0,"played":[0.0,0.9993,7.0E-4],"evs":[0.0,0.85468,0.55991]},"K5s":{"weight":0.1441,"played":[0.0,1.0,0.0],"evs":[0.0,0.94031,0.71646]},"K6s":{"weight":0.1406,"played":[0.0,1.0,0.0],"evs":[0.0,0.98746,0.7819]},"K7s":{"weight":0.9974,"played":[0.0,1.0,0.0],"evs":[0.0,1.0347,0.90869]},"K8s":{"weight":0.8054,"played":[0.0,1.0,0.0],"evs":[0.0,1.0165,0.86093]},"K9s":{"weight":0.4689,"played":[0.0,1.0,0.0],"evs":[0.0,1.53149,1.2599]},"KTs":{"weight":0.814,"played":[0.0,1.0,0.0],"evs":[0.0,2.29805,2.00818]},"KJs":{"weight":7.0E-4,"played":[0.0,1.0,0.0],"evs":[0.0,2.91899,2.55099]},"KQs":{"weight":0.0557,"played":[0.0,0.9998,2.0E-4],"evs":[0.0,3.64322,3.49954]},"KK":{"weight":1.0,"played":[0.0,1.0,0.0],"evs":[0.0,14.23438,12.91559]},"AKo":{"weight":0.9325,"played":[0.0,0.0,1.0],"evs":[0.0,5.90575,6.76583]},"A2s":{"weight":0.0055,"played":[0.0,1.0,0.0],"evs":[0.0,2.19194,2.04512]},"A3s":{"weight":0.9592,"played":[0.0,1.0,0.0],"evs":[0.0,2.28219,2.15992]},"A4s":{"weight":0.6137,"played":[0.0,0.9999,1.0E-4],"evs":[0.0,2.39173,2.33616]},"A5s":{"weight":0.0229,"played":[0.0,0.9997,3.0E-4],"evs":[0.0,2.53964,2.45645]},"A6s":{"weight":0.8034,"played":[0.0,1.0,0.0],"evs":[0.0,2.18604,2.12948]},"A7s":{"weight":0.088,"played":[0.0,0.9976,0.0024],"evs":[0.0,2.40832,2.35832]},"A8s":{"weight":0.212,"played":[0.0,0.9948,0.0052],"evs":[0.0,2.48122,2.42463]},"A9s":{"weight":0.5039,"played":[0.0,0.9896,0.0104],"evs":[0.0,2.75147,2.69408]},"ATs":{"weight":0.9991,"played":[0.0,0.0,1.0],"evs":[0.0,3.70575,3.87064]},"AJs":{"weight":1.0,"played":[0.0,0.0,1.0],"evs":[0.0,4.46514,4.81369]},"AQs":{"weight":1.0,"played":[0.0,0.0,1.0],"evs":[0.0,5.44013,5.92569]},"AKs":{"weight":1.0,"played":[0.0,0.0,1.0],"evs":[0.0,6.89194,7.48161]},"AA":{"weight":1.0,"played":[0.0,1.0,0.0],"evs":[0.0,18.24871,16.06717]}}}