{"player":1,"street":0,"children":2,"sequence":[{"player":0,"type":"R","amount":23000,"street":0},{"player":1,"type":"R","amount":70000,"street":0},{"player":0,"type":"R","amount":300000,"street":0}],"actions":[{"type":"F","amount":0},{"type":"C","amount":230000}],"hands":{"22":{"weight":0.0,"played":[0.0,1.0],"evs":[0.0,5.87886]},"32o":{"weight":0.0,"played":[1.0,0.0],"evs":[0.0,-3.84733]},"42o":{"weight":0.0,"played":[1.0,0.0],"evs":[0.0,-3.45333]},"52o":{"weight":0.0,"played":[1.0,0.0],"evs":[0.0,-3.27736]},"62o":{"weight":0.0,"played":[1.0,0.0],"evs":[0.0,-3.90025]},"72o":{"weight":0.0,"played":[1.0,0.0],"evs":[0.0,-4.62091]},"82o":{"weight":0.0,"played":[1.0,0.0],"evs":[0.0,-4.28706]},"92o":{"weight":0.0,"played":[1.0,0.0],"evs":[0.0,-4.49105]},"T2o":{"weight":0.0,"played":[1.0,0.0],"evs":[0.0,-4.56978]},"J2o":{"weight":0.0057,"played":[1.0,0.0],"evs":[0.0,-4.39802]},"Q2o":{"weight":0.2651,"played":[1.0,0.0],"evs":[0.0,-4.39887]},"K2o":{"weight":0.4225,"played":[1.0,0.0],"evs":[0.0,-3.42846]},"A2o":{"weight":0.3365,"played":[1.0,0.0],"evs":[0.0,-3.41216]},"32s":{"weight":0.0,"played":[1.0,0.0],"evs":[0.0,-1.64736]},"33":{"weight":0.0,"played":[0.0,1.0],"evs":[0.0,8.03745]},"43o":{"weight":0.0466,"played":[1.0,0.0],"evs":[0.0,-2.14333]},"53o":{"weight":0.0,"played":[1.0,0.0],"evs":[0.0,-2.06525]},"63o":{"weight":0.0,"played":[1.0,0.0],"evs":[0.0,-2.62325]},"73o":{"weight":0.0,"played":[1.0,0.0],"evs":[0.0,-3.45184]},"83o":{"weight":0.0,"played":[1.0,0.0],"evs":[0.0,-3.87733]},"93o":{"weight":0.0,"played":[1.0,0.0],"evs":[0.0,-4.01526]},"T3o":{"weight":6.0E-4,"played":[1.0,0.0],"evs":[0.0,-3.96916]},"J3o":{"weight":0.416,"played":[1.0,0.0],"evs":[0.0,-3.87644]},"Q3o":{"weight":0.2726,"played":[1.0,0.0],"evs":[0.0,-3.92182]},"K3o":{"weight":0.1431,"played":[1.0,0.0],"evs":[0.0,-2.78475]},"A3o":{"weight":0.011,"played":[1.0,0.0],"evs":[0.0,-2.71725]},"42s":{"weight":0.0,"played":[1.0,0.0],"evs":[0.0,-1.26549]},"43s":{"weight":0.0,"played":[0.8675,0.1325],"evs":[0.0,-0.09043]},"44":{"weight":0.0,"played":[0.0,1.0],"evs":[0.0,9.33857]},"54o":{"weight":0.0,"played":[1.0,0.0],"evs":[0.0,-0.88785]},"64o":{"weight":0.0,"played":[1.0,0.0],"evs":[0.0,-1.48104]},"74o":{"weight":0.2505,"played":[1.0,0.0],"evs":[0.0,-2.24475]},"84o":{"weight":0.0,"played":[1.0,0.0],"evs":[0.0,-2.6539]},"94o":{"weight":0.0,"played":[1.0,0.0],"evs":[0.0,-3.57576]},"T4o":{"weight":0.0261,"played":[1.0,0.0],"evs":[0.0,-3.36996]},"J4o":{"weight":0.0142,"played":[1.0,0.0],"evs":[0.0,-3.27303]},"Q4o":{"weight":0.2216,"played":[1.0,0.0],"evs":[0.0,-3.19399]},"K4o":{"weight":0.175,"played":[1.0,0.0],"evs":[0.0,-2.23988]},"A4o":{"weight":0.0,"played":[1.0,0.0],"evs":[0.0,-2.00942]},"52s":{"weight":0.0,"played":[0.9999,1.0E-4],"evs":[0.0,-1.1678]},"53s":{"weight":0.0,"played":[0.0086,0.9914],"evs":[0.0,0.02698]},"54s":{"weight":0.1183,"played":[0.0,1.0],"evs":[0.0,1.18726]},"55":{"weight":0.0,"played":[0.0,1.0],"evs":[0.0,9.85396]},"65o":{"weight":0.0,"played":[1.0,0.0],"evs":[0.0,-0.73837]},"75o":{"weight":0.0148,"played":[1.0,0.0],"evs":[0.0,-1.51798]},"85o":{"weight":0.1139,"played":[1.0,0.0],"evs":[0.0,-2.00934]},"95o":{"weight":0.1222,"played":[1.0,0.0],"evs":[0.0,-2.85954]},"T5o":{"weight":0.0,"played":[1.0,0.0],"evs":[0.0,-3.52606]},"J5o":{"weight":0.3387,"played":[1.0,0.0],"evs":[0.0,-3.22783]},"Q5o":{"weight":0.1364,"played":[1.0,0.0],"evs":[0.0,-3.14208]},"K5o":{"weight":0.104,"played":[1.0,0.0],"evs":[0.0,-2.22885]},"A5o":{"weight":0.0254,"played":[1.0,0.0],"evs":[0.0,-1.76885]},"62s":{"weight":0.0,"played":[1.0,0.0],"evs":[0.0,-1.62281]},"63s":{"weight":0.0,"played":[0.9993,7.0E-4],"evs":[0.0,-0.50658]},"64s":{"weight":0.0,"played":[1.0E-4,0.9999],"evs":[0.0,0.6028]},"65s":{"weight":0.3302,"played":[0.0,1.0],"evs":[0.0,1.15859]},"66":{"weight":1.0E-4,"played":[0.0,1.0],"evs":[0.0,10.34261]},"76o":{"weight":0.0,"played":[0.9999,1.0E-4],"evs":[0.0,-0.67572]},"86o":{"weight":0.0822,"played":[1.0,0.0],"evs":[0.0,-1.11232]},"96o":{"weight":0.1904,"played":[1.0,0.0],"evs":[0.0,-1.93065]},"T6o":{"weight":0.3352,"played":[1.0,0.0],"evs":[0.0,-2.53349]},"J6o":{"weight":1.0E-4,"played":[1.0,0.0],"evs":[0.0,-3.06274]},"Q6o":{"weight":0.0028,"played":[1.0,0.0],"evs":[0.0,-2.821]},"K6o":{"weight":1.0E-4,"played":[1.0,0.0],"evs":[0.0,-1.84144]},"A6o":{"weight":0.1444,"played":[1.0,0.0],"evs":[0.0,-2.05465]},"72s":{"weight":0.0,"played":[1.0,0.0],"evs":[0.0,-2.48165]},"73s":{"weight":0.0,"played":[1.0,0.0],"evs":[0.0,-1.26797]},"74s":{"weight":0.0,"played":[0.9932,0.0068],"evs":[0.0,-0.24552]},"75s":{"weight":0.0,"played":[0.0,1.0],"evs":[0.0,0.47464]},"76s":{"weight":0.4378,"played":[0.0,1.0],"evs":[0.0,1.32766]},"77":{"weight":1.0E-4,"played":[0.0,1.0],"evs":[0.0,10.75069]},"87o":{"weight":0.0,"played":[0.9995,5.0E-4],"evs":[0.0,-0.60519]},"97o":{"weight":0.0462,"played":[1.0,0.0],"evs":[0.0,-1.46083]},"T7o":{"weight":0.114,"played":[1.0,0.0],"evs":[0.0,-1.91641]},"J7o":{"weight":0.0956,"played":[1.0,0.0],"evs":[0.0,-2.56864]},"Q7o":{"weight":0.0,"played":[1.0,0.0],"evs":[0.0,-3.06947]},"K7o":{"weight":0.0,"played":[1.0,0.0],"evs":[0.0,-1.90805]},"A7o":{"weight":0.0034,"played":[0.9999,1.0E-4],"evs":[0.0,-1.32524]},"82s":{"weight":0.0,"played":[1.0,0.0],"evs":[0.0,-2.07269]},"83s":{"weight":0.0,"played":[1.0,0.0],"evs":[0.0,-1.71035]},"84s":{"weight":0.0,"played":[0.9994,6.0E-4],"evs":[0.0,-0.50378]},"85s":{"weight":0.0,"played":[0.1375,0.8625],"evs":[0.0,0.11277]},"86s":{"weight":0.0077,"played":[0.0,1.0],"evs":[0.0,0.89383]},"87s":{"weight":0.8037,"played":[0.0,1.0],"evs":[0.0,1.32525]},"88":{"weight":0.1786,"played":[0.0,1.0],"evs":[0.0,11.19354]},"98o":{"weight":0.0,"played":[0.9996,4.0E-4],"evs":[0.0,-0.74624]},"T8o":{"weight":0.0523,"played":[1.0,0.0],"evs":[0.0,-1.07038]},"J8o":{"weight":0.0012,"played":[1.0,0.0],"evs":[0.0,-1.614]},"Q8o":{"weight":0.0575,"played":[1.0,0.0],"evs":[0.0,-2.15434]},"K8o":{"weight":0.2424,"played":[1.0,0.0],"evs":[0.0,-1.76188]},"A8o":{"weight":0.0,"played":[0.9998,2.0E-4],"evs":[0.0,-0.70578]},"92s":{"weight":0.0,"played":[1.0,0.0],"evs":[0.0,-2.2261]},"93s":{"weight":0.0,"played":[1.0,0.0],"evs":[0.0,-1.69479]},"94s":{"weight":0.0,"played":[1.0,0.0],"evs":[0.0,-1.35848]},"95s":{"weight":0.0,"played":[0.9997,3.0E-4],"evs":[0.0,-0.92932]},"96s":{"weight":0.0,"played":[0.0112,0.9888],"evs":[0.0,0.15674]},"97s":{"weight":0.001,"played":[0.0,1.0],"evs":[0.0,0.64319]},"98s":{"weight":0.0,"played":[0.0,1.0],"evs":[0.0,1.21996]},"99":{"weight":1.0,"played":[0.0,1.0],"evs":[0.0,11.44707]},"T9o":{"weight":0.0,"played":[0.9994,6.0E-4],"evs":[0.0,-0.57203]},"J9o":{"weight":0.0,"played":[0.9999,1.0E-4],"evs":[0.0,-1.24172]},"Q9o":{"weight":0.1075,"played":[1.0,0.0],"evs":[0.0,-1.83677]},"K9o":{"weight":0.3133,"played":[1.0,0.0],"evs":[0.0,-1.4232]},"A9o":{"weight":0.0,"played":[0.928,0.072],"evs":[0.0,-0.23458]},"T2s":{"weight":0.0,"played":[1.0,0.0],"evs":[0.0,-2.18763]},"T3s":{"weight":0.0,"played":[1.0,0.0],"evs":[0.0,-1.7358]},"T4s":{"weight":0.0,"played":[0.9999,1.0E-4],"evs":[0.0,-1.18698]},"T5s":{"weight":0.0,"played":[0.9999,1.0E-4],"evs":[0.0,-1.22809]},"T6s":{"weight":0.0,"played":[0.9985,0.0015],"evs":[0.0,-0.34621]},"T7s":{"weight":0.0,"played":[0.031,0.969],"evs":[0.0,0.1422]},"T8s":{"weight":0.0,"played":[0.0,1.0],"evs":[0.0,1.05833]},"T9s":{"weight":0.0118,"played":[0.0,1.0],"evs":[0.0,1.42154]},"TT":{"weight":1.0,"played":[0.0,1.0],"evs":[0.0,14.06619]},"JTo":{"weight":0.0,"played":[0.9414,0.0586],"evs":[0.0,-0.20484]},"QTo":{"weight":0.0,"played":[0.9987,0.0013],"evs":[0.0,-0.81155]},"KTo":{"weight":0.1772,"played":[0.996,0.004],"evs":[0.0,-0.35153]},"ATo":{"weight":0.0,"played":[0.0,1.0],"evs":[0.0,1.69221]},"J2s":{"weight":0.0,"played":[0.9999,1.0E-4],"evs":[0.0,-2.24733]},"J3s":{"weight":0.0,"played":[1.0,0.0],"evs":[0.0,-1.59033]},"J4s":{"weight":0.0,"played":[0.9991,9.0E-4],"evs":[0.0,-1.01128]},"J5s":{"weight":0.0,"played":[0.9996,4.0E-4],"evs":[0.0,-0.95027]},"J6s":{"weight":0.0,"played":[0.9985,0.0015],"evs":[0.0,-0.89858]},"J7s":{"weight":0.0,"played":[0.9986,0.0014],"evs":[0.0,-0.37741]},"J8s":{"weight":0.0,"played":[0.0,1.0],"evs":[0.0,0.49591]},"J9s":{"weight":0.0,"played":[0.0,1.0],"evs":[0.0,0.86043]},"JTs":{"weight":0.1352,"played":[0.0,1.0],"evs":[0.0,1.78197]},"JJ":{"weight":1.0,"played":[0.0,1.0],"evs":[0.0,16.43293]},"QJo":{"weight":0.0,"played":[0.0158,0.9842],"evs":[0.0,0.04012]},"KJo":{"weight":0.2138,"played":[0.5595,0.4405],"evs":[0.0,-0.05161]},"AJo":{"weight":0.0019,"played":[0.0,1.0],"evs":[0.0,4.52763]},"Q2s":{"weight":0.0,"played":[1.0,0.0],"evs":[0.0,-2.11287]},"Q3s":{"weight":0.0,"played":[1.0,0.0],"evs":[0.0,-1.61972]},"Q4s":{"weight":0.0,"played":[0.9996,4.0E-4],"evs":[0.0,-0.93291]},"Q5s":{"weight":0.0,"played":[0.9942,0.0058],"evs":[0.0,-0.97509]},"Q6s":{"weight":0.0,"played":[0.9978,0.0022],"evs":[0.0,-0.56222]},"Q7s":{"weight":0.0,"played":[0.9991,9.0E-4],"evs":[0.0,-0.90731]},"Q8s":{"weight":0.0,"played":[0.2215,0.7785],"evs":[0.0,-0.02508]},"Q9s":{"weight":0.0,"played":[0.0,1.0],"evs":[0.0,0.27956]},"QTs":{"weight":1.0E-4,"played":[0.0,1.0],"evs":[0.0,1.2541]},"QJs":{"weight":0.005,"played":[0.0,1.0],"evs":[0.0,2.00647]},"QQ":{"weight":1.0,"played":[0.0,1.0],"evs":[0.0,18.73313]},"KQo":{"weight":0.1743,"played":[0.0354,0.9646],"evs":[0.0,0.03864]},"AQo":{"weight":2.0E-4,"played":[0.0,1.0],"evs":[0.0,8.57926]},"K2s":{"weight":0.0,"played":[1.0,0.0],"evs":[0.0,-1.18694]},"K3s":{"weight":0.0,"played":[0.996,0.004],"evs":[0.0,-0.69943]},"K4s":{"weight":0.0,"played":[0.4162,0.5838],"evs":[0.0,-0.04964]},"K5s":{"weight":0.0,"played":[0.0351,0.9649],"evs":[0.0,0.01379]},"K6s":{"weight":0.0,"played":[0.0,1.0],"evs":[0.0,0.20145]},"K7s":{"weight":0.0,"played":[1.0E-4,0.9999],"evs":[0.0,0.25395]},"K8s":{"weight":0.0,"played":[0.0,1.0],"evs":[0.0,0.19263]},"K9s":{"weight":1.0E-4,"played":[0.0,1.0],"evs":[0.0,0.71147]},"KTs":{"weight":0.0014,"played":[0.0,1.0],"evs":[0.0,1.78422]},"KJs":{"weight":0.2604,"played":[0.0,1.0],"evs":[0.0,2.00182]},"KQs":{"weight":0.5231,"played":[0.0,1.0],"evs":[0.0,2.10113]},"KK":{"weight":1.0,"played":[0.0,1.0],"evs":[0.0,21.72265]},"AKo":{"weight":0.4385,"played":[0.0,1.0],"evs":[0.0,14.68315]},"A2s":{"weight":0.0,"played":[0.9997,3.0E-4],"evs":[0.0,-1.1635]},"A3s":{"weight":0.0,"played":[0.9993,7.0E-4],"evs":[0.0,-0.44972]},"A4s":{"weight":0.0,"played":[5.0E-4,0.9995],"evs":[0.0,0.18164]},"A5s":{"weight":0.0,"played":[0.0011,0.9989],"evs":[0.0,0.35586]},"A6s":{"weight":0.0,"played":[0.0591,0.9409],"evs":[0.0,0.07998]},"A7s":{"weight":0.0,"played":[0.0,1.0],"evs":[0.0,0.7496]},"A8s":{"weight":0.1519,"played":[0.0,1.0],"evs":[0.0,1.373]},"A9s":{"weight":0.5261,"played":[0.0,1.0],"evs":[0.0,1.76339]},"ATs":{"weight":1.0,"played":[0.0,1.0],"evs":[0.0,3.78566]},"AJs":{"weight":1.0,"played":[0.0,1.0],"evs":[0.0,6.24661]},"AQs":{"weight":1.0,"played":[0.0,1.0],"evs":[0.0,9.97656]},"AKs":{"weight":1.0,"played":[0.0,1.0],"evs":[0.0,15.65377]},"AA":{"weight":1.0,"played":[0.0,1.0],"evs":[0.0,30.487]}}}