{"player":0,"street":0,"children":2,"sequence":[{"player":0,"type":"R","amount":23000,"street":0},{"player":1,"type":"R","amount":300000,"street":0}],"actions":[{"type":"F","amount":0},{"type":"C","amount":277000}],"hands":{"22":{"weight":0.3394,"played":[0.0,1.0],"evs":[0.0,0.84713]},"32o":{"weight":0.0,"played":[1.0,0.0],"evs":[0.0,-9.55207]},"42o":{"weight":0.0,"played":[1.0,0.0],"evs":[0.0,-8.93475]},"52o":{"weight":0.0,"played":[1.0,0.0],"evs":[0.0,-8.58554]},"62o":{"weight":0.0,"played":[1.0,0.0],"evs":[0.0,-8.62709]},"72o":{"weight":0.0,"played":[1.0,0.0],"evs":[0.0,-8.49423]},"82o":{"weight":0.0,"played":[1.0,0.0],"evs":[0.0,-7.6898]},"92o":{"weight":0.0,"played":[1.0,0.0],"evs":[0.0,-7.48974]},"T2o":{"weight":0.0,"played":[1.0,0.0],"evs":[0.0,-7.18858]},"J2o":{"weight":0.0,"played":[1.0,0.0],"evs":[0.0,-7.22297]},"Q2o":{"weight":0.0,"played":[1.0,0.0],"evs":[0.0,-6.99612]},"K2o":{"weight":0.0,"played":[1.0,0.0],"evs":[0.0,-5.86964]},"A2o":{"weight":0.0,"played":[1.0,0.0],"evs":[0.0,-3.23344]},"32s":{"weight":0.9893,"played":[1.0,0.0],"evs":[0.0,-7.14883]},"33":{"weight":0.5094,"played":[0.0,1.0],"evs":[0.0,2.80867]},"43o":{"weight":0.2026,"played":[1.0,0.0],"evs":[0.0,-7.81115]},"53o":{"weight":0.2365,"played":[1.0,0.0],"evs":[0.0,-7.46418]},"63o":{"weight":1.0E-4,"played":[1.0,0.0],"evs":[0.0,-7.51229]},"73o":{"weight":0.0,"played":[1.0,0.0],"evs":[0.0,-7.39872]},"83o":{"weight":0.0,"played":[1.0,0.0],"evs":[0.0,-7.43227]},"93o":{"weight":0.0,"played":[1.0,0.0],"evs":[0.0,-7.04235]},"T3o":{"weight":0.0208,"played":[1.0,0.0],"evs":[0.0,-6.79779]},"J3o":{"weight":0.1171,"played":[1.0,0.0],"evs":[0.0,-6.78179]},"Q3o":{"weight":0.0065,"played":[1.0,0.0],"evs":[0.0,-6.58248]},"K3o":{"weight":0.0,"played":[1.0,0.0],"evs":[0.0,-5.40734]},"A3o":{"weight":0.0239,"played":[1.0,0.0],"evs":[0.0,-2.51008]},"42s":{"weight":0.2881,"played":[1.0,0.0],"evs":[0.0,-6.59033]},"43s":{"weight":0.4932,"played":[1.0,0.0],"evs":[0.0,-5.57119]},"44":{"weight":0.3142,"played":[0.0,1.0],"evs":[0.0,4.90372]},"54o":{"weight":0.591,"played":[1.0,0.0],"evs":[0.0,-6.21478]},"64o":{"weight":0.0697,"played":[1.0,0.0],"evs":[0.0,-6.27981]},"74o":{"weight":0.0,"played":[1.0,0.0],"evs":[0.0,-6.16956]},"84o":{"weight":1.0E-4,"played":[1.0,0.0],"evs":[0.0,-6.23352]},"94o":{"weight":2.0E-4,"played":[1.0,0.0],"evs":[0.0,-6.70204]},"T4o":{"weight":0.009,"played":[1.0,0.0],"evs":[0.0,-6.22102]},"J4o":{"weight":0.1779,"played":[1.0,0.0],"evs":[0.0,-6.22465]},"Q4o":{"weight":0.2454,"played":[1.0,0.0],"evs":[0.0,-5.99529]},"K4o":{"weight":0.5787,"played":[1.0,0.0],"evs":[0.0,-4.82571]},"A4o":{"weight":0.2394,"played":[1.0,0.0],"evs":[0.0,-1.82449]},"52s":{"weight":0.2714,"played":[1.0,0.0],"evs":[0.0,-6.24872]},"53s":{"weight":0.1293,"played":[1.0,0.0],"evs":[0.0,-5.15804]},"54s":{"weight":0.0187,"played":[1.0,0.0],"evs":[0.0,-3.97198]},"55":{"weight":0.5797,"played":[0.0,1.0],"evs":[0.0,7.31895]},"65o":{"weight":0.6947,"played":[1.0,0.0],"evs":[0.0,-5.37394]},"75o":{"weight":0.2088,"played":[1.0,0.0],"evs":[0.0,-5.2663]},"85o":{"weight":0.005,"played":[1.0,0.0],"evs":[0.0,-5.31673]},"95o":{"weight":5.0E-4,"played":[1.0,0.0],"evs":[0.0,-5.75008]},"T5o":{"weight":0.3543,"played":[1.0,0.0],"evs":[0.0,-6.17789]},"J5o":{"weight":0.2253,"played":[1.0,0.0],"evs":[0.0,-5.9825]},"Q5o":{"weight":0.5541,"played":[1.0,0.0],"evs":[0.0,-5.45478]},"K5o":{"weight":0.6376,"played":[1.0,0.0],"evs":[0.0,-3.93112]},"A5o":{"weight":0.8056,"played":[1.0,0.0],"evs":[0.0,-0.44654]},"62s":{"weight":0.9999,"played":[1.0,0.0],"evs":[0.0,-6.2671]},"63s":{"weight":0.5198,"played":[1.0,0.0],"evs":[0.0,-5.19486]},"64s":{"weight":0.6217,"played":[1.0,0.0],"evs":[0.0,-4.08746]},"65s":{"weight":0.0075,"played":[1.0,0.0],"evs":[0.0,-3.2257]},"66":{"weight":0.3278,"played":[0.0,1.0],"evs":[0.0,9.84264]},"76o":{"weight":0.3534,"played":[1.0,0.0],"evs":[0.0,-3.70762]},"86o":{"weight":0.4161,"played":[1.0,0.0],"evs":[0.0,-3.76203]},"96o":{"weight":0.4367,"played":[1.0,0.0],"evs":[0.0,-4.23662]},"T6o":{"weight":0.332,"played":[1.0,0.0],"evs":[0.0,-4.60622]},"J6o":{"weight":0.3848,"played":[1.0,0.0],"evs":[0.0,-5.25566]},"Q6o":{"weight":0.5251,"played":[1.0,0.0],"evs":[0.0,-4.39751]},"K6o":{"weight":0.3858,"played":[1.0,0.0],"evs":[0.0,-2.9871]},"A6o":{"weight":0.4165,"played":[0.9313,0.0687],"evs":[0.0,-0.00556]},"72s":{"weight":0.6933,"played":[1.0,0.0],"evs":[0.0,-6.1344]},"73s":{"weight":0.9974,"played":[1.0,0.0],"evs":[0.0,-5.08013]},"74s":{"weight":0.3354,"played":[1.0,0.0],"evs":[0.0,-3.99309]},"75s":{"weight":0.2786,"played":[1.0,0.0],"evs":[0.0,-3.09496]},"76s":{"weight":0.2054,"played":[1.0,0.0],"evs":[0.0,-1.59094]},"77":{"weight":0.3054,"played":[0.0,1.0],"evs":[0.0,11.97144]},"87o":{"weight":0.3867,"played":[1.0,0.0],"evs":[0.0,-2.43774]},"97o":{"weight":0.7336,"played":[1.0,0.0],"evs":[0.0,-2.88888]},"T7o":{"weight":0.7156,"played":[1.0,0.0],"evs":[0.0,-3.241]},"J7o":{"weight":0.6255,"played":[1.0,0.0],"evs":[0.0,-3.88835]},"Q7o":{"weight":0.654,"played":[1.0,0.0],"evs":[0.0,-3.78577]},"K7o":{"weight":0.3098,"played":[1.0,0.0],"evs":[0.0,-2.45541]},"A7o":{"weight":0.252,"played":[0.0,1.0],"evs":[0.0,1.34438]},"82s":{"weight":1.0,"played":[1.0,0.0],"evs":[0.0,-5.37253]},"83s":{"weight":0.9998,"played":[1.0,0.0],"evs":[0.0,-5.1522]},"84s":{"weight":0.7362,"played":[1.0,0.0],"evs":[0.0,-3.98681]},"85s":{"weight":0.5544,"played":[1.0,0.0],"evs":[0.0,-3.17434]},"86s":{"weight":0.0182,"played":[1.0,0.0],"evs":[0.0,-1.67943]},"87s":{"weight":0.2055,"played":[0.9999,1.0E-4],"evs":[0.0,-0.44964]},"88":{"weight":0.4819,"played":[0.0,1.0],"evs":[0.0,13.78366]},"98o":{"weight":0.3342,"played":[1.0,0.0],"evs":[0.0,-1.85437]},"T8o":{"weight":0.336,"played":[1.0,0.0],"evs":[0.0,-2.18545]},"J8o":{"weight":0.4343,"played":[1.0,0.0],"evs":[0.0,-2.80965]},"Q8o":{"weight":0.3536,"played":[1.0,0.0],"evs":[0.0,-2.62785]},"K8o":{"weight":0.3206,"played":[1.0,0.0],"evs":[0.0,-2.1262]},"A8o":{"weight":0.0522,"played":[0.0,1.0],"evs":[0.0,3.10448]},"92s":{"weight":0.9995,"played":[1.0,0.0],"evs":[0.0,-5.16432]},"93s":{"weight":0.9987,"played":[1.0,0.0],"evs":[0.0,-4.77988]},"94s":{"weight":0.9988,"played":[1.0,0.0],"evs":[0.0,-4.39228]},"95s":{"weight":0.0656,"played":[1.0,0.0],"evs":[0.0,-3.57394]},"96s":{"weight":4.0E-4,"played":[1.0,0.0],"evs":[0.0,-2.14881]},"97s":{"weight":3.0E-4,"played":[1.0,0.0],"evs":[0.0,-0.87337]},"98s":{"weight":0.2723,"played":[0.1081,0.8919],"evs":[0.0,0.01396]},"99":{"weight":0.4348,"played":[0.0,1.0],"evs":[0.0,14.66287]},"T9o":{"weight":0.2752,"played":[1.0,0.0],"evs":[0.0,-1.30552]},"J9o":{"weight":0.3885,"played":[1.0,0.0],"evs":[0.0,-1.91091]},"Q9o":{"weight":0.3562,"played":[1.0,0.0],"evs":[0.0,-1.70872]},"K9o":{"weight":0.3627,"played":[1.0,0.0],"evs":[0.0,-1.18192]},"A9o":{"weight":0.1357,"played":[0.0,1.0],"evs":[0.0,4.72745]},"T2s":{"weight":0.1232,"played":[1.0,0.0],"evs":[0.0,-4.92978]},"T3s":{"weight":0.8185,"played":[1.0,0.0],"evs":[0.0,-4.52065]},"T4s":{"weight":0.0415,"played":[1.0,0.0],"evs":[0.0,-4.04863]},"T5s":{"weight":0.1204,"played":[1.0,0.0],"evs":[0.0,-3.98577]},"T6s":{"weight":0.1631,"played":[1.0,0.0],"evs":[0.0,-2.4658]},"T7s":{"weight":0.0031,"played":[1.0,0.0],"evs":[0.0,-1.26677]},"T8s":{"weight":0.6482,"played":[0.9998,2.0E-4],"evs":[0.0,-0.25077]},"T9s":{"weight":0.7072,"played":[0.0,1.0],"evs":[0.0,0.59232]},"TT":{"weight":0.516,"played":[0.0,1.0],"evs":[0.0,15.63202]},"JTo":{"weight":0.3622,"played":[1.0,0.0],"evs":[0.0,-0.73194]},"QTo":{"weight":0.2887,"played":[1.0,0.0],"evs":[0.0,-0.55847]},"KTo":{"weight":0.265,"played":[0.996,0.004],"evs":[0.0,-0.04934]},"ATo":{"weight":7.0E-4,"played":[0.0,1.0],"evs":[0.0,7.11005]},"J2s":{"weight":0.0,"played":[1.0,0.0],"evs":[0.0,-4.887]},"J3s":{"weight":0.0,"played":[1.0,0.0],"evs":[0.0,-4.51805]},"J4s":{"weight":0.0,"played":[1.0,0.0],"evs":[0.0,-4.05146]},"J5s":{"weight":0.5545,"played":[1.0,0.0],"evs":[0.0,-3.80742]},"J6s":{"weight":0.0609,"played":[1.0,0.0],"evs":[0.0,-3.08403]},"J7s":{"weight":0.0428,"played":[1.0,0.0],"evs":[0.0,-1.75896]},"J8s":{"weight":0.6609,"played":[1.0,0.0],"evs":[0.0,-0.82788]},"J9s":{"weight":0.27,"played":[0.0245,0.9755],"evs":[0.0,0.06494]},"JTs":{"weight":0.364,"played":[0.0,1.0],"evs":[0.0,1.14375]},"JJ":{"weight":0.4188,"played":[0.0,1.0],"evs":[0.0,16.13573]},"QJo":{"weight":0.7822,"played":[1.0,0.0],"evs":[0.0,-0.50971]},"KJo":{"weight":0.6056,"played":[0.6685,0.3315],"evs":[0.0,-0.00701]},"AJo":{"weight":0.1871,"played":[0.0,1.0],"evs":[0.0,8.72891]},"Q2s":{"weight":0.0,"played":[1.0,0.0],"evs":[0.0,-4.72332]},"Q3s":{"weight":0.0,"played":[1.0,0.0],"evs":[0.0,-4.32525]},"Q4s":{"weight":0.0,"played":[1.0,0.0],"evs":[0.0,-3.81231]},"Q5s":{"weight":0.479,"played":[1.0,0.0],"evs":[0.0,-3.28229]},"Q6s":{"weight":0.2311,"played":[1.0,0.0],"evs":[0.0,-2.31523]},"Q7s":{"weight":5.0E-4,"played":[1.0,0.0],"evs":[0.0,-1.71384]},"Q8s":{"weight":0.2445,"played":[1.0,0.0],"evs":[0.0,-0.62797]},"Q9s":{"weight":0.009,"played":[0.0236,0.9764],"evs":[0.0,0.18529]},"QTs":{"weight":0.596,"played":[0.0,1.0],"evs":[0.0,1.28142]},"QJs":{"weight":1.0E-4,"played":[0.0,1.0],"evs":[0.0,1.34147]},"QQ":{"weight":0.8499,"played":[0.0,1.0],"evs":[0.0,17.35383]},"KQo":{"weight":0.5813,"played":[0.0,1.0],"evs":[0.0,0.43088]},"AQo":{"weight":0.4742,"played":[0.0,1.0],"evs":[0.0,10.95201]},"K2s":{"weight":0.0,"played":[1.0,0.0],"evs":[0.0,-3.65641]},"K3s":{"weight":0.0,"played":[1.0,0.0],"evs":[0.0,-3.2056]},"K4s":{"weight":0.0,"played":[1.0,0.0],"evs":[0.0,-2.70493]},"K5s":{"weight":0.1441,"played":[1.0,0.0],"evs":[0.0,-1.83301]},"K6s":{"weight":0.1406,"played":[1.0,0.0],"evs":[0.0,-1.03545]},"K7s":{"weight":0.9974,"played":[1.0,0.0],"evs":[0.0,-0.46957]},"K8s":{"weight":0.8054,"played":[0.9996,4.0E-4],"evs":[0.0,-0.11082]},"K9s":{"weight":0.4689,"played":[0.0,1.0],"evs":[0.0,0.682]},"KTs":{"weight":0.814,"played":[0.0,1.0],"evs":[0.0,1.76552]},"KJs":{"weight":7.0E-4,"played":[0.0,1.0],"evs":[0.0,1.78312]},"KQs":{"weight":0.0557,"played":[0.0,1.0],"evs":[0.0,2.20476]},"KK":{"weight":1.0,"played":[0.0,1.0],"evs":[0.0,18.50021]},"AKo":{"weight":0.9325,"played":[0.0,1.0],"evs":[0.0,12.36837]},"A2s":{"weight":0.0055,"played":[1.0,0.0],"evs":[0.0,-1.25936]},"A3s":{"weight":0.9592,"played":[1.0,0.0],"evs":[0.0,-0.58991]},"A4s":{"weight":0.6137,"played":[0.0974,0.9026],"evs":[0.0,0.03175]},"A5s":{"weight":0.0229,"played":[0.0,1.0],"evs":[0.0,1.37597]},"A6s":{"weight":0.8034,"played":[0.0,1.0],"evs":[0.0,1.73423]},"A7s":{"weight":0.088,"played":[0.0,1.0],"evs":[0.0,3.02796]},"A8s":{"weight":0.212,"played":[0.0,1.0],"evs":[0.0,4.64713]},"A9s":{"weight":0.5039,"played":[0.0,1.0],"evs":[0.0,6.19705]},"ATs":{"weight":0.9991,"played":[0.0,1.0],"evs":[0.0,8.40855]},"AJs":{"weight":1.0,"played":[0.0,1.0],"evs":[0.0,9.98599]},"AQs":{"weight":1.0,"played":[0.0,1.0],"evs":[0.0,12.03798]},"AKs":{"weight":1.0,"played":[0.0,1.0],"evs":[0.0,13.36869]},"AA":{"weight":1.0,"played":[0.0,1.0],"evs":[0.0,25.77693]}}}